{
  "meta": {
    "model_version": "v0",
    "k": 8,
    "kmeans_seed": 42,
    "kmeans_max_iters": 100,
    "bigram_smoothing": "add-1 Laplace",
    "n_signs": 136,
    "n_records_used": 428
  },
  "sign_to_cluster": {
    "A301": 6,
    "A303": 1,
    "A304": 2,
    "A305": 0,
    "A306": 7,
    "A307": 3,
    "A308": 0,
    "A309a": 1,
    "A309b": 1,
    "A309c": 1,
    "A310": 5,
    "A312": 7,
    "A314": 6,
    "A317": 7,
    "A318": 3,
    "A319": 0,
    "A320": 7,
    "A321": 2,
    "A322": 7,
    "A323": 1,
    "A324": 7,
    "A325": 5,
    "A326": 1,
    "A327": 7,
    "A328": 3,
    "A329": 2,
    "A331": 2,
    "A333": 7,
    "A335": 3,
    "A339": 5,
    "A340": 7,
    "A342": 5,
    "A345": 2,
    "A346": 3,
    "A349": 5,
    "A350": 4,
    "A352": 7,
    "A353": 4,
    "A354": 4,
    "A355": 7,
    "A356": 3,
    "A357": 3,
    "A358": 7,
    "A359": 3,
    "A360": 3,
    "A361": 4,
    "A362": 2,
    "A363": 2,
    "A364": 7,
    "A411b": 3,
    "A501": 3,
    "A516": 0,
    "A529": 3,
    "A550": 3,
    "A579": 1,
    "A629": 7,
    "A638": 3,
    "A640": 3,
    "A651": 3,
    "A717": 1,
    "A718": 4,
    "AB01": 7,
    "AB02": 2,
    "AB03": 7,
    "AB04": 0,
    "AB05": 5,
    "AB06": 6,
    "AB07": 6,
    "AB08": 7,
    "AB09": 6,
    "AB10": 7,
    "AB100": 7,
    "AB11": 7,
    "AB118": 2,
    "AB123": 2,
    "AB13": 6,
    "AB131a": 0,
    "AB131b": 2,
    "AB16": 7,
    "AB164a": 5,
    "AB17": 2,
    "AB180": 7,
    "AB188": 0,
    "AB20": 1,
    "AB21f": 7,
    "AB22f": 5,
    "AB23": 6,
    "AB24": 2,
    "AB26": 6,
    "AB27": 6,
    "AB28": 7,
    "AB28b": 7,
    "AB29": 6,
    "AB30": 6,
    "AB31": 7,
    "AB34": 5,
    "AB37": 6,
    "AB38": 6,
    "AB39": 7,
    "AB40": 7,
    "AB41": 6,
    "AB43": 3,
    "AB44": 6,
    "AB45": 6,
    "AB46": 7,
    "AB47": 7,
    "AB48": 5,
    "AB49": 2,
    "AB50": 7,
    "AB51": 6,
    "AB53": 6,
    "AB54": 7,
    "AB55": 6,
    "AB56": 6,
    "AB57": 6,
    "AB58": 6,
    "AB59": 6,
    "AB60": 6,
    "AB61": 7,
    "AB65": 6,
    "AB66": 2,
    "AB67": 7,
    "AB69": 6,
    "AB70": 7,
    "AB72": 2,
    "AB73": 6,
    "AB74": 5,
    "AB76": 2,
    "AB77": 7,
    "AB78": 7,
    "AB79": 6,
    "AB80": 6,
    "AB81": 7,
    "AB82": 4,
    "AB85": 7,
    "AB86": 3
  },
  "cluster_position_means": {
    "0": [
      0.1138888888888889,
      0.01523809523809524,
      0.46015873015873016,
      0.4107142857142857
    ],
    "1": [
      0.0,
      0.05555555555555555,
      0.0,
      0.9444444444444444
    ],
    "2": [
      0.016124131039054416,
      0.06691758664967598,
      0.8815576812318231,
      0.03540060107944643
    ],
    "3": [
      0.024691358024691357,
      0.0,
      0.006172839506172839,
      0.9691358024691357
    ],
    "4": [
      0.0,
      0.0,
      1.0,
      0.0
    ],
    "5": [
      0.025974025974025972,
      0.9296044864226682,
      0.03615702479338843,
      0.008264462809917356
    ],
    "6": [
      0.20642008897393183,
      0.3341702297919631,
      0.3728253158850333,
      0.0865843653490716
    ],
    "7": [
      0.6704220337300633,
      0.12152553455294847,
      0.13346363724517843,
      0.07458879447180984
    ]
  },
  "cluster_members": {
    "0": [
      "A305",
      "A308",
      "A319",
      "A516",
      "AB04",
      "AB131a",
      "AB188"
    ],
    "1": [
      "A303",
      "A309a",
      "A309b",
      "A309c",
      "A323",
      "A326",
      "A579",
      "A717",
      "AB20"
    ],
    "2": [
      "A304",
      "A321",
      "A329",
      "A331",
      "A345",
      "A362",
      "A363",
      "AB02",
      "AB118",
      "AB123",
      "AB131b",
      "AB17",
      "AB24",
      "AB49",
      "AB66",
      "AB72",
      "AB76"
    ],
    "3": [
      "A307",
      "A318",
      "A328",
      "A335",
      "A346",
      "A356",
      "A357",
      "A359",
      "A360",
      "A411b",
      "A501",
      "A529",
      "A550",
      "A638",
      "A640",
      "A651",
      "AB43",
      "AB86"
    ],
    "4": [
      "A350",
      "A353",
      "A354",
      "A361",
      "A718",
      "AB82"
    ],
    "5": [
      "A310",
      "A325",
      "A339",
      "A342",
      "A349",
      "AB05",
      "AB164a",
      "AB22f",
      "AB34",
      "AB48",
      "AB74"
    ],
    "6": [
      "A301",
      "A314",
      "AB06",
      "AB07",
      "AB09",
      "AB13",
      "AB23",
      "AB26",
      "AB27",
      "AB29",
      "AB30",
      "AB37",
      "AB38",
      "AB41",
      "AB44",
      "AB45",
      "AB51",
      "AB53",
      "AB55",
      "AB56",
      "AB57",
      "AB58",
      "AB59",
      "AB60",
      "AB65",
      "AB69",
      "AB73",
      "AB79",
      "AB80"
    ],
    "7": [
      "A306",
      "A312",
      "A317",
      "A320",
      "A322",
      "A324",
      "A327",
      "A333",
      "A340",
      "A352",
      "A355",
      "A358",
      "A364",
      "A629",
      "AB01",
      "AB03",
      "AB08",
      "AB10",
      "AB100",
      "AB11",
      "AB16",
      "AB180",
      "AB21f",
      "AB28",
      "AB28b",
      "AB31",
      "AB39",
      "AB40",
      "AB46",
      "AB47",
      "AB50",
      "AB54",
      "AB61",
      "AB67",
      "AB70",
      "AB77",
      "AB78",
      "AB81",
      "AB85"
    ]
  },
  "bigram_counts": [
    [
      5,
      0,
      2,
      1,
      0,
      0,
      35,
      42
    ],
    [
      1,
      2,
      0,
      0,
      0,
      0,
      4,
      10
    ],
    [
      11,
      0,
      5,
      4,
      0,
      0,
      66,
      92
    ],
    [
      1,
      0,
      1,
      0,
      0,
      0,
      6,
      7
    ],
    [
      0,
      0,
      0,
      0,
      0,
      0,
      0,
      2
    ],
    [
      1,
      0,
      4,
      0,
      0,
      2,
      15,
      14
    ],
    [
      51,
      9,
      85,
      8,
      5,
      10,
      661,
      456
    ],
    [
      16,
      7,
      144,
      2,
      1,
      23,
      547,
      279
    ]
  ],
  "bigram_log_probs": [
    [
      -2.740840023925201,
      -4.532599493153256,
      -3.4339872044851463,
      -3.8394523125933104,
      -4.532599493153256,
      -4.532599493153256,
      -0.9490805546971459,
      -0.7713993774596936
    ],
    [
      -2.5257286443082556,
      -2.120263536200091,
      -3.2188758248682006,
      -3.2188758248682006,
      -3.2188758248682006,
      -3.2188758248682006,
      -1.6094379124341003,
      -0.8209805520698302
    ],
    [
      -2.740840023925201,
      -5.225746673713201,
      -3.4339872044851463,
      -3.6163087612791007,
      -5.225746673713201,
      -5.225746673713201,
      -1.021054054322235,
      -0.6931471805599453
    ],
    [
      -2.4423470353692043,
      -3.1354942159291497,
      -2.4423470353692043,
      -3.1354942159291497,
      -3.1354942159291497,
      -3.1354942159291497,
      -1.1895840668738362,
      -1.0560526742493137
    ],
    [
      -2.3025850929940455,
      -2.3025850929940455,
      -2.3025850929940455,
      -2.3025850929940455,
      -2.3025850929940455,
      -2.3025850929940455,
      -2.3025850929940455,
      -1.2039728043259361
    ],
    [
      -3.0910424533583156,
      -3.784189633918261,
      -2.174751721484161,
      -3.784189633918261,
      -3.784189633918261,
      -2.6855773452501515,
      -1.0116009116784799,
      -1.0761394328160512
    ],
    [
      -3.21347666019043,
      -4.8621352857778115,
      -2.7103730825183496,
      -4.967495801435638,
      -5.372960909543803,
      -4.766825105973487,
      -0.6694548228348491,
      -1.0400369878776528
    ],
    [
      -4.1011838658723425,
      -4.8549556682487225,
      -1.9576634675079838,
      -5.835784921260449,
      -6.241250029368613,
      -3.7563433795806125,
      -0.6281219229805426,
      -1.2996076067593085
    ]
  ],
  "phoneme_to_modal_cluster": {
    "a": 6,
    "b": 7,
    "d": 5,
    "e": 6,
    "g": 5,
    "h": 7,
    "i": 6,
    "j": 7,
    "k": 7,
    "l": 6,
    "m": 6,