cth	manuscript	line	n_hattic_words	raw	intact
231	VBoT 68	Vs. II 2′	5	[ [ x-ki-ia-il [ [	
231	VBoT 68	Vs. II 3′	5	[ [ [-k]u-li-ia-il URU[ [	
231	VBoT 68	Vs. II 4′	5	[ [ [ (-)ḫa-aš-pu-na-il URUx[	
231	VBoT 68	Vs. II 5′	4	[UR]Uta-aš-ku-ri-ia-il URU gi-x-[ [	
231	VBoT 68	Vs. II 6′	3	[UR]Uḫi-ip-pu-ri-ia-il URUtág-ga-pu-[ [	
231	VBoT 68	Vs. II 7′	3	URUki-iš-mi-it-ta-il URUḫa-az-zu-mi-[ [	ki-iš-mi-it-ta-il
231	VBoT 68	Vs. II 8′	3	URUku-ru-uš-ta-ma-a-il URUḫar-aš-ta-a-il [	ku-ru-uš-ta-ma-a-il ḫar-aš-ta-a-il
231	VBoT 68	Vs. II 9′	2	URUḫu-[ul]-la-ra-il URUma-ti-il-la-i[l]	
231	VBoT 68	Vs. II 10′	3	URUma-ti-ik-ša-il URUḫal-la-pí-ia-il [	ma-ti-ik-ša-il ḫal-la-pí-ia-il
231	VBoT 68	Vs. II 11′	2	URUti-in-tu-u-ni-ia-il URUza-ra-aš-ša-ni-ia-[il]	ti-in-tu-u-ni-ia-il
231	VBoT 68	Vs. II 12′	3	URUza-ar-kap-du-na-il URUḫa-am-mu-ḫi-ia-il [	za-ar-kap-du-na-il ḫa-am-mu-ḫi-ia-il
231	VBoT 68	Vs. II 13′	2	URUzi-ta-ak-pí-iš-ši-ia-il URUta-al-ga-mu-uš-š[i-ia-il]	zi-ta-ak-pí-iš-ši-ia-il
231	VBoT 68	Vs. II 14′	2	URUga-it-ḫar-za-i-il QA-TI	ga-it-ḫar-za-i-il
231	VBoT 68	Vs. II 17′	2	URUta-ú-ni-ia-il URUtu-u-ḫu-up-pí-ia-il	ta-ú-ni-ia-il tu-u-ḫu-up-pí-ia-il
231	VBoT 68	Vs. II 18′	2	URUa-li-ša-il URUzi-pí-iš-ḫu-na-il	a-li-ša-il zi-pí-iš-ḫu-na-il
231	VBoT 68	Vs. II 19′	2	URUam-mu-na-a-il URUḫa-at-te-na-a-il	am-mu-na-a-il ḫa-at-te-na-a-il
231	VBoT 68	Rs. III 4	2	URUza-al-pu-ú-i-il URUtu-u-ḫu-up-pí-ia-il	za-al-pu-ú-i-il tu-u-ḫu-up-pí-ia-il
231	VBoT 68	Rs. III 5	2	URUzi-iš-za-na-il URUga-aš-ta-mu-il	zi-iš-za-na-il ga-aš-ta-mu-il
231	VBoT 68	Rs. III 6	2	URUa-li-ša-a-il URUša-ku-uk-ki-ti-ia-al	a-li-ša-a-il ša-ku-uk-ki-ti-ia-al
231	VBoT 68	Rs. III 7	2	URUḫa-ag-ga-mi-iš-ši-ia-il URUta-pí-ik-ki-ia-a[l	ḫa-ag-ga-mi-iš-ši-ia-il
231	VBoT 68	Rs. III 8	3	[URUiš-ta-ḫa-ra-al [URUma-la-az-zi-ia-il [[	
231	VBoT 68	Rs. III 9	3	URUka-ra-aš-mi-it-ti-ia-il URUuḫ-ḫi-wa-a-a[l [	ka-ra-aš-mi-it-ti-ia-il
262	IBoT 1.36	Vs. I 65	1	ta-ḫa-ia	ta-ḫa-ia
262	IBoT 1.36	Rs. III 75	1	a-ḫa-a	a-ḫa-a
262	IBoT 1.36	Rs. IV 4	1	a-ḫa-a	a-ḫa-a
263	KBo 50.270	3′	2	[ [LÚwi-i]n-du-uk-[ka₄-ra-am	
263	KBo 50.270	4′	2	[ [LÚzu]-u-lu-we-[e	
263	KBo 50.270	5′	1	[LÚḫa-an]-ti-ip-[šu-wa-a	
263	KBo 50.275+	 {€1} Vs. I 17	1	ta-a-ni-ša-ú-e	ta-a-ni-ša-ú-e
277	KBo 42.13	Vs. 1′	1	(-)a-aš-tar-r[a-	
309	KUB 48.56	1′	2	]-in x[	
309	KUB 48.56	2′	2	[ (-)i-en-zi-in	
309	KUB 48.56	3′	3	[ -in-ni-ia Ù	
309	KUB 48.56	4′	3	[ KI.MIN Ù.x[	
309	KUB 48.56	5′	4	[ -ni-ia Ù NÍ.T[E	
309	KUB 48.56	6′	2	[ x	
309	KUB 48.56	7′	2	]x x	
309	KUB 48.56	8′	1	KI.MIN	
309	KUB 48.56	9′	2	]x-in-ki x	
309	KUB 48.56	10′	1	]x[	
397	KUB 24.14	Rs. IV 1a′	1	[[i-m]a-a-al-le-[en	
397	KUB 24.14	Rs. IV 2a′	3	[[ -ka-pu-ut li-ku(-)[	
397	KUB 24.14	Rs. IV 3a′	2	[[ -uk(-)ki-iš(-)ka-li-ḫu(-)[	
397	KUB 24.14	Rs. IV 4a′	2	[pa-la-a a-ša-aḫ-du [li-i[z-zu-wa-du]	
397	KUB 24.14	Rs. IV 5a′	3	le-e-i-pí-i-nu pa-la-a [	le-e-i-pí-i-nu pa-la-a
397	KUB 24.14	Rs. IV 6a′	1	[wa-zi-zi-in-tu-uk(-)[	
397	KUB 24.14	Rs. IV 7a′	3	[in-ta-a [te-eš-pu-ut [[	
397	KUB 24.14	Rs. IV 8a′	2	[te-eš-taḫ-ḫu-ú-du [[	
397	KUB 24.14	Rs. IV 11a′	3	[i-ma-a-al-le-en [za-ar-du [ú-uk	
397	KUB 24.14	Rs. IV 12a′	2	[wa-ka-a-pu-ud-du [ka-a-na-i-ú	
397	KUB 24.14	Rs. IV 13a′	3	[wa-ta-ḫa-zi [wa-aḫ-tu-u [pa-la-a	
397	KUB 24.14	Rs. IV 14a′	2	[a-ša-aḫ-du [le-e-ez-zi-wa-a-tu	
397	KUB 24.14	Rs. IV 15a′	2	[le-e-i-pí-i-nu [pa-la-a	
397	KUB 24.14	Rs. IV 16a′	1	[le-e-pa-zi-zi-in-tu	
397	KUB 24.14	Rs. IV 17a′	2	[[i]n-ta-a te-eš-wa-ú	te-eš-wa-ú
397	KUB 24.14	Rs. IV 19a′	2	[i-m]a-al-le-en za-a-ar-du	za-a-ar-du
397	KUB 24.14	Rs. IV 20a′	3	[ ]x-wa-šu-nu wa-a-aš-ti pa-la-a	wa-a-aš-ti pa-la-a
397	KUB 24.14	Rs. IV 21a′	2	[ ]-e-i-wa-aš-ḫé-ez-ni ú-uk	ú-uk
397	KUB 24.14	Rs. IV 22a′	2	[i]š-ga-ap-pu-še-e pa-la-a	pa-la-a
397	KUB 24.14	Rs. IV 23a′	2	[a-š]a-aḫ-du li-iz-zu-wa-du	li-iz-zu-wa-du
397	KUB 24.14	Rs. IV 24a′	1	[l]e-e-i-pí-i-nu	
397	KUB 24.14	Rs. IV 25a′	1	[l]e-e-pa-zi-zi-in-tu	
413	KUB 2.2+	 {€1} Vs. II 40	4	wa-aš-ḫa-ap-ma eš-wu-ur aš-ka-aḫ-ḫi-ir šu-ú-wa	wa-aš-ḫa-ap-ma eš-wu-ur aš-ka-aḫ-ḫi-ir šu-ú-wa
413	KUB 2.2+	 {€1} Vs. II 41	3	URUḫa-at-tu-uš ti-it-ta-aḫ-zi-la-at šu-ú-wa	ḫa-at-tu-uš ti-it-ta-aḫ-zi-la-at šu-ú-wa
413	KUB 2.2+	 {€1} Vs. II 42	3	ta-ba-ar-na ka-a-at-ti ta-ni-wa-aš	ta-ba-ar-na ka-a-at-ti ta-ni-wa-aš
413	KUB 2.2+	 {€1} Vs. II 45	4	[an-na [eš-ka-a-ḫé-er-pí [ta-ba-ar-na-[an [	
413	KUB 2.2+	 {€1} Vs. II 46	3	le-e-we-e-el ni-i-pu-pé-e zi-i-i[š	le-e-we-e-el ni-i-pu-pé-e
413	KUB 2.2+	 {€1+2} Vs. II 47	2	[ia-a-e [i-ma-al-ḫi-ip	
413	KUB 2.2+	 {€1+2} Vs. II 51	5	pí-i-ip i-ša-aḫ ta-aš-te-[ [ [(-)k]a-zi-ia	pí-i-ip i-ša-aḫ
413	KUB 2.2+	 {€1+2} Vs. II 52	4	ú-ra-na te-a-ta-an-na p[a-la [p]a-še-ez-zi-it	ú-ra-na te-a-ta-an-na
413	KUB 2.2+	 {€1+2} Vs. II 53	1	ta-aš-te-eḫ(-)ka-az-zi-ia	ta-aš-te-eḫka-az-zi-ia
413	KUB 2.2+	 {€1+2} Vs. II 57	4	zi-i-ia-pa ša-ak-tu-nu-ú-wa wa-〈ša-aḫ〉 ze-e-ḫar	zi-i-ia-pa ša-ak-tu-nu-ú-wa ze-e-ḫar
413	KUB 2.2+	 {€1+2} Vs. II 58	3	wa-ša-aḫ ḫa-mu-ru-ú-wa wa-a-ša-aḫ	wa-ša-aḫ ḫa-mu-ru-ú-wa wa-a-ša-aḫ
413	KUB 2.2+	 {€1+2} Vs. II 59	3	te-wa-aš-ši-ne wa-za-ša-aḫ ta-al-wi-i-it	te-wa-aš-ši-ne wa-za-ša-aḫ ta-al-wi-i-it
413	KUB 2.2+	 {€1+2} Vs. II 60	1	wa-aḫ-zi-i-ḫé-er-ta	wa-aḫ-zi-i-ḫé-er-ta
413	KUB 2.2+	 {€1} Rs. III 3	4	i-ma-al-ḫi-ip-pí zi-i-ḫar i-ma-a[l- [	i-ma-al-ḫi-ip-pí zi-i-ḫar
413	KUB 2.2+	 {€1} Rs. III 4	3	ḫa-a-mu-ru-u-wa i-ma-al-ḫi-ip t[e-	ḫa-a-mu-ru-u-wa i-ma-al-ḫi-ip
413	KUB 2.2+	 {€1+2} Rs. III 5	6	[i-ma-al-ḫi-ip [ta-al-wi-i-it [[ [ -a[r- [	
413	KUB 2.2+	 {€1+2} Rs. III 6	2	ka-at-te 〈te〉-ia-a-[	ka-at-te
413	KUB 2.2+	 {€1+2} Rs. III 10	4	[i]š-tar-ra-zi-il-pí wa-a-[š]a-a[ḫ [ [-a]ḫ-zi-i-ḫé-er-ta	
413	KUB 2.2+	 {€1+2} Rs. III 11	6	i-ma-al-ḫi-ip-pí [ [ -a[r- [ [-i]a-a-ia	i-ma-al-ḫi-ip-pí
413	KUB 2.2+	 {€1+2} Rs. III 14	5	a-an-ta-ḫa-an ka-aš-ti-ip D[ [ [-r]i-u	a-an-ta-ḫa-an ka-aš-ti-ip
413	KUB 2.2+	 {€1+2} Rs. III 15	6	ka-at-ti pa-la a-am-pu le-e-u[z-zi(-) [ [-i]š	ka-at-ti pa-la a-am-pu
413	KUB 2.2+	 {€1+2} Rs. III 16	2	ka-a-ḫa-a-an-wa-šu-it-tu-un [	ka-a-ḫa-a-an-wa-šu-it-tu-un
413	KUB 2.2+	 {€1+2} Rs. III 19	7	a-an-tu-uḫ le-e-zu-uḫ le-eš-te-ra-aḫ ba-la le-[ [ [-š]e-ep	a-an-tu-uḫ le-e-zu-uḫ le-eš-te-ra-aḫ ba-la
413	KUB 2.2+	 {€1} Rs. III 20	3	pa-la an-ne-eš ka-a-ḫa-an-wa-šu-id-du-ú-un	pa-la an-ne-eš ka-a-ḫa-an-wa-šu-id-du-ú-un
413	KUB 2.2+	 {€1} Rs. III 23	5	[ [ [l]e-e(-)ú-it-ta-nu pa-la le-e-ez-zi-pí-i-[na]	pa-la
413	KUB 2.2+	 {€1} Rs. III 24	5	[p]a-la [ [ [-e]š ka-a-ḫa-an-wa-šu-id-du-un	ka-a-ḫa-an-wa-šu-id-du-un
413	KUB 2.2+	 {€1} Rs. III 26	3	pa-la a-an-da-ap-pu pí-i[z-z]i-pa-a[š-ḫa-a]p	pa-la a-an-da-ap-pu
413	KUB 2.2+	 {€1} Rs. III 27	7	pa-la a-aš-ši-ia Dw[a- [ [-u]l ta-ba-ar-na ka-at-te-e	pa-la a-aš-ši-ia ta-ba-ar-na ka-at-te-e
413	KUB 2.2+	 {€1} Rs. III 30	7	pa-l[a] Fta-w[a-n]a-[ [ [-n]a-an ka-taḫ-aḫ pa-la le-e-pí-nu	ka-taḫ-aḫ pa-la le-e-pí-nu
413	KUB 2.2+	 {€1} Rs. III 31	4	pa-la le-e-z[i- [ -úr-tu	pa-la
413	KUB 2.2+	 {€1} Rs. III 34	4	[ [ -ka-a-wa-a-aḫ Dšu-li-in-kat-ti	šu-li-in-kat-ti
413	KUB 2.2+	 {€1} Rs. III 35	6	[ [ [-t]e-e tu-u-ḫu-ul tu-wa-aḫ-ši te-ki-i-ip	tu-u-ḫu-ul tu-wa-aḫ-ši te-ki-i-ip
413	KUB 2.2+	 {€1} Rs. III 36	4	[ [ -e-ka-aš-ši-il iš-ka-a-te-eḫ	iš-ka-a-te-eḫ
413	KUB 2.2+	 {€1} Rs. III 40	3	a-ša-[a]ḫ ta-aš-te-nu-ú-wa pé-e-wi-il	ta-aš-te-nu-ú-wa pé-e-wi-il
413	KUB 2.2+	 {€1} Rs. III 41	2	iš-pé-e-el ta-aš-te-e-ta-nu-u-wa	iš-pé-e-el ta-aš-te-e-ta-nu-u-wa
413	KUB 2.2+	 {€1} Rs. III 45	4	a-an-tu-uḫ Dšu-li-in-kat-ti kat-te-e le-e-wa-e(-)li-a-[n]u	a-an-tu-uḫ šu-li-in-kat-ti kat-te-e
413	KUB 2.2+	 {€1} Rs. III 46	4	pa-la a-an-da-ḫa-ak-ka-tu-uḫ pa-la a-an-da-ḫa(-)[	pa-la a-an-da-ḫa-ak-ka-tu-uḫ pa-la
413	KUB 2.2+	 {€1} Rs. III 47	2	[ka-a-wa-aḫ-pí [[ḫ]a-l[ú]-ḫa-lú-u-tu	
413	KUB 2.2+	 {€1} Rs. III 51	3	ma-al-ḫi-ip-[ḫ]u te-e-ta-aḫ-šu-ú-ul a-ša-aḫ-pí	te-e-ta-aḫ-šu-ú-ul a-ša-aḫ-pí
413	KUB 2.2+	 {€1} Rs. III 52	3	ta-aš-tu-u-ta-šu-u-la Dšu-li-in-kat-ti ka-at-ti	ta-aš-tu-u-ta-šu-u-la šu-li-in-kat-ti ka-at-ti
413	KUB 2.2+	 {€1} Rs. III 53	2	a-ta-ni-wa-aš ú-un-ḫu-pí	a-ta-ni-wa-aš ú-un-ḫu-pí
413	KUB 2.2+	 {€1} Rs. III 57	3	ú-e-ut-ta-a ú-da-nu pí-iz-z[i-i]	ú-e-ut-ta-a ú-da-nu
450	KBo 25.184	Vs. II 20	1	a-ḫa-a	a-ḫa-a
450	KBo 25.184	Vs. II 32	1	a-ḫa-a	a-ḫa-a
450	KBo 25.184	Vs. II 37	1	[a-ḫa-a	
450	KBo 25.184	Vs. II 40	1	a-ḫa-a	a-ḫa-a
450	KBo 25.184	Vs. II 44	1	a-ḫa-a	a-ḫa-a
450	KBo 25.184	Vs. II 48	1	a-ḫa-a	a-ḫa-a
450	KUB 30.16+	{€6} Vs. II 9′	1	a-ḫa-a	a-ḫa-a
450	KUB 30.16+	{€6+7} Vs. II 19′	1	a-ḫa-a	a-ḫa-a
450	KUB 30.16+	{€6} Vs. II 28′	1	a-ḫa-a	a-ḫa-a
450	KUB 30.16+	{€6} Vs. II 31′	1	a-ḫa-a	a-ḫa-a
450	KUB 30.16+	{€6} Rs. III 34	1	a-ḫa-a	a-ḫa-a
450	KUB 30.21+	{€2+} Vs. I 43	1	[a-ḫa-a	
450	KUB 30.21+	{€2} Vs. II 43	1	[a-ḫa-a	
450	KUB 30.21+	{€2+} Rs. III 12	1	[a-ḫa-a	
450	KUB 30.21+	{€2} Rs. III 20	1	a-ḫa-a	a-ḫa-a
450	KUB 30.21+	{€2} Rs. III 28	1	a-ḫa-a	a-ḫa-a
450	KUB 30.21+	{€2} Rs. III 36	1	a-ḫa-a	a-ḫa-a
450	KUB 30.21+	{€2} Rs. III 41	1	a-ḫa-a	a-ḫa-a
450	KUB 30.21+	{€2} Rs. III 46	1	a-ḫa-a	a-ḫa-a
450	KUB 30.21+	{€2+} Rs. III 50	1	a-ḫa-a	a-ḫa-a
450	KUB 30.24+	{€1} Vs. II 10	1	a-ḫa-a	a-ḫa-a
450	KUB 30.24+	{€1} Vs. II 21	1	a-ḫa-a	a-ḫa-a
450	KUB 30.24+	{€1} Vs. II 24	1	a-ḫa-a	a-ḫa-a
450	KUB 30.24+	{€1} Rs. III 22′	1	a-ḫa-a	a-ḫa-a
450	KUB 39.15	Vs. I 6′	1	a-ḫa-a	a-ḫa-a
450	KUB 39.17	Rs. III 9′	1	a-ḫa-a	a-ḫa-a
450	KUB 39.28	Rs.? III 2′	1	[a-ḫa-a	
450	KUB 39.28	Rs.? III 17′	1	[a-ḫa-a	
450	KUB 39.36+	 {€4} Vs. II 8	1	a-ḫ[a-a	
450	KUB 39.36+	 {€2} Vs. II 7′	1	[a-ḫa-a	
450	KUB 39.4+	 {€1+2} Vs. 26	1	a-ḫa-a	a-ḫa-a
450	KUB 39.4+	 {€1+2} Vs. 30	1	[a-ḫ]a-a	
450	KUB 39.4+	 {€1+2} Vs. 35	1	a-ḫa-a	a-ḫa-a
450	KUB 39.4+	 {€1+2} Rs. 2	1	a-ḫa-a	a-ḫa-a
450	KUB 39.4+	 {€1+2} Rs. 5	1	a-ḫa-a	a-ḫa-a
450	KUB 39.5+	 {€1} Vs. 5′	1	a-ḫa-a	a-ḫa-a
450	KUB 39.5+	 {€1} Vs. 9′	1	a-ḫa-a	a-ḫa-a
450	KUB 39.5+	 {€1} Rs. 2	1	a-ḫa-a	a-ḫa-a
450	KUB 39.5+	 {€1} Rs. 7	1	a-ḫa-a	a-ḫa-a
450	KUB 39.5+	 {€1} Rs. 10	1	a-ḫa-a	a-ḫa-a
450	KUB 39.8+	 {€1} Vs. I 45′	1	a-ḫa-a	a-ḫa-a
450	KUB 39.8+	 {€1} Vs. II 42′	1	a-ḫa-a	a-ḫa-a
450	KUB 39.8+	 {€1} Rs. III 6′	1	[a-ḫa-a	
591	KBo 37.4	Rs. 1	2	wa]-a-ri-ul-li wa-a-ri-i-u[l-li	wa-a-ri-ul-li
591	KBo 37.4	Rs. 2	2	[ [li-i]z-zi-ip-ti-wa-i-il	
591	KBo 37.4	Rs. 3	1	eš-ta-pár-t]i-li-iš	eš-ta-pár-ti-li-iš
591	KBo 42.102	Vs.? (II) 6′	1	ta-ku-uz-za	ta-ku-uz-za
591	KBo 45.2	r. Kol. 3′	1	[ta-ku-[uz-za	
591	KUB 1.17	Vs. I 20	4	nu-ú te-e ták-ki-ḫal ta-ba-ar-na	nu-ú te-e ták-ki-ḫal ta-ba-ar-na
591	KUB 1.17	Vs. I 21	2	ša-i-il zi-ip-t[i-p]í-il	ša-i-il
591	KUB 1.17	Vs. I 22	2	tu-u-ḫu-ru-up-te-eš e[š-t]a-pár-ti-li-iš	tu-u-ḫu-ru-up-te-eš
591	KUB 1.17	Vs. I 23	5	šu-un-ti tu-un-ti [ [ pa-la-a	šu-un-ti tu-un-ti pa-la-a
591	KUB 1.17	Vs. I 24	4	wu-ur-u-mu-ú ta-x[ [ -ra	wu-ur-u-mu-ú
591	KUB 1.17	Vs. I 25	4	wu-ru-ú-ši-mu-ú x[ [ x-ra	wu-ru-ú-ši-mu-ú
591	KUB 1.17	Vs. I 26	5	a-na-a-ḫu mi-ša-a [ [ [ša-a-i]-il	a-na-a-ḫu mi-ša-a
591	KUB 1.17	Vs. I 27	3	zi-ip-ti-wa-i[l [ x-ma-a	
591	KUB 1.17	Vs. I 28	2	wu-ú-ru-ši-mu-ú [le-wu-u]-ur	wu-ú-ru-ši-mu-ú
591	KUB 1.17	Vs. I 29	4	ku-un-ku-na-a m[a [ -ma	ku-un-ku-na-a
591	KUB 1.17	Vs. I 30	4	ta-ba-ar-na [ [ -u	ta-ba-ar-na
591	KUB 1.17	Vs. I 31	4	ka-a-na-ḫi-iš [ [ -iš	ka-a-na-ḫi-iš
591	KUB 1.17	Vs. I 32	2	ša-a-i-u ši-e-[ga-a-ra]-an	ša-a-i-u
591	KUB 1.17	Vs. I 33	2	kur-ku-pé-en-na [ši-e-ga-a-ra-a]n	kur-ku-pé-en-na
591	KUB 1.17	Vs. I 34	2	wu-ru-še-mu-ú [ši-e-ga-a-ra-a]m	wu-ru-še-mu-ú
591	KUB 1.17	Vs. I 35	2	nu-ú-pa-še wu-[ú-ru-še-mu-ú	nu-ú-pa-še
591	KUB 1.17	Vs. I 36	2	URUa-ri-in-n[a [	
591	KUB 1.17	Vs. I 37	3	ši-pa-ḫa-ar x[ [	ši-pa-ḫa-ar
591	KUB 1.17	Vs. I 38	2	li-iḫ-zu-x[ [	
591	KUB 1.17	Vs. I 39	3	eš-ta-pár-t[i-li-iš [ [-z]i-iš	
591	KUB 1.17	Vs. I 40	3	ta-pár-ši-x[ [ [URU]a-ri-in-na-a	
591	KUB 1.17	Vs. I 41	3	ša-i-i[l [ [-w]u-nu-un	
591	KUB 1.17	Vs. I 42	5	u-mu-ú [ [ [-n]a-a wu-ru-še-mu-ú	u-mu-ú wu-ru-še-mu-ú
591	KUB 1.17	Vs. I 43	3	ša-i-u [ši-e-ga-ra]-a-an kur-ku-pé-en-na	ša-i-u kur-ku-pé-en-na
591	KUB 1.17	Vs. I 44	2	ši-e-ga-a-[ra-an] Dme-ez-zu-ul-la-an	me-ez-zu-ul-la-an
591	KUB 1.17	Vs. I 45	1	ši-e-g[a-a-ra]-an	
591	KUB 1.17	Vs. I 46	3	nu-wa-a-š[i [Dme-ez-z]u-ul-la kur-ku-pé-en-na	kur-ku-pé-en-na
591	KUB 1.17	Vs. I 47	3	ki-i-š[a(-) [ x-iz-zi	
591	KUB 1.17	Vs. I 48	2	ša-ḫa-r[u(-) x-al-wa-pí-iz-za	
591	KUB 1.17	Vs. I 49	3	ša-ḫa-[ru(-) [ x-wa-aš-ke-e-eš	
591	KUB 1.17	Vs. I 50	4	a-wa-aš [ [ x(-)wa-re-e-eš	a-wa-aš
591	KUB 1.17	Vs. I 51	4	ma-w[a [ - x-ip-ra	
591	KUB 1.17	Vs. I 52	3	pa-[ [ -da	
591	KUB 1.17	Vs. I 62′	2	zi-i[z-zi-in-na [Dḫa-an-wa-šu-ú-it]	
591	KUB 1.17	Vs. I 63′	1	kal-ga-[le-en-na]	
591	KUB 1.17	Vs. I 64′	2	ta-az-[za-aš-ne-e-er [kur-ku-we-en-na]	
591	KUB 1.17	Vs. II 1	1	ta-aš-ši-e-ga-ra-a-am	ta-aš-ši-e-ga-ra-a-am
591	KUB 1.17	Vs. II 2	2	wu-ru-še-mu-ú ta-aš-ši-e-ga-ra-a-am	wu-ru-še-mu-ú ta-aš-ši-e-ga-ra-a-am
591	KUB 1.17	Vs. II 3	2	nu-ú-pa-a-ši wu-ú-ru-še-mu-ú	nu-ú-pa-a-ši wu-ú-ru-še-mu-ú
591	KUB 1.17	Vs. II 4	2	kur-ku-pé-en-na ta-ba-ar-na	kur-ku-pé-en-na ta-ba-ar-na
591	KUB 1.17	Vs. II 5	1	li-iḫ-zi-iḫ-ku-wa-a-aš	li-iḫ-zi-iḫ-ku-wa-a-aš
591	KUB 1.17	Vs. II 19	2	i-ma-ḫu ša-i-il	i-ma-ḫu ša-i-il
591	KUB 1.17	Vs. II 20	2	ka-a-at-ti kur-ku-pé-en-na	ka-a-at-ti kur-ku-pé-en-na
591	KUB 1.17	Vs. II 21	2	wi-du-uš ka-a-pár-wu-u-ur	wi-du-uš ka-a-pár-wu-u-ur
591	KUB 1.17	Vs. II 22	2	wa-aš-ḫa-wu-un li-ig-ga-ra-a-an	wa-aš-ḫa-wu-un li-ig-ga-ra-a-an
591	KUB 1.17	Vs. II 23	2	wu-ru-še-mu-ú kur-ku-wi-en-na	wu-ru-še-mu-ú kur-ku-wi-en-na
591	KUB 1.17	Vs. II 24	2	eš-ta-a-we-er wa-ri-ul-li	eš-ta-a-we-er wa-ri-ul-li
591	KUB 1.17	Vs. II 25	1	zi-ip-ti-wa-〈〈x〉〉-il	
591	KUB 1.17	Vs. II 26	1	eš-ta-pár-ti-li-iš	eš-ta-pár-ti-li-iš
591	KUB 1.17	Vs. II 49	2	mi-i-ša-a ša-a-i-il	mi-i-ša-a ša-a-i-il
591	KUB 1.17	Vs. II 50	1	zi-ip-ti-pa-a-i-il	zi-ip-ti-pa-a-i-il
591	KUB 1.17	Vs. II 51	2	ša-a-i-u li-ig-ga-ra-a-an	ša-a-i-u li-ig-ga-ra-a-an
591	KUB 1.17	Vs. II 52	1	[ku]r-ša-a-we-en-na-a	
591	KUB 1.17	Vs. II 53	2	[li-i]g-ga-ra-a-an ša-a-ru-u	ša-a-ru-u
591	KUB 1.17	Vs. II 54	1	[li-i]g-ga-ra-a-〈〈an〉〉-an	
591	KUB 1.17	Vs. II 55	2	[nu-ú-pa-a-li [ša]-a-ru-u	
591	KUB 1.17	Vs. II 56	3	[ [ ta-ba-ar-na	ta-ba-ar-na
591	KUB 1.17	Vs. II 57	3	[ [ -e-šu-ú	
591	KUB 1.17	Vs. II 58	3	[ [ -ši-el	
591	KUB 1.17	Vs. II 59	3	[ [ -pu	
591	KUB 1.17	Vs. II 60	3	[ [ [te-ḫu-uz-z]i-ia	
591	KUB 1.17	Vs. III 1	2	ša-a-i-u li-ig-ga-[ra-a-an]	ša-a-i-u
591	KUB 1.17	Vs. III 2	2	kur-ku-we-en-na-a li-ig-[ga-ra-a-an]	kur-ku-we-en-na-a
591	KUB 1.17	Vs. III 3	1	zi-ip-pa-la-an-ti	zi-ip-pa-la-an-ti
591	KUB 1.17	Vs. III 4	2	li-ig-ga-ra-a-〈an〉 nu-ú-pa-a-[li	
591	KUB 1.17	Vs. III 5	2	[zi-ip-pa-la-an-ti-ia [[	
591	KUB 1.17	Vs. III 6	2	[kur-ku-we-en-na-a [tu-u-x[	
591	KUB 1.17	Vs. III 7	3	[ša-a-i-il [za-a-pa-ga [[	
591	KUB 1.17	Vs. III 8	2	[zi-ia-aḫ-šu-un [[	
591	KUB 1.17	Vs. III 9	2	[ma-aš-pu [le-wu-[u-ur	
591	KUB 1.17	Vs. III 10	1	[te-ḫu-uz-zi-[ia	
591	KUB 1.17	Vs. III 20	1	[zi-iz-[zi-in-na	
591	KUB 1.17	Vs. III 21	1	[Dḫa-[an-wa-šu-ú-i-it	
591	KUB 1.17	Vs. III 22	1	[kal-[ga-le-en-na	
591	KUB 1.17	Vs. III 23	2	[wa-[ [	
591	KUB 1.17	Vs. III 24	1	[kur-[ku-we-en-na	
591	KUB 1.17	Vs. III 25	3	[[ [ -x-ga-ra-x[	
591	KUB 1.17	Vs. III 26	3	[[ [ x-ap-te	
591	KUB 1.17	Vs. III 27	3	[ [ [š]a-a-i-il	
591	KUB 1.17	Vs. III 50	2	i-ma-a-ḫa ša-a-i-il	i-ma-a-ḫa ša-a-i-il
591	KUB 1.17	Vs. III 51	2	ú-ug-ga wa-ar-wu-u	ú-ug-ga wa-ar-wu-u
591	KUB 1.17	Vs. III 52	2	šu-ug-ga wa-ar-wa-aš-ḫa-ap	šu-ug-ga wa-ar-wa-aš-ḫa-ap
591	KUB 1.17	Vs. III 53	1	zi-ip-ti-pa-i-il	zi-ip-ti-pa-i-il
591	KUB 1.17	Vs. III 54	2	ka-at-ti kur-ku-we-en-na	ka-at-ti kur-ku-we-en-na
591	KUB 1.17	Vs. III 55	2	pí-i-du-uš ka-a-pár-wu-u-un	pí-i-du-uš ka-a-pár-wu-u-un
591	KUB 1.17	Vs. III 56	1	wa-aš-ḫa-wu-ú-un	wa-aš-ḫa-wu-ú-un
591	KUB 1.17	Vs. III 57	1	li-ig-ga-ra-a-an	li-ig-ga-ra-a-an
591	KUB 1.17	Vs. III 58	2	wa-ru-ú-še-mu kur-ku-pé-en-n[a	wa-ru-ú-še-mu
591	KUB 1.17	Vs. III 59	1	[[eš-t]a-[a-w]e-e-er[	
591	KUB 1.17	Vs. III 60	4	[[ [ [ [	
591	KUB 1.17	Rs. V 54″	1	[[ta]-ba-a[r-na]	
591	KUB 1.17	Rs. V 55″	2	x-ḫa-a-an(-)[ [	
591	KUB 1.17	Rs. V 56″	3	a-aš-ḫu-uz [ [	a-aš-ḫu-uz
591	KUB 1.17	Rs. V 57″	2	le-e-wa(-)ḫ[u(-) [	
591	KUB 1.17	Rs. V 58″	2	le-e-wa(-)ku-ú(-)[ [	
591	KUB 1.17	Rs. V 59″	2	eš-ta-a-pár-ti-l[i-iš [	
591	KUB 1.17	Rs. VI 2	2	[ša-a-i-u [li-ig-ga-ra-a-a[m	
591	KUB 1.17	Rs. VI 3	2	[li-ig-ga-ra-a-am [ḫa-wa-an-t[a-li-i	
591	KUB 1.17	Rs. VI 4	2	[li-ig-ga-ra-a-am [nu-ú-pa-l[i	
591	KUB 1.17	Rs. VI 5	2	[ḫa-wa-an-ta-li-i [kur-ku-we-e[n-na	
591	KUB 1.17	Rs. VI 6	3	[ta-ba-ar-na [wa-a-ra-i-šu [[	
591	KUB 1.17	Rs. VI 7	3	[ḫa-ap-tu-u-ru [še-ep-še-[il [	
591	KUB 1.17	Rs. VI 8	4	ka-ia-aḫ-šu du-up-pu li-wu-u-[ur [	ka-ia-aḫ-šu du-up-pu
591	KUB 1.17	Rs. VI 9	4	te-ḫu-uz-zi-ia wa-ḫa-a iz-zi-[wa- [	te-ḫu-uz-zi-ia wa-ḫa-a
591	KUB 1.17	Rs. VI 10	3	a-ḫa-a kur-ku-we-en-na li-iz-zi-ip-t[i-wa-i-il	a-ḫa-a kur-ku-we-en-na
591	KUB 1.17	Rs. VI 11	2	[ta-ba-ar-na [li-iz-zi-ip-ti-wa-i-i[l]	
591	KUB 1.17	Rs. VI 12	3	nu-ú-pa-li ta-ba-ar-na kur-ku-pé-en-na	nu-ú-pa-li ta-ba-ar-na kur-ku-pé-en-na
591	KUB 1.17	Rs. VI 13	2	pa-ak-kat-te-en-na li-ik-ka-at-ti	pa-ak-kat-te-en-na li-ik-ka-at-ti
591	KUB 1.17	Rs. VI 14	2	i-ia-aḫ-šu-ú le-e-wa-at-ka-at-ti	i-ia-aḫ-šu-ú le-e-wa-at-ka-at-ti
591	KUB 1.17	Rs. VI 15	2	le-e-ep-pí-nu-ú le-e-ep-ak-ku-ú	le-e-ep-pí-nu-ú le-e-ep-ak-ku-ú
591	KUB 1.17	Rs. VI 16	2	le-e-wa-ru-un eš-ta-a-pár-ti-li-iš	le-e-wa-ru-un eš-ta-a-pár-ti-li-iš
591	KUB 1.17	Rs. VI 20	3	wa-a-ḫa-a iz-zi-wa-ḫa-a kur-ku-we-en-na	wa-a-ḫa-a iz-zi-wa-ḫa-a kur-ku-we-en-na
591	KUB 1.17	Rs. VI 21	2	iz-zi-ip-ti-pí-i-il ta-ba-ar-na-aš	iz-zi-ip-ti-pí-i-il ta-ba-ar-na-aš
591	KUB 1.17	Rs. VI 22	2	iz-zi-ip-ti-pí-i-il nu-ú-pa-a-ši	iz-zi-ip-ti-pí-i-il nu-ú-pa-a-ši
591	KUB 1.17	Rs. VI 23	2	ta-ba-ar-na kur-ku-we-en-na	ta-ba-ar-na kur-ku-we-en-na
591	KUB 1.17	Rs. VI 24	2	ka-a-at-taḫ-na-a li-ka-a-at-taḫ	ka-a-at-taḫ-na-a li-ka-a-at-taḫ
591	KUB 1.17	Rs. VI 25	2	i-ia-aḫ-šu-ú še-e-wa-ka-at-taḫ	i-ia-aḫ-šu-ú še-e-wa-ka-at-taḫ
591	KUB 1.17	Rs. VI 26	2	še-ep-pí-nu še-e-wa-ak-ku-ú	še-ep-pí-nu še-e-wa-ak-ku-ú
591	KUB 1.17	Rs. VI 27	2	še-e-wu-ru-ú eš-ta-a-pár-ti-li-iš	še-e-wu-ru-ú eš-ta-a-pár-ti-li-iš
591	KUB 1.17	Rs. VI 32	2	zi-iz-zi-in-na Dḫa-an-wa-šu-ú-i-it	zi-iz-zi-in-na ḫa-an-wa-šu-ú-i-it
591	KUB 1.17	Rs. VI 33	2	kal-ga-le-en-na wi-u-ul	kal-ga-le-en-na wi-u-ul
591	KUB 1.17	Rs. VI 34	2	ta-az-za-aš-ne-e-er kur-ku-we-en-na	ta-az-za-aš-ne-e-er kur-ku-we-en-na
591	KUB 1.17	Rs. VI 35	2	ta-aš-ši-ig-ga-ra-a-am ka-am-ma-ma-a	ta-aš-ši-ig-ga-ra-a-am ka-am-ma-ma-a
591	KUB 1.17	Rs. VI 36	2	ta-aš-ši-ig-ga-ra-a-am nu-ú-pa-a-ši	ta-aš-ši-ig-ga-ra-a-am nu-ú-pa-a-ši
591	KUB 1.17	Rs. VI 37	2	ka-am-ma-ma kur-ku-we-en-na	ka-am-ma-ma kur-ku-we-en-na
591	KUB 1.17	Rs. VI 38	2	ta-ba-ar-na li-iḫ-zi-ku-wa-a-[aš	ta-ba-ar-na
591	KUB 34.127+	{€1} Rs. r. Kol. 3	2	URUKÙ.BABBAR-ša-an te-pa-aš-ḫa-[ap	
592	KUB 41.46	Vs. III 16	1	a-ḫa-a	a-ḫa-a
593	KUB 20.48+	 {€1} Vs. I 6′	1	a-ḫa-a	a-ḫa-a
594	IBoT 1.27+	{€1+2} 6′/Vs. I 15′	1	a-ḫa-a	a-ḫa-a
594	IBoT 1.27+	{€2} Vs. II 2′	1	k[a-a-aš-mi-iš-ša-a	
594	KBo 38.6	Vs. I 5′	1	ka-a-aš-mi-iš-ša	ka-a-aš-mi-iš-ša
594	KBo 45.8	Vs. I 13′	1	a-ḫa-a	a-ḫa-a
594	KBo 45.8	Vs. II 10′	1	ka-a-aš-mi-iš-ša-a	ka-a-aš-mi-iš-ša-a
594	KBo 54.148	3′	1	[ka-a-aš-mi-ša-a]	
594	KUB 10.17	Vs. I 25′	1	a-ḫa-a	a-ḫa-a
594	KUB 10.17	Vs. II 17′	1	ka-a-aš-mi-iš-ša-a	ka-a-aš-mi-iš-ša-a
594	KUB 10.17	Vs. III 3′	1	mi-i[š-ša	
594	KUB 10.18	Vs. II 20	1	ka-a-aš-mi-ša-a	ka-a-aš-mi-ša-a
598	HT 51	Vs. 2′	1	[a-ḫa	
598	KUB 10.28	Vs. II 3	1	a-ḫa-a	a-ḫa-a
598	KUB 10.28	Vs. II 5	1	a-ḫa-a	a-ḫa-a
598	KUB 2.6	Vs. II 4	2	ú-i-el-la ú-i-el-la	ú-i-el-la ú-i-el-la
598	KUB 2.6	Rs. IV 23	1	a-ḫa-a	a-ḫa-a
598	KUB 2.6	Rs. IV 39	1	mi-iš-ša-a	mi-iš-ša-a
605	KBo 52.112+	{€2} Vs. I 13′	1	[a-ḫ]a-a	
605	KBo 8.119	Vs. 4′	1	a-ḫa-a	a-ḫa-a
605	KBo 8.119	Vs. 6′	1	a-ḫa-a	a-ḫa-a
605	KUB 10.3	Vs. I 14	1	a-ḫa-a	a-ḫa-a
605	KUB 10.3	Vs. I 16	1	a-ḫa-a	a-ḫa-a
605	KUB 10.3	Vs. I 30	1	ka-a-aš-mi-ša-a	ka-a-aš-mi-ša-a
605	KUB 10.3	Vs. II 18	1	me-iš-ša-a	me-iš-ša-a
606	KBo 38.5	8′	1	[ḫa]l-za-a-i	
608	KUB 41.40	Rs. V! 21′	1	a-ḫ[a-a	
609	IBoT 3.1	Rs. 67′	1	[da-li-ša	
612	IBoT 3.56	Vs.? 6′	1	ka-aš-mi-iš-ša-a	ka-aš-mi-iš-ša-a
612	KBo 23.77	Vs. II 4	1	mi-iš-š[a	
612	KBo 4.9	Vs. I 20	1	ta-li-i-ša	ta-li-i-ša
612	KBo 4.9	Rs. IV 22	1	mi-iš-ša	mi-iš-ša
612	KBo 4.9	Rs. VI 17	1	me-iš-ša-a	me-iš-ša-a
612	VSNF 12.13+	{€3}Vs. I 4	1	a-ḫa-a	a-ḫa-a
613	KBo 24.89+	 {€3} Vs. I 14′	1	a-ḫa-a	a-ḫa-a
613	KBo 39.91	Vs. II 15′	1	a-ḫa-a	a-ḫa-a
616	IBoT 4.78	Rs. 7′	1	a-ḫa-a	a-ḫa-a
616	KBo 9.140	Rs. III 1	1	a-ḫa-a	a-ḫa-a
625	KUB 25.16	Vs. I 51	1	mi-iš-ša-a	mi-iš-ša-a
626	KBo 34.161	r. Kol. 2′	1	mi-iš-ša	mi-iš-ša
626	KBo 39.62+	 {€2} Rs. V 21′	1	a-ḫa-a	a-ḫa-a
626	KBo 44.128+	{€2} Vs. 19′	1	[a]-ḫa-a	
626	KUB 44.8+	 {€2} Vs. II 4′	1	[a-ḫa-a]	
627	CHDS 6.186	r. Kol. 8′	1	[a-ḫa-a	
627	İzmir 1270+	{€2} Vs. II 3′	2	ta-ni-wu-ul-la wa-ul-la	ta-ni-wu-ul-la wa-ul-la
627	İzmir 1270+	{€2} Vs. II 4′	2	ta-ni-zi-la zi-la	ta-ni-zi-la zi-la
627	İzmir 1270+	{€2} Vs. II 5′	1	ta-ši-ma-az	ta-ši-ma-az
627	İzmir 1270+	{€3} Vs. III 18	3	[ku-tar-ma-a [ku-tar-ma-a [[	
627	KBo 10.23+	{€1} Vs. II 35′	1	[a]-ḫa-a	
627	KBo 10.23+	{€1} Rs. V 5′	1	a-ḫa-a	a-ḫa-a
627	KBo 10.23+	{€1} Rs. VI 4	3	[ [ -zu-wa-ma-an-ni-i-ia	
627	KBo 10.23+	{€1} Rs. VI 5	3	[ [ x-iz-zu-wa-at-tu-u-e-eš	
627	KBo 10.23+	{€1} Rs. VI 6	3	[ [ x-ne-ma	
627	KBo 10.23+	{€1} Rs. VI 7	3	[ [ [-š]a-i-li-u	
627	KBo 10.24	Vs. III 16′	1	[ḫu-u-i-ia	
627	KBo 10.24	Rs. IV 30	1	[ḫa-ni-ik-ku-i-il	
627	KBo 10.25+	{€2} Rs. 3	1	[ták-ki-ḫa	
627	KBo 10.25+	{€2} Rs. 4	1	ta-ú-[	
627	KBo 10.25+	{€2} Rs. 5	1	iš-x[	
627	KBo 10.26	Vs. II 24	1	[mi-[iš-ša	
627	KBo 12.131	r. Kol. 4′	1	[URUḫa-at-t[u-	
627	KBo 12.131	r. Kol. 16′	2	[am-wu-pí-li-i [am-[wu-pí-li-i	
627	KBo 17.18	Vs. II 4	1	ḫu-u-u	ḫu-u-u
627	KBo 17.42+	 {€2} Rs. V 5′	1	[a-ḫa-a	
627	KBo 17.43	Vs. I 11′	1	i-i	i-i
627	KBo 22.195+	{€1} Vs. II 3′	2	[lu-ú-wa-a-i-u [i-mu-ne	
627	KBo 25.12+	{€1} Vs. I 18	1	ta-wu-šu	ta-wu-šu
627	KBo 25.12+	{€2} Vs.? 8′	2	lu-ú-wa-a-i-u i-mu-ne	lu-ú-wa-a-i-u i-mu-ne
627	KBo 25.180+	{€1} Vs.? 5′	2	[li-i-na-ia [l]i-i-na-ia	
627	KBo 25.180+	{€1} Vs.? 6′	3	[wa-pí-iš [kur-ku-wa-na [li-ga-ra-an]	
627	KBo 25.32+	{€1} r. Kol. 2′	3	[[t]a-aš-te-e-mu-ú [ú-li-wa-a-li-na-a [ta-aš-te-mu-ú	
627	KBo 25.32+	{€1} r. Kol. 4′	2	[[la-ma-a [zi-ú-i-ia-al-li-na-a-ia]	
627	KBo 25.32+	{€1} r. Kol. 8′	1	[a-ḫa-a	
627	KBo 25.32+	{€1} r. Kol. 10′	1	a-aḫ-a	a-aḫ-a
627	KBo 25.32+	{€1} r. Kol. 16′	1	[a-ḫa-a	
627	KBo 25.37	Rs. (IV) 13′	1	[[ḫu]-u-u	
627	KBo 25.46	2′	1	i-im-pu-u	i-im-pu-u
627	KBo 25.46	9′	2	[ḫu-u-u [i-im-pu-[u	
627	KBo 25.46	12′	1	a-ḫa-a	a-ḫa-a
627	KBo 25.46	14′	1	a-ḫa-a	a-ḫa-a
627	KBo 25.64	Rs.? 7′	2	]x-i-na wa-a-wi-[	
627	KBo 25.64	Rs.? 10′	1	ú-[li-i-wa-a	
627	KBo 25.64	Rs.? 12′	1	te-ú-i-ia-[ra-te-e-	
627	KBo 25.64	Rs.? 13′	3	[ [ú-l]i-wa-a li-na-[a	
627	KBo 27.42	{€1} Vs. I 14	1	ka-a-aš-mi-iš-ša-a	ka-a-aš-mi-iš-ša-a
627	KBo 27.42	{€1} Rs. V 18	1	a-ḫa-a	a-ḫa-a
627	KBo 30.16	Rs.? 1′	4	[ [ [t]e-e-wu-u te-e-wu(-)x[	
627	KBo 30.16	Rs.? 2′	2	i-ia-a w[u-u-ur-li	i-ia-a
627	KBo 30.16	Rs.? 3′	2	za-a-i-u za-a-i-[u	za-a-i-u
627	KBo 30.16	Rs.? 4′	2	[i-ia-a [wu-u-ur-li(-)x[	
627	KBo 30.16	Rs.? 9′	1	[i-li-li-ia-x-x[	
627	KBo 30.16	Rs.? 11′	2	[i-li-li-u-un-na [x[	
627	KBo 30.16	Rs.? 12′	3	[i-li-li-u [i-li-li-u-un [[	
627	KBo 30.17	lk. Kol. 4′	3	[ [ -pí	
627	KBo 30.17	lk. Kol. 5′	4	[ [ [t]a-ba-ar-na li-i[p-	
627	KBo 30.17	lk. Kol. 7′	3	[[ [ -eš	
627	KBo 30.17	lk. Kol. 8′	3	[ [ -ú-un	
627	KBo 30.17	lk. Kol./r. Kol. 9′	5	[túḫ-k]e-eš te-ti-mu-u-un túḫ-ke-eš túḫ-ke-eš x[	te-ti-mu-u-un túḫ-ke-eš túḫ-ke-eš
627	KBo 30.17	r. Kol. 1′	4	[ [ x x[	
627	KBo 30.17	r. Kol. 2′	2	[wa-du-e-[et [eš-ki-wu-ur-nu-ú]	
627	KBo 30.17	r. Kol. 4′	2	wa-du-e-et eš-ki-w[u-ur-nu]	wa-du-e-et
627	KBo 30.17	r. Kol. 6′	3	wa-du-e-et eš-ki-wu-ur-nu l[i	wa-du-e-et eš-ki-wu-ur-nu
627	KBo 30.17	r. Kol. 13′	2	pa-a-i-na-ša-an pa-i	pa-a-i-na-ša-an pa-i
627	KBo 30.17	r. Kol. 13′	1	[[le-e-lu-wa-a]	
627	KBo 30.17	r. Kol. 14′	1	ma-a-li-lu-wa-a	ma-a-li-lu-wa-a
627	KBo 30.17	r. Kol. 15′	2	am-pu-u-pí-li-i am-[pu-u-pí-li]	am-pu-u-pí-li-i
627	KBo 30.7	Rs. V 7′	1	a-ḫa-a	a-ḫa-a
627	KBo 30.8	lk. Kol. 5′	1	-il	
627	KBo 37.6	3′	2	[ḫ]u-u im-pu-u	im-pu-u
627	KBo 38.12+	{€6+4+7} r. Kol. 3′/3′/Vs. II 12	3	[ [ [l]e-ka-ra-am	
627	KBo 38.12+	{€8+11} 14′/Vs. 14′	2	ú-li-i-wa-a ú-li-in	ú-li-i-wa-a ú-li-in
627	KBo 38.12+	{€11} Vs. 15′	3	te-ú-ia-ra te-e-[ [	te-ú-ia-ra
627	KBo 38.12+	{€8+11} 16′/Vs. 16′	3	[t]a-aš-te-mu-ú ú-li-wa-a-li-na-a ta-aš-te-mu-ú	ú-li-wa-a-li-na-a ta-aš-te-mu-ú
627	KBo 38.12+	{€8+11} 17′/Vs. 17′	2	la-ma-a zi-ú-i-ia-al-li-na-a-ia	la-ma-a zi-ú-i-ia-al-li-na-a-ia
627	KBo 38.12+	{€8+11} 19′/Vs. 19′	1	a-ḫa-a	a-ḫa-a
627	KBo 38.12+	{€8+11} 20′/Vs. 20′	1	a-ḫa-a	a-ḫa-a
627	KBo 38.12+	{€8+5+11} 24′/1′/Vs. 24′	1	a-ḫa-a	a-ḫa-a
627	KBo 38.12+	{€8+5+11} 25′/2′/Vs. 25′	1	a-ḫa-a	a-ḫa-a
627	KBo 38.12+	{€5} 4′	2	i-i[m-pu-u [	
627	KBo 38.12+	{€5} 9′	3	ḫu-u-u i-[im-pu [	ḫu-u-u
627	KBo 38.12+	{€7} Rs. III 3′	1	a-ḫa-a	a-ḫa-a
627	KBo 38.12+	{€9} Rs. IV 1′	4	[ [ [ma]-ia-aš-ka-am ma-ia-aš-ka-am	ma-ia-aš-ka-am
627	KBo 38.12+	{€9} Rs. IV 2′	1	ma-ia-lu-ú-wa-i-u	ma-ia-lu-ú-wa-i-u
627	KBo 38.12+	{€9} Rs. IV 3′	3	[ [ ma-ia-aš-ka-am	ma-ia-aš-ka-am
627	KBo 38.12+	{€9+10} Rs. IV 4′/lk. Kol. 2′	1	a-ḫa-a	a-ḫa-a
627	KBo 38.12+	{€10} lk. Kol. 3′	1	a-ḫa-a	a-ḫa-a
627	KBo 38.12+	{€10} lk. Kol. 6′	1	a-ḫa-a	a-ḫa-a
627	KBo 38.12+	{€10} lk. Kol. 9′	1	ḫu-u-u	ḫu-u-u
627	KBo 38.12+	{€2} Rs.? 5′	2	lu-ú-wa-a-i-u i-[mu-ne]	lu-ú-wa-a-i-u
627	KBo 42.21	Vs. I 1′	5	[ [ x pu-ú-la p[u-ú-la	pu-ú-la
627	KBo 42.21	Vs. I 2′	3	[[ka-an]-ni ze-el-la z[e-el-la	ze-el-la
627	KBo 42.21	Vs. I 3′	3	[[ [ [-i]m-ma-az	
627	KBo 42.9	Rs.? r. Kol. 1′	7	[ [ x x[ [ x-eš[ [	
627	KBo 42.9	Rs.? r. Kol. 2′	6	[ [ [te-t]i-mu-ú-un túḫ-ki-iš [ [	túḫ-ki-iš
627	KBo 42.9	Rs.? r. Kol. 8′	2	pa-i-na-ša-an pa-a-i	pa-i-na-ša-an pa-a-i
627	KBo 42.9	Rs.? r. Kol. 9′	2	ki-i-ma-aš-ši le-e-lu-wa-a	ki-i-ma-aš-ši le-e-lu-wa-a
627	KBo 42.9	Rs.? r. Kol. 10′	2	ma-le-e-lu-wa-a ḫa-ap-pé-eš-šar	ma-le-e-lu-wa-a ḫa-ap-pé-eš-šar
627	KBo 42.9	Rs.? r. Kol. 11′	2	[am-pu-u-p]í-li-i am-pu-u-pí-li-x	
627	KBo 45.18	{€2} 7′	1	a-ḫa-a	a-ḫa-a
627	KBo 56.77+	{€2} Rs. V 29′	1	a-ḫa-a	a-ḫa-a
627	KBo 58.134	Rs.? 7	3	[ [ [li]-i-na	
627	KBo 58.134	Rs.? 8	3	[ [ [kur-ku-w]i-en-na-a-an	
627	KBo 7.35+	{€4} 7′	1	[u-ḫu-u-u	
627	KBo 7.35+	{€3} Vs.? I 2′	1	[i-i	
627	KBo 71.192	rev. V 17′	2	ḫa-maš-ši-un ták-ki-ḫa-ú-un	ḫa-maš-ši-un ták-ki-ḫa-ú-un
627	KBo 71.192	rev. V 18′	1	ta-a-i-ú-un	ta-a-i-ú-un
627	KBo 71.192	rev. V 19′	1	iš-ta-ri-pu-un	iš-ta-ri-pu-un
627	KBo 71.192	rev. V 20′	1	ka-a-i-ši-un	ka-a-i-ši-un
627	KBo 71.192	rev. V 21′	1	du-un-tap-la-du-un	du-un-tap-la-du-un
627	KBo 71.192	rev. V 22′	1	ták-ši-ú	ták-ši-ú
627	KUB 10.1	Rs. V 3′	1	[a-ḫa-a	
627	KUB 10.100+	{€2+1} Vs. II 10/r. Kol. 7′	3	ta-a-ni ul-la pu-ul-la	ta-a-ni ul-la pu-ul-la
627	KUB 10.100+	{€2+1} Vs. II 11/r. Kol. 8′	3	ta-a-ni [ze-e]l-la ze-el-la	ta-a-ni ze-el-la
627	KUB 10.100+	{€2+1} Vs. II 12/r. Kol. 9′	1	ta-ši-i[m-ma-a]z	
627	KUB 10.9	r. Kol. 6′	1	a-ḫa-a	a-ḫa-a
627	KUB 2.10ad	Vs. r. Kol. 11′	1	ḫa-ni-ik-ku-[i-il]	
627	KUB 20.83	Rs. IV 4	1	a-ḫa-a	a-ḫa-a
627	KUB 28.106	4′	2	[i-li-na-ia [li-i-[na-ia	
627	KUB 28.106	5′	2	[wa-a-wi-il [kur-ku-wa-[	
627	KUB 28.106	6′	1	[le-e-ka-ra-a[m	
627	KUB 47.83	Rs. III 4′	6	[ [ x [ [ [t]a-ḫa-am-pí-wu(-)[	
627	KUB 47.83	Rs. III 5′	4	[[ [ [-w]a-wu-uḫ-šu-ú [	
627	KUB 48.22	lk. Kol. 1′	1	a-ḫa-a	a-ḫa-a
627	KUB 48.22	lk. Kol. 4′	2	]x-iš te-ti-mu-ú-un	te-ti-mu-ú-un
627	KUB 48.22	lk. Kol. 5′	1	]x-ni-wa-i-u	
627	KUB 48.22	lk. Kol. 7′	1	]-u	
627	KUB 48.7+	{€1} Rs. III 4	2	ta-a-i-e lu-wa-i-u-ma-aš-ši	ta-a-i-e lu-wa-i-u-ma-aš-ši
627	KUB 48.7+	{€1} Rs. III 6	2	wa-du-e-et iš-ki-wu-ur-nu-ú	wa-du-e-et iš-ki-wu-ur-nu-ú
627	KUB 48.7+	{€1} Rs. III 10	2	[d]u-e-et eš-ki-wu-u-ur-nu	eš-ki-wu-u-ur-nu
627	KUB 48.7+	{€1} Rs. III 15	2	wa-du-e-it eš-ki-wu-u-ur-nu	wa-du-e-it eš-ki-wu-u-ur-nu
627	KUB 48.7+	{€1} Rs. III 16	2	l[i x	
627	KUB 48.7+	{€2} Vs. 7′	3	[[ am-pu-u-pí-li [	am-pu-u-pí-li
627	KUB 48.7+	{€2} Vs. 8′	2	[[ ma-le-e-lu-x[	
627	KUB 48.9	Vs. II 16	2	li-i-na-ia li-i-na-ia	li-i-na-ia li-i-na-ia
627	KUB 48.9	Vs. II 17	3	wa-pí-iš kur-ku-wa-na li-ga-ra-an	wa-pí-iš kur-ku-wa-na li-ga-ra-an
627	KUB 58.25	Rs. V 7	1	mi-iš-ša-a	mi-iš-ša-a
627	KUB 59.20	Rs. III 15′	1	[a-a[r-ru-u	
630	KBo 23.64+	 {€1} Vs. II 4′	1	mi-iš-ša-a	mi-iš-ša-a
631	KBo 17.75	Vs. I 56	1	a-ḫa-a	a-ḫa-a
633	IBoT 1.29	Rs. 22′	4	a-la-a-i-ia Da-ri-ni-id-du a-la-a-i-[ia [	a-la-a-i-ia a-ri-ni-id-du
633	IBoT 1.29	Rs. 23′	1	Da-ri-ni-id-du	a-ri-ni-id-du
634	KBo 11.52	Vs. I 6′	1	[ka-a-aš-m]i-iš-ša-a	
634	KBo 44.131	Vs. (II) 9′	1	ta-ku-[uš-za	
634	KBo 44.141	Rs. VI 13′	1	ka-aš-mi-iš-ša]-a	ka-aš-mi-iš-ša-a
634	KBo 47.247	Rs. VI? 12′	3	[LUGAL [ú-e-il-la-l]a-i ú-e-il-la-i	ú-e-il-la-i
634	KBo 47.247	Rs. VI? 13′	3	[nu [ú-e-il-la-i [lu]-ú-i-li	
634	KBo 56.142	r. Kol. 3′	1	[mi-iš-ša	
634	KUB 10.99	Vs. I 26′	3	[LUGAL [ú-e-el-la-la-i [ú-e-el-la-[i	
634	KUB 10.99	Vs. I 27	2	[ú-e-el-la-i [lu-ú-i-[li	
634	KUB 20.76+	{€1} Rs. III 2	1	ka-a-aš-mi-ša-a	ka-a-aš-mi-ša-a
634	KUB 20.76+	{€1} Rs. III 22	1	ka-a-aš-mi-eš-ša	ka-a-aš-mi-eš-ša
634	KUB 25.3	Vs. II 13′	1	ka-a-aš-mi-ša-a	ka-a-aš-mi-ša-a
634	KUB 58.46+	 {€1} Rs. III 17′	1	[ta-ku-uš-za	
635	CHDS 2.153	3′	1	a-ḫa-a	a-ḫa-a
635	CHDS 5.1	Vs. II 2′	3	[ši-in-di-i-in [le-e-ma [le-e-[	
635	CHDS 5.1	Vs. II 3′	1	[wa-a-li-na-aḫ-ti-ip-ti-ip-[	
635	CHDS 5.1	Vs. II 4′	3	[ši-in-di-i-in [le-e-ma [le-e-[	
635	CHDS 5.1	Vs. II 5′	3	[x-x-x-ta-al [wa-a-al [ti-ip-ti-ip-pé-[	
635	CHDS 5.1	Vs. II 6′	3	[ši-in-di-i-in [le-e-ma [le-e-ek-ta-a-x[	
635	CHDS 5.1	Vs. II 7′	2	[ti-ip-ti-ip-pé-e [ar-ra-aḫ	
635	CHDS 5.1	Rs. V 1′	4	[[ [ x-ta li-az-ta-az-zi	li-az-ta-az-zi
635	KUB 41.41	Rs. V? 12′	1	a-ḫa-a	a-ḫa-a
635	KUB 58.14+	 {€1} Rs.? V 28′	2	[a-w]a-a-i-ia a-wa-a-i-ia	a-wa-a-i-ia
637	KBo 17.83+	{€1} Vs. II 13′	1	[a-ḫa-a	
638	IBoT 2.76	Vs. I 3′	1	a-ḫa-a	a-ḫa-a
638	IBoT 2.76	Vs. I 6′	1	a-ḫa-a	a-ḫa-a
638	IBoT 2.76	Vs. I 9′	1	[a-ḫa-a	
638	KBo 54.122+	{€5+1} Rs. r. Kol. 13′/Rs. V 22′	1	a-ḫa-a	a-ḫa-a
638	KBo 54.126+	{€1} Vs. I 8′	1	a-ḫa-a	a-ḫa-a
638	KBo 54.126+	{€1} Vs. I 10′	1	[a-ḫa-a	
638	KUB 53.3	Vs. I 6′	1	a-ḫa-a	a-ḫa-a
638	KUB 53.3	Vs. I 10′	1	a-ḫa-a	a-ḫa-a
638	KUB 53.3	Vs. I 15′	1	a-ḫa-a	a-ḫa-a
639	KBo 23.97	Vs. I 20	5	[la-a-i-ia-a [wa-a [ku-un-na-li [wa-a [[	
639	KBo 23.97	Vs. I 21	3	[la-a-i-ia-a [wa-a [ku-un-na-li	
639	KBo 23.97	Rs. 5′	5	[[ [ [t]a-ba-ar-na ka-a-at-te kur-ku-pí-i[n	ka-a-at-te
639	KBo 23.97	Rs. 6′	5	[[ [ [t]i-ti-wa-at-ti we-te-e-el ta-li-iš-d[u-uš	we-te-e-el
639	KBo 23.97	Rs. 7′	3	[[t]i-du-ú-i pu-ul-pu-ul-li du-wa-wu-ru-u[n	pu-ul-pu-ul-li
639	KBo 23.97	Rs. 8′	4	[da-nu-uš-du-uš [ta-ḫé-el-la [ú-un-tu-ú-i [x[	
639	KBo 23.97	Rs. 9′	4	[ú-un-du-uk [ta-ap-wa-wi [ta-ti-wa-at-ti [ḫa-[	
639	KBo 23.97	Rs. 10′	3	[mu-uš-ḫu-il-ta-al [tu-un-tu-up-ti-el-la [pu-u-[	
639	KBo 23.97	Rs. 11′	5	[ka-at-ti [wu-u-ru [ḫu-wa-a-ši-wa [ka-at-te [x[	
639	KBo 23.97	Rs. 12′	4	[ga-am-nu-ú [te-eš-ta [ḫu-ul-la-an [te-eš-wa-aš-ḫu-u-[	
639	KBo 23.97	Rs. 13′	4	[wu-u-ru-ḫu-wa-aš-ši-wa [ka-at-te [u-up-wa-ku-u-ia [[	
639	KBo 23.97	Rs. 15′	1	[a-i-ku-u-[ia	
639	KBo 23.97	Rs. 16′	2	[pa-la [ki-ša-az-zi-el	
639	KBo 23.97	Rs. 17′	2	[a-i-ku-u-ia [a-i-x[	
639	KBo 23.97	Rs. 18′	3	[pa-la [iš-ki-ia-az-zi-il [===	
639	KUB 54.73+	{€2} Rs. 2′	5	[[ [ x tu [	tu
639	KUB 54.73+	{€2} Rs. 3′	4	[[ [ x x[	
639	KUB 54.73+	{€2} Rs. 4′	3	[[ [ x[	
639	KUB 54.73+	{€2} Rs. 5′	2	[[ [	
639	KUB 54.73+	{€2} Rs. 6′	3	[[ [ [t]u-un-t[u-up-ti-el-la	
639	KUB 54.73+	{€2} Rs. 7′	5	[[ [ [k]a-at-t[e [ x-za(-)[	
639	KUB 54.73+	{€2} Rs. 8′	5	[[ [ [wu-u]-ru ḫu-wa-a-ši-wa [	ḫu-wa-a-ši-wa
639	KUB 7.19+	{€1} Vs. I 17′	4	[[la-a-i-ia]-a wa-a ku-un-na-li wa-[a	wa-a ku-un-na-li
639	KUB 7.19+	{€1} Vs. I 18′	3	[[la-a-i-ia]-a wa-a ku-un-na-li	wa-a ku-un-na-li
639	KUB 7.19+	{€1+2} Rs. IV 2′	2	[a-i-[ku-u-i]a a-i-ku-u-i[a	
639	KUB 7.19+	{€1+2} Rs. IV 3′	1	[pa-l[a	
639	KUB 7.19+	{€1+2} Rs. IV 4′	2	[a-i]-ku-u-ia [	
639	KUB 7.19+	{€1+2} Rs. IV 5′	3	[pa-la [[ [	
642	IBoT 2.83	Rs. 5′	1	[a-ḫa-a	
642	KBo 21.54+	{€3+1} 13′/10′	1	a-ḫa-a	a-ḫa-a
647	CHDS 4.120	3′	1	a-ḫa-a	a-ḫa-a
647	KBo 24.91	Vs. I 8′	1	a-ḫa-a	a-ḫa-a
647	KBo 25.36	Rs. III 2′	1	a-ḫa-a	a-ḫa-a
647	KBo 25.43	Vs. I 3	1	[a-ḫa-a	
647	KBo 39.84+	 {€2}Rs.? 12′	1	a-ḫa-a[	
647	KBo 44.133	Rs.? 2′	1	a-ḫa-a	
647	KBo 47.75	Vs. r. Kol. 6′	1	a-ḫa-a	a-ḫa-a
647	KBo 47.75	Rs. 6′	1	a-ḫa-a	a-ḫa-a
647	KUB 28.90	Vs. I 10′	1	[wi-i-en	
647	KUB 53.13+	 {€1} Vs. III 12′!	1	ša-a-ku-wa-an-ta-ši-il	ša-a-ku-wa-an-ta-ši-il
647	KUB 53.13+	 {€1} Vs. III 36′!	1	ša-[a-ku-wa-an]-ta-ši-il	
649	KBo 22.191	Rs. 2′	2	[ [	
649	KBo 22.191	Rs. 3″	3	[ [ x	
649	KBo 22.191	Rs. 4″	3	[ [ [(-)ḫ]u-up-pí-iš	
649	KBo 22.191	Rs. 5″	3	[ [ x	
649	KBo 22.191	Rs. 6″	3	[ [ x	
649	KBo 22.191	Rs. 7″	4	[ [ x x-at-mu	
649	KBo 22.191	Rs. 8″	3	[ [ x	
649	KBo 52.124	Rs.? r. Kol. 8	1	[a-ḫa-a	
650	KBo 43.81	Vs.? 4′	1	ḫu-u-u	ḫu-u-u
650	KBo 44.136	Vs.? 14′	3	[ x-ni-in-na i-x[	
650	KBo 44.136	Vs.? 15′	2	[ (-)ma-az-za-a-u(-)x[	
650	KBo 51.144	7′	1	](-)ma-a-ḫu-ma	ma-a-ḫu-ma
650	KUB 34.93	Vs.? 3′	3	[ i-ia-a-at-ta-a kal-mu-še-e[l	i-ia-a-at-ta-a
652	KUB 7.3	Vs.? I? 18′	2	[w]a-a-du-uḫ-ma zi-iz-ma-aḫ	zi-iz-ma-aḫ
653	KBo 7.48	9′	1	ḫa-ta-waa-a-ia	ḫa-ta-waa-a-ia
653	KUB 10.66+	{€1}Rs. VI 7	2	a-waa-ia a-waa-ia	a-waa-ia a-waa-ia
666	KBo 30.164+	 {€1} Rs. IV 12′	1	ka-a-aš-mi-iš-ša-a	ka-a-aš-mi-iš-ša-a
666	KBo 54.165	Vs. 3′	1	a-ḫ[a-a	
666	KUB 28.101	Vs.(?) II 5′	2	-i]a te-wa-il-la	te-wa-il-la
666	KUB 28.101	Vs.(?) II 6′	2	]x te-ku-un-ku-uḫ-ḫu-a	te-ku-un-ku-uḫ-ḫu-a
666	KUB 28.101	Vs.(?) II 7′	1	-p]é-ku-uk-ka	
666	KUB 28.101	Vs.(?) II 8′	1	]-a	
666	KUB 28.101	Vs.(?) II 9′	1	-z]i-ip-wu-li-ia	
669	ABoT 1.6	Rs.? 20′	1	a-ḫa-a	a-ḫa-a
669	IBoT 1.12	Vs. I 2′	1	a-ḫa-a	a-ḫa-a
669	IBoT 1.12	Rs. VI 5′	1	[a-[ḫa-a	
669	KBo 30.157	Vs. I 6′	2	[URUz]a-tar-zi-ia-il URUa-[li-sa-il	
669	KBo 30.157	Vs. I 7′	2	[URUḫ]a-tu-ḫi-la-il URUtàš-ku-r[i-ia-il	
669	KBo 30.83+	 {€1} Vs. I 4	1	a-ḫa-a	a-ḫa-a
669	KBo 39.101+	 {€2} Vs. I 28′	1	mi-iš-ša	mi-iš-ša
669	KBo 39.101+	 {€2} Vs. I 33′	1	mi-iš-ša	mi-iš-ša
669	KBo 39.101+	 {€2} Vs. II 13′	1	mi-iš-ša	mi-iš-ša
669	KBo 64.121	Vs.? 4′	1	[a-ḫa-a	
669	KUB 11.20	Vs. I 17′	1	a-ḫa-a	a-ḫa-a
669	KUB 11.25+	 {€1} Vs. III 11′	1	a-ḫa-a	a-ḫa-a
669	KUB 11.25+	 {€2} Rs. V 4′	1	a-ḫa-a	a-ḫa-a
670	CHDS 2.16	4′	1	zi-nàr	zi-nàr
670	CHDS 4.130	5′	1	mi-iš-ša-a	mi-iš-ša-a
670	CHDS 5.84	r. Kol. 2′	1	a-ḫa-a	a-ḫa-a
670	KBo 20.28	Vs.? 19′	1	kán-tu-u-waa-a-šu-u	kán-tu-u-waa-a-šu-u
670	KBo 24.103	Vs. III 3	1	ka-a-aš-mi-iš-ša-a	ka-a-aš-mi-iš-ša-a
670	KBo 25.26	2′	1	ma?-nu-un-ku-ḫu-a	ma-nu-un-ku-ḫu-a
670	KBo 25.26	3′	1	[t]e-zi-i-ta-ḫi-il	
670	KBo 30.60	6′	1	mi-iš-ša-a	mi-iš-ša-a
670	KBo 33.40	Vs. 9′	1	a-ḫa-a	a-ḫa-a
670	KBo 40.200	r. Kol. 5′	1	[a-ḫ[a-a	
670	KBo 44.172	5′	1	[ka-a-aš-mi-iš]-ša-a	
670	KBo 45.126	r. Kol. 4′	1	[a-ḫ[a-a	
670	KBo 46.155	Vs. (II) 1	1	ka-a-aš-[mi-i]š-ša-a	
670	KBo 46.185	r. Kol. 6′	1	a-ḫa-a	a-ḫa-a
670	KBo 47.105	Vs. II 7′	1	[a-ḫa-a	
670	KBo 47.89	2′	1	[a-ḫ]a-a	
670	KBo 51.153	r. Kol. 4′	1	[a-ḫa-a	
670	KBo 52.181	lk. Kol. 7	1	[k]a-a-aš-mi-ša	
670	KBo 64.119	Vs. 8′	1	[a-ḫ]a-a	
670	KBo 66.138	r. Kol. 3′	1	[a-ḫa-a	
670	KBo 69.113	Rs. 5′	1	ka]-a-aš-mi-iš-ša-a	ka-a-aš-mi-iš-ša-a
670	KUB 2.10ab	3′	5	[ x i-ta-a-pa-kal x x[	i-ta-a-pa-kal
670	KUB 2.10ab	5′	3	[ [-r]i-iš an-ta-la-[	
670	KUB 56.34	Vs. III? 5	1	ka-a-aš-mi-iš-ša-a	ka-a-aš-mi-iš-ša-a
670	KUB 57.47	Rs. 3′	1	zi-nàr	zi-nàr
671	KUB 36.89	Vs. 10	4	ú-i ú-i pu-ru-ša-el pu-ru-ša-el	ú-i ú-i pu-ru-ša-el pu-ru-ša-el
678	IBoT 4.199+	 {€2} Vs. I 8′	1	ka-a-aš-mi-iš-ša-a	ka-a-aš-mi-iš-ša-a
678	KBo 11.60	Vs. I 12′	1	a-ḫa-a[	
678	KBo 30.74	Vs. II 6′	1	[a-ḫa-a[	
678	KBo 30.74	Rs. 16”	1	a-ḫa-a	a-ḫa-a
678	KBo 56.131	8′	1	[x-a-at-t[i	
678	KBo 56.131	9′	1	[pu-ú-x[	
678	KBo 56.131	10′	1	[wu-[	
678	KUB 20.10	Rs. IV 11′	2	a-wa-an ka-it-ga-ḫi-il-lu-u	a-wa-an ka-it-ga-ḫi-il-lu-u
678	KUB 20.10	Rs. IV 12′	2	Dda-a-ru le-el-li	da-a-ru le-el-li
678	KUB 20.10	Rs. IV 13′	1	li-ip-ḫa-ip-pí-in	li-ip-ḫa-ip-pí-in
678	KUB 28.89+	 {€1} Vs. I 12′	5	[[ [ [-t]i-iš li-ku-ud-da ḫa-i-ši-im-me-x[	li-ku-ud-da
678	KUB 28.89+	 {€1+2} Rs. IV 5′/Rs. IV 18′	1	ka-wa-ti-en	ka-wa-ti-en
678	KUB 28.92	Vs. I 7′	1	[la-al-la-a	
678	KUB 28.99	11′	4	ši-ip-ze-el ka-ra-mu-u ta-ba-a[r-na [	ši-ip-ze-el ka-ra-mu-u
678	KUB 28.99	12′	4	LUGAL-te iz-zi-ti Dšu-li-i[n-kat-ta-i-nu [	iz-zi-ti
679	KUB 53.16	Rs. V 6′	1	[ta-a-r[u	
679	KUB 53.16	Rs. V 7′	1	[le-e-ku-ut	
682	KBo 22.189	 {€1} Rs. V 3′	1	ka-a-aš-mi-iš-ša-a	ka-a-aš-mi-iš-ša-a
694	KBo 20.72+	 {€4+5} Vs. II 13	1	[a]-ḫa-a	
694	KBo 20.72+	 {€1} Vs.? II 17′	1	a-ḫa-a	a-ḫa-a
725	KBo 21.110	Vs. 1′	1	](-)a-a[m-	
725	KBo 21.110	Vs. 2′	4	[[ [ [ [-š]u-it-t[u-	
725	KBo 21.110	Vs. 3′	6	[ [ [-u]ḫ le-e-zu-uḫ l[i- [	le-e-zu-uḫ
725	KBo 21.110	Vs. 4′	3	[l]e-e-še-ep-še-ep pa-l[a [	
725	KBo 21.110	Vs. 5′	1	[-ḫ]a-an-wa-šu-it-tu-ú-un	
725	KBo 21.110	Vs. 6′	5	[ [ [-m]i-iš le-e(-)ú-it-ta-a-nu pa-l[a]	le-eú-it-ta-a-nu
725	KBo 21.110	Vs. 7′	3	[l]e-e-ez-zi-pí-i-na pa-la a-an-n[e]	pa-la
725	KBo 21.110	Vs. 8′	1	[k]a-ḫa-an-wa-šu-id-du-ú-un	
725	KBo 21.110	Vs. 9′	3	[pa-l]a a-an-ta-ap-nu pí-iz-zi-i(-)wa-aš-ḫa-a[p]	a-an-ta-ap-nu
725	KBo 21.110	Vs. 10′	5	[ [ [-l]a a-aš-ši-ia Dwa-šu-ú-ul	a-aš-ši-ia wa-šu-ú-ul
725	KBo 21.110	Vs. 11′	2	[t]a-ba-ar-na-an ka-a-at-te-e	ka-a-at-te-e
725	KBo 21.110	Vs. 12′	3	[pa-l]a MUNUSta-wa-na-an-na-an kat-ta-a[ḫ]	ta-wa-na-an-na-an
725	KBo 21.110	Vs. 13′	5	[pa-l]a le-e-i-pí-nu pa-la le-e-[ [	le-e-i-pí-nu pa-la
725	KBo 21.110	Vs. 14′	4	[[pa-l]a a-ap-ta-ka-a-wa-aḫ Dš[u- [	a-ap-ta-ka-a-wa-aḫ
725	KBo 21.110	Vs. 15′	5	[[ [ [-t]e-e tu-ú-ḫu-ul tu-wa-a-a[ḫ-	tu-ú-ḫu-ul
725	KBo 21.110	Vs. 16′	4	[[ [ [-k]a-aš-ši-i-il iš-ka-a-[	
725	KBo 21.110	Rs. 1	2	[ [ta]-a[š]-te-e-ta-nu-ú-wa	
725	KBo 21.110	Rs. 2	5	[ [ [-i]l iš-pé-e-el ta-aš-t[e-	iš-pé-e-el
725	KBo 21.110	Rs. 3	7	[[ [ [ Dšu-li-in-kat-te k[at- [ [	šu-li-in-kat-te
725	KBo 21.110	Rs. 4	6	[ [ [ [ -e(-)li-a-[n]u pa-l[a]	
725	KBo 21.110	Rs. 5	2	-a]k-ga-tu-uḫ pa-l[a]	
725	KBo 21.110	Rs. 6	2	]-a-wa-aḫ-pí ḫa-lú-ḫa-lú-[	
725	KBo 21.110	Rs. 7	3	[ [-ḫ]u [t]u-ú-ta-šu-u-ul	
725	KBo 21.110	Rs. 8	1	t]a-aš-tu-ú-ta-šu-u-la	ta-aš-tu-ú-ta-šu-u-la
725	KBo 21.110	Rs. 9	4	[ [ [-i]n-kat-te ka-a-at-te	ka-a-at-te
725	KBo 21.110	Rs. 10	2	] ú-un-ḫu-pí	ú-un-ḫu-pí
725	KBo 37.8	lk. Kol. 1′	1	]x	
725	KBo 37.8	lk. Kol. 2′	1	-z]i-ia	
725	KBo 37.8	lk. Kol. 3′	1	-n]a	
725	KBo 37.8	lk. Kol. 4′	1	-z]i-ia	
725	KBo 37.8	lk. Kol. 5′	2	] ze-e-ḫar	ze-e-ḫar
725	KBo 37.8	lk. Kol. 6′	1	-a]ḫ	
725	KBo 37.8	lk. Kol. 8′	1	-t]a	
725	KBo 48.79	1′	2	Dšu]-li-in-kat-te [ka-at-ti	šu-li-in-kat-te
725	KBo 48.79	2′	2	[ [ú-un-ḫu]-pí	
725	KBo 48.79	6′	1	pí]-iz-zi-i	pí-iz-zi-i
725	KBo 51.216+	 {€1} Vs. 4a	3	wa-aš-ḫ[a]-ap-ma eš-wu-ur a-aš-k[a-	eš-wu-ur
725	KBo 51.216+	 {€1} Vs. 5a	3	[šu-ú-wa [URUḫa-at-tu-uš [te-et-t[aḫ-	
725	KBo 51.216+	 {€1} Vs. 6a	3	[áz-zi-la-a-at [šu-ú-wa [ta-ba-a[r-na]	
725	KBo 51.216+	 {€1} Vs. 7a	2	ka-a-at-te a-an-ni-wa-aš	ka-a-at-te a-an-ni-wa-aš
725	KBo 51.216+	 {€1} Vs. 8a	3	an-na eš-ka-a-ḫé-er-pí da-ba-ar-n[a-an]	an-na eš-ka-a-ḫé-er-pí
725	KBo 51.216+	 {€1} Vs. 9a	3	kat-te-e le-e-we-e-el ni-i-pu-pé-e	kat-te-e le-e-we-e-el ni-i-pu-pé-e
725	KBo 51.216+	 {€1} Vs. 10a	4	zi-i-iš pa-la ia-a-ia i-ma-al-ḫi-i[p]	zi-i-iš pa-la ia-a-ia
725	KBo 51.216+	 {€1} Vs. 11a	3	pí-i-ip a-ša-aḫ ta-aš-te-eḫ(-)ka-zi-i[a]	pí-i-ip a-ša-aḫ
725	KBo 51.216+	 {€1} Vs. 12a	3	ú-ra-na te-a-ta-an-na pa-la	ú-ra-na te-a-ta-an-na pa-la
725	KBo 51.216+	 {€1} Vs. 13a	2	pa-še-ez-zi-i-it ta-aš-te-eḫ(-)ka-zi-i[a]	pa-še-ez-zi-i-it
725	KBo 51.216+	 {€1} Vs. 14a	2	[z]i-i-iš-pa ša-ak-tu-nu-ú-wa	ša-ak-tu-nu-ú-wa
725	KBo 51.216+	 {€1} Vs. 15a	3	[wa-š]a-aḫ ze-e-ḫar wa-ša-aḫ	ze-e-ḫar wa-ša-aḫ
725	KBo 51.216+	 {€1} Vs. 16a	3	[ḫa-mu-ru]-ú-wa wa-a-ša-a[ḫ] zu-⌊wa-aš-š⌋[i-	
725	KBo 51.216+	 {€1} Vs. 17a	3	[[ [ x-x[	
725	KBo 57.211	1′	2	]x za-x[	
725	KBo 57.211	2′	3	[ [p]a-la a-an-za-ar-[	
725	KBo 57.211	3′	3	[ [p]a-la a-an-wa-[	
725	KBo 57.211	4′	3	[ [p]a-la a-aš-ša-x[	
725	KBo 57.211	5′	3	[ [pa-l]a a-aš-š[i-	
725	KBo 57.211	6′	3	[ [pa-l]a a-x[	
725	KBo 57.211	7′	3	[ [pa-l]a [	
725	KUB 9.33+	{€2} Ro II 1′	3	an-na eš-ka-a⌋-ḫ[é- [	an-na
725	KUB 9.33+	{€2} Ro II 2′	2	[le-e-wa-e-el [n[i-	
725	KUB 9.33+	{€2} Ro II 3′	2	[ia-a-ia [i-ma-a[l-	
725	KUB 9.33+	{€2} Ro II 7′	2	pí-i-ip i-š[a-	pí-i-ip
725	KUB 9.33+	{€2} Ro II 8′	2	[te-a-ta-a[n- [	
725	Or. 90_1010	Rs. IV 1′	2	[a-an-tu-uḫ [Dšu-li-in-ka]-at-t[i	
725	Or. 90_1010	Rs. IV 2′	3	[[ [ [	
725	Or. 90_1010	Rs. IV 3′	2	[[ka-a-wa-aḫ-pí [ḫa-lu-ḫa]-lu-u-tu	
725	Or. 90_1010	Rs. IV 4′	3	[ma-al-ḫi-ip-ḫu [te-e-ta-aḫ-šu-ú-u]l a-ša-[aḫ-pí]	
725	Or. 90_1010	Rs. IV 5′	2	[ta-aš-tu-u-ta-šu-u-la [Dšu-li-i]n-kat-t[e	
725	Or. 90_1010	Rs. IV 6′	3	[[ [ x[	
725	Or. 90_1067	Vs. I 1′	5	[ [ x x x[	
725	Or. 90_1067	Vs. I 2′	4	[[ [ [ni-i-pu-pé]-e [	
725	Or. 90_1067	Vs. I 3′	4	[[ [ [i-ma]-al-ḫi-ip [	
725	Or. 90_1067	Vs. I 4′	4	[[pí-i-ip [i-ša-aḫ [ta-aš-te-eḫ-k]a-zi-ia [	
725	Or. 90_1067	Vs. I 5′	4	[[ú-ra-na [te-a-ta-an-na [pa-la] pa-še-ez-zi-i[t]	
725	Or. 90_1067	Vs. I 6′	2	[ta-aš-te-eḫ-ka-az-zi]-i-ia [	
725	Or. 90_1690	Vs. I 1′	1	[wa]-a-ša-[aḫ	
725	Or. 90_1690	Vs. I 2′	2	[[wa-š]a-aḫ zu-w[a-aš-ši-ne	
725	Or. 90_1690	Vs. I 3′	1	[[wa-a]ḫ-zi-i-ḫ[é-er-ta	
725	Or. 90_1690	Vs. I 4′	1	[[i-m]a-al-ḫi-ip-[pí	
725	Or. 90_1690	Vs. I 5′	1	[[i-m]a-a-al-[ḫi-ip	
725	Or. 90_1690	Vs. I 6′	3	[[ [ x[	
725	Or. 90_1839+	Vs. I 1′	2	[z]i-i-iš-pa ša-ak-t[u-nu-ú-wa	
725	Or. 90_1839+	Vs. I 2′	3	[w[a]-a-ša-aḫ ḫa-mu-ru-ú-wa [	ḫa-mu-ru-ú-wa
725	Or. 90_1839+	Vs. I 3′	2	[[w]a-a-ša-aḫ ta-al-wi-i-i[t	
725	Or. 90_1839+	Vs. I 4′	2	[[i]-ma-a-al-ḫi-ip-pí ze-e-[ḫar	
725	Or. 90_1839+	Vs. I 5′	2	[[i]-ma-a-al-ḫi-ip zu-ú-wa-š[i-ne	
725	Or. 90_1839+	Vs. I 6′	3	[[t]a-al-wi-it ta-ba-ar-na kat-te-e-i[a-a-ia]	ta-ba-ar-na
725	Or. 90_1839+	Vs. I 7′	3	iš-tar-ra-a-az-zi-il-pí wa-a-ša-aḫ ku-u[ḫ-zi-i-ḫé-er-	iš-tar-ra-a-az-zi-il-pí wa-a-ša-aḫ
725	Or. 90_1839+	Vs. I 8′	3	[i-ma-al-ḫi-i[p-pí [t]a-ba-ar-na-an kat-te-e-[ia-a-ia]	
725	Or. 90_1839+	Vs. I 9′	3	a-an-ta-ḫa-an k[a-aš-t]i-ip Dšu-li-i-in-k[at-	a-an-ta-ḫa-an
725	Or. 90_1839+	Vs. I 10′	4	[ka-a-at-te [pa-l[a [a]-am-pu le-e-uz-zi(-)x(-)[	
725	Or. 90_1839+	Vs. I 11′	2	[ [ka-a-ḫa-an-wa-šu-it-tu-u[n]	
725	Or. 90_1839+	Vs. I 12′	3	a-an-tu-uḫ le-e-zu-uḫ le-eš-te-e-r[a-aḫ]	a-an-tu-uḫ le-e-zu-uḫ
725	Or. 90_1839+	Vs. I 13′	4	[p]a-la le-e-še-ep-še-ep pa-la a-an-n[e-eš]	le-e-še-ep-še-ep pa-la
725	Or. 90_1839+	Vs. I 14′	2	[k]a-a-ḫa-an-wa-šu-it-tu-ú-un a-am-mi-i[š]	
725	Or. 90_1839+	Vs. I 15′	3	[le]-e(-)ú-it-ta-a-nu pa-la le-e-zi-p[í-i-na]	pa-la
725	Or. 90_1839+	Vs. I 16′	3	[pa-l]a a-an-ne-eš ka-a-ḫa-an-wa-šu-it-t[u-ú-un]	a-an-ne-eš
725	Or. 90_1839+	Vs. I 17′	1	pí-iz-z]i-i-wa[-aš-ḫa-ap	
725	Or. 90_1839+	Vs. I 18′	2	[ x[	
725	Or. 90_401	Vs. 3′	2	[wa-a-aš-ḫa-ap-ma [eš-wu-u-[ur	
725	Or. 90_401	Vs. 4′	2	[šu-ú-wa [URUḫa-at-tu-u[š	
725	Or. 90_401	Vs. 5′	2	[šu-ú-wa [ta-ba-ar-n[a	
725	Or. 90_401	Vs. 6′	3	[ka-a-at-te [ [[	
725	Or. 90_401	Vs. 7′	3	[an-na [eš-ka-a-ḫé-er-pí [ta-[ba-ar-na(-)	
725	Or. 90_401	Vs. 8′	2	[le-e-wa-e-el [ni-i-p[u-pé-e	
725	Or. 90_401	Vs. 9′	4	[[z]i-i-iš pa-la ia-a-ia i-[ma-al-ḫi-ip	pa-la ia-a-ia
726	KBo 37.1	Vs. 3a	3	eš-ta-a-an URUla-aḫ-za-an le-e-we-e-el	eš-ta-a-an la-aḫ-za-an le-e-we-e-el
726	KBo 37.1	Vs. 4a	3	a-an-te-eḫ pa-la a-aš-taḫ-ḫi-il-ma	a-an-te-eḫ pa-la a-aš-taḫ-ḫi-il-ma
726	KBo 37.1	Vs. 5a	3	še-mu-na-a-mu-na Dta-a-ru ka-a-at-te	še-mu-na-a-mu-na ta-a-ru ka-a-at-te
726	KBo 37.1	Vs. 6a	3	Dle-e-lu-wa-ni ka-a-at-te eš-ta-a-an-ḫu	le-e-lu-wa-ni ka-a-at-te eš-ta-a-an-ḫu
726	KBo 37.1	Vs. 7a	4	le-e-we-e-el a-an-te-eḫ pa-la a-an-za-ar-aš-ma	le-e-we-e-el a-an-te-eḫ pa-la a-an-za-ar-aš-ma
726	KBo 37.1	Vs. 8a	1	Dka-taḫ-zi-wu-re-e-šu	ka-taḫ-zi-wu-re-e-šu
726	KBo 37.1	Vs. 9a	3	we-e-el-ḫu tu-ú-lu-ma ú-mar-ku-up	we-e-el-ḫu tu-ú-lu-ma ú-mar-ku-up
726	KBo 37.1	Vs. 10a	3	a-aḫ-pa Dka-taḫ-zi-wu-ri ú-uk-šu-pa	a-aḫ-pa ka-taḫ-zi-wu-ri ú-uk-šu-pa
726	KBo 37.1	Vs. 11a	4	ta-a-lu-ma wa-a-mar-ku-up pa-la a-an-za-ar-aš-ma	ta-a-lu-ma wa-a-mar-ku-up pa-la a-an-za-ar-aš-ma
726	KBo 37.1	Vs. 12a	3	u-re-e-eš ḫu-uz-za-aš-ša-a-i-šu a-na-a-mi-ša-a	u-re-e-eš ḫu-uz-za-aš-ša-a-i-šu a-na-a-mi-ša-a
726	KBo 37.1	Vs. 13a	3	ḫa-pal-ki-ia-an kur-ku-u-pa-al ši-ni-i-t[e-en]	ḫa-pal-ki-ia-an kur-ku-u-pa-al
726	KBo 37.1	Vs. 14a	2	iš-ki-na-a-wa-ar mu-wa-ak-ku-u-pa-ak-ku-u	iš-ki-na-a-wa-ar mu-wa-ak-ku-u-pa-ak-ku-u
726	KBo 37.1	Vs. 15a	3	mi-ša-a ḫa-pal-ki-ia-an ka-a-la-pu-pí-še-e-et	mi-ša-a ḫa-pal-ki-ia-an ka-a-la-pu-pí-še-e-et
726	KBo 37.1	Vs. 16a	3	ka-a-mar iš-tar-ra-a-zi-il ḫa-nu-ú-wa-pa	ka-a-mar iš-tar-ra-a-zi-il ḫa-nu-ú-wa-pa
726	KBo 37.1	Vs. 17a	2	Dḫa-ša-am-mi-i-i[l] tu-ú-up-kar-ga-ra-aš	tu-ú-up-kar-ga-ra-aš
726	KBo 37.1	Vs. 18a	3	wa-a-aš-ḫa-p[u]-u[n [ i-wa-a-wa-aš-ke-el	i-wa-a-wa-aš-ke-el
726	KBo 37.1	Vs. 19a	4	te-e-[ [ -le-e za-ri-ú-um-pa	za-ri-ú-um-pa
726	KBo 37.1	Vs. 20a	4	t[e]-p[í]-x [ wu-ú-ru-uš te-e-wa-pu-ú-le-e	te-e-wa-pu-ú-le-e
726	KBo 37.1	Vs. 21a	5	te-e-x[ [ (-)eš-pu-ú wa-a-aš-ḫa-ap a-aš-pu	wa-a-aš-ḫa-ap a-aš-pu
726	KBo 37.1	Vs. 22a	5	pa-la [ [ -ma Dka-taḫ-zi-i-wu-ri	pa-la ka-taḫ-zi-i-wu-ri
726	KBo 37.1	Vs. 23a	4	pa-la [a-am-mi-i]š ḫa-pal-ki-ia-an te-te-ku-uz-za-an	pa-la ḫa-pal-ki-ia-an te-te-ku-uz-za-an
726	KBo 37.1	Vs. 24a	5	pa-la [ [ a-am-pu-ša-an ša-a-ḫi-iš	pa-la a-am-pu-ša-an ša-a-ḫi-iš
726	KBo 37.1	Vs. 25a	4	le-e [ [pár-nu]-u-ul-li a-am-pu-ša-an	le-e a-am-pu-ša-an
726	KBo 37.1	Vs. 26a	5	ki-i-[ [ [l]e-e ku-úr-ta-a-pí a-am-mi-iš	ku-úr-ta-a-pí a-am-mi-iš
726	KBo 37.1	Vs. 27a	2	zi-i-[la-a-at] Dka-taḫ-zi-i-wu-ri	ka-taḫ-zi-i-wu-ri
726	KBo 37.1	Vs. 28a	3	pa-l[a [ x-ni-wa-pa	
726	KBo 37.1	Vs. 29a	4	x[ [ -wa ta-ke-e-ḫa-ú-un	ta-ke-e-ḫa-ú-un
726	KBo 37.1	Vs. 30a	7	[ [ [ [ [-w]a ḫa-ap-ra-aš-šu-un a-am-mi-iš-ma	ḫa-ap-ra-aš-šu-un a-am-mi-iš-ma
726	KBo 37.1	Vs. 31a	4	[ [ -ar nu-uš-ta-a-wa-ar	nu-uš-ta-a-wa-ar
726	KBo 37.1	Vs. 32a	4	[ [ -ma-a-i-ú eš-ta-a-wa-ar	eš-ta-a-wa-ar
726	KBo 37.1	Vs. 33a	5	[ [ -x a-am-mi-iš-ma ú-te-la-a	a-am-mi-iš-ma ú-te-la-a
726	KBo 37.1	Vs. 34a	3	[ [ -nu-uš-ta-a-wa-ar	
726	KBo 37.1	Vs. 35a	4	[ [ Dle-el-wa-ni a-ša-a-ḫu	le-el-wa-ni a-ša-a-ḫu
726	KBo 37.1	Vs. 36a	5	[ [ -ú-pe-eš i-tu-ú-e ú-wa-e-el	i-tu-ú-e ú-wa-e-el
726	KBo 37.1	Vs. 37a	3	-i]l pa-la ḫa-na-a-ú	pa-la ḫa-na-a-ú
726	KBo 37.1	Vs. 38a	3	]x-ḫa-an-ti Dta-a-ru-u-u[n] le-e	le-e
726	KBo 37.1	Vs. 39a	8	[ [ -wa pa-la a-aš-mi-iš za-x-[ [ -a-ú-e	pa-la a-aš-mi-iš
726	KBo 37.1	Vs. 40a	4	[ [ -ar nu-uš-ta-w[a-a-a]r	
726	KBo 37.1	Vs. 41a	5	[ [ -a-aš-wa pu-la-a-aš-ne [e]š-ta-wa-ar	pu-la-a-aš-ne
726	KBo 37.1	Vs. 42a	3	[ [ [nu-uš-t]a-wa-ar	
726	KBo 37.1	Vs. 43a	4	[ [ x-ḫa-an-ti-ma pí-in-t[u-ug-ga]-ra-a-am	
726	KBo 37.1	Vs. 44a	6	[ [ x(-)zi-iš-ḫa te-w[a- [ -ne	
726	KBo 37.1	Vs. 45a	4	[ [ [-a]r nu-uš-t[a-wa-a]r	
726	KBo 37.1	Vs. 46a	6	[ [ -ḫa-an-ti an-ti-x[ [ -x-wa-a-aš-ša	
726	KBo 37.1	Vs. 47a	3	[ [ -a-wa-[a]r	
726	KBo 37.1	Vs. 48a	3	[ [ -a-wa-[a]r	
726	KBo 37.1	Vs. 49a	6	[ [ [-l]u ka-a-la-wa-e [ [	ka-a-la-wa-e
726	KBo 37.1	Vs. 50a	2	[Dta-a-r]u-u-un le-e-mi-lu-u-up	le-e-mi-lu-u-up
726	KBo 37.1	Vs. 51a	5	[ [ -x-te an-ti-i-u i-wa-a-ak-ka-iš	an-ti-i-u i-wa-a-ak-ka-iš
726	KBo 37.1	Vs. 52a	5	[ [ -x-[t]u tu-ú-un-ki Dta-ru-u-u[n	tu-ú-un-ki
726	KBo 37.1	Vs. 53a	4	[[ [ [-u]n tu-ú-un-di	tu-ú-un-di
726	KBo 37.1	Vs. 54a	5	[ [ x tu-un-ki eš-ta-nu-ú-un	tu-un-ki eš-ta-nu-ú-un
726	KBo 37.1	Vs. 55a	3	[ [ -x-el	
726	KBo 37.1	Rs. 1a	4	[[ [ x a-aš-wa-ti-iḫ-ma	a-aš-wa-ti-iḫ-ma
726	KBo 37.1	Rs. 2a	4	[ [ [URUḫa-at-t]u-uš ka-a-at-te-e	ka-a-at-te-e
726	KBo 37.1	Rs. 3a	4	[ [ x le-e-we-e-el	le-e-we-e-el
726	KBo 37.1	Rs. 4a	4	[ [ x-ka-ma-a-aš-we-iš a-an-ḫa-ak-ka-nu	a-an-ḫa-ak-ka-nu
726	KBo 37.1	Rs. 5a	5	[ [ -wa-aš ta-ba-ar-na-an ka-a-at-te	ta-ba-ar-na-an ka-a-at-te
726	KBo 37.1	Rs. 6a	4	[ [ x-ka-ni-i-wa-aš MUNUSta-wa-an-na-an-na	ta-wa-an-na-an-na
726	KBo 37.1	Rs. 7a	4	[ [ -e ka-a-mu-u-ḫa-le-e	ka-a-mu-u-ḫa-le-e
726	KBo 37.1	Rs. 8a	5	[ [ -x-il wa-aš-tu-uš ta-a-ak-ku-u[r]	wa-aš-tu-uš
726	KBo 37.1	Rs. 9a	4	[ [ [ [	
726	KBo 37.1	Rs. 10′a	7	[ [ x-wa iš-ki-na-a-wa-ar l[i- [ -x-zi-i-en	iš-ki-na-a-wa-ar
726	KBo 37.1	Rs. 11′a	5	[ [ [-i]š iš-ki-na-a-wa-ar pa-ak-[ku-pa]-ku-u	iš-ki-na-a-wa-ar
726	KBo 37.1	Rs. 12′a	4	[ [ -iš iš-ki-na-a-wa-ar	iš-ki-na-a-wa-ar
726	KBo 37.1	Rs. 13′a	4	[ [ [kur-k]u-u-pa-al a-[a]š-ḫa-aš-tu-úr	
726	KBo 37.1	Rs. 14′a	4	[ [ [wa-š]a-a-ḫi-in ḫa-le-e-ek-ki-iš	ḫa-le-e-ek-ki-iš
726	KBo 37.1	Rs. 15′a	4	[ [ -a-na-a-an le-e-a-[le-e-ep]	
726	KBo 37.1	Rs. 16′a	4	[ [ [ga-t]a-ak-ku-ú-mu-ú-un e[š-ša]-a-le-e-ep	
726	KBo 37.1	Rs. 17′a	4	[ [ [wa-š]a-a-ḫi-in eš-ša-a-le-e-ep	eš-ša-a-le-e-ep
726	KBo 37.1	Rs. 18′a	5	[ [ [wa-š]a-aḫ te-eš-te-ta-nu le-e-a-le-e-ep	te-eš-te-ta-nu le-e-a-le-e-ep
726	KBo 37.1	Rs. 19′a	4	[ [ [Dk]a-taḫ-zi-wu-re-en še-e-a-le-e-ep	še-e-a-le-e-ep
726	KBo 37.1	Rs. 20′a	7	[ [ -i-n[a] ip-[ [ -ú wa-aš-ḫa-ap	wa-aš-ḫa-ap
726	KBo 37.1	Rs. 21′a	3	[ [ -pu	
726	KBo 37.2	1′	5	]x [ [ x-x x[	
726	KBo 37.2	2′	6	[[ [ e-eš-pu-ú pa-aš-ḫa-ap x[ [	e-eš-pu-ú pa-aš-ḫa-ap
726	KBo 37.2	3′	4	[ [ ma-an-ti-ma Dka-taḫ-z[i-i-wu-ri	ma-an-ti-ma
726	KBo 37.2	4′	4	[[ [ [ḫa-p]al-ki-ia-an te-te-ku-uz-za-a-a[n	
726	KBo 37.2	5′	4	[[ [ [p]ár-nu-ul-li a-am-pu-ša-[an	
726	KBo 37.2	6′	4	[[ [ zi-la-a-at Dka-t[aḫ-zi-i-wu-ri	zi-la-a-at
726	KBo 37.2	7′	3	[ x [	
726	KBo 37.3+	 {€1+2} Vs. 1′	3	mu-uḫ-ḫa-x[ [ x[	
726	KBo 37.3+	 {€1+2} Vs. 2′	5	[ḫa-pal-ki-ia-an [m[a]-x[ [ a-wa-ap-še ti-i[l-	a-wa-ap-še
726	KBo 37.3+	 {€1+2} Vs. 3′	5	[a-wa-ap-še [ta-a-mu-na-a-m[u- [ [t]ap-pa-a-ša-aḫ iš-ki-[	
726	KBo 37.3+	 {€1+2} Vs. 4′	5	[ki-i-ka-ta-a-ku-ši [mi-x[ [ -un-ga-se-e ḫa-pí-it-ḫu-l[i(-)	
726	KBo 37.3+	 {€1+2} Vs. 5′	8	[n[a- [ [-d]u-zi-in ga-aš-za-x x-pa ta-bar-na-an ka-a-at-te [	ta-bar-na-an ka-a-at-te
726	KBo 37.3+	 {€1+2} Vs. 6′	6	[[le]-e-we-el-tu le-e-[a]-ša-aḫ zu-ú-úr le-e ga-a-ta-ku-ši tág-ga-a-am	zu-ú-úr le-e ga-a-ta-ku-ši tág-ga-a-am
726	KBo 37.3+	 {€1+2} Vs. 7′	8	[ [ x x x x LÚ˽D[IŠ]KUR wa-tu-ú-tu-uḫ ḫa-pal-ki-ia-an	wa-tu-ú-tu-uḫ ḫa-pal-ki-ia-an
726	KBo 37.3+	 {€1+2} Vs. 8′	7	[ [ x ti-ir-ma-a-ḫi-in at-kur-ku-u-pal wa-tu-ta-x x x	ti-ir-ma-a-ḫi-in at-kur-ku-u-pal
726	KBo 37.3+	 {€2} Vs. 9′	5	[ [ -e-ep ga-ta-ku-mu-un eš-ša-le-e-e[p	ga-ta-ku-mu-un
726	KBo 37.3+	 {€2} Vs. 10′	7	[[ [ x x i-pí-nu-un ta-aš-ga-ti-in [	i-pí-nu-un ta-aš-ga-ti-in
726	KBo 37.3+	 {€2} Vs. 11′	7	[[ [ x x x[ [ x[	
726	Or. 90_1375	Vs. I? 1′	1	x-x[	
726	Or. 90_1375	Vs. I? 2′	1	[eš-ša-a-[le-e-ep	
726	Or. 90_1375	Vs. I? 3′	1	[eš-š[a-a-le-e-ep	
726	Or. 90_1375	Vs. I? 4′	1	[ḫa-ša-a-[aḫ	
726	Or. 90_1375	Vs. I? 5′	1	[ka-a-t[a-ku-mu-ú-un	
726	Or. 90_1375	Vs. I? 6′	1	[tu-x[	
726	Or. 90_1375	Vs. I? 7′	1	[tu-ú-[	
726	Or. 90_1375	Vs. I? 8′	1	[a-aš-m[a-	
726	Or. 90_1375	Vs. I? 9′	1	[ka-a-[	
726	Or. 90_1375	Vs. I? 10′	1	[a-x[	
726	Or. 90_1375	Vs. I? 11′	1	[na-[	
726	Or. 90_1470+	 {€2} Vs. I 1′	2	eš-ta-a-an U[RUla-aḫ-za-an	eš-ta-a-an
726	Or. 90_1470+	 {€2} Vs. I 2′	2	[pa-la [a-aš-taḫ-ḫi-i[l-ma	
726	Or. 90_1470+	 {€2+1} Vs. I 3′	2	[ka-a-at-ti [Dle-e-[lu-wa-ni	
726	Or. 90_1470+	 {€2+1} Vs. I 4′	2	[eš-ta-a-an-ḫu [le-e-w[e-e-el	
726	Or. 90_1470+	 {€2+1} Vs. I 5′	2	[a-an-za-ar-aš-ma [Dk[a-taḫ-zi-wu-re-e-šu]	
726	Or. 90_1470+	 {€2+1} Vs. I 6′	2	[w]e-e-el-ḫu tu-ú-lu-m[a	
726	Or. 90_1470+	 {€1} Vs. I 7′	3	[[ú]-uk-šu-pa ta-a-lu-ma w[a-a-mar-ku-up	ta-a-lu-ma
726	Or. 90_1470+	 {€1} Vs. I 8′	2	[[u-re]-e-eš ḫu-uz-za-aš-ša-a-[i-šu	
726	Or. 90_1470+	 {€1} Vs. I 9′	2	[[kur-ku-u-pa]-al ši-ni-i(-)[	
726	Or. 90_1470+	 {€1} Vs. I 10′	3	[[ [ x[	
726	Or. 90_325	Rs. IV 1′	2	[li-le]-e-li-ia-ḫu [	
726	Or. 90_325	Rs. IV 2′	2	[[ma-n]e-e wa-a-ta-a-ak-x-x[	
726	Or. 90_325	Rs. IV 3′	4	[[i]š-taḫ-ḫi-i-el le-e zu-ú-wa-ši-i-ni x[	le-e zu-ú-wa-ši-i-ni
726	Or. 90_325	Rs. IV 4′	3	[[w]a-tu-ú-un-wa-at zi-wa-a-ra-ak [	zi-wa-a-ra-ak
726	Or. 90_325	Rs. IV 5′	5	[[iš-t]aḫ-ḫe-el le-e ta-al-wi-i-it ma-ne-e [	le-e ta-al-wi-i-it ma-ne-e
726	Or. 90_325	Rs. IV 6′	1	[[z]i-wa-ra-[ak]	
726	Or. 90_325	Rs. IV 7′	3	[t]aḫ-taḫ-ḫa-a-ia zi-i-ia-na taḫ-t[aḫ-ḫa-a-ia	zi-i-ia-na
726	Or. 90_325	Rs. IV 8′	2	[[k]a-ta-ak-ku-mi taḫ-taḫ-ḫa-a-i[a	
726	Or. 90_325	Rs. IV 9′	2	[[ḫ]a-pal-ki-an ku-[u-ur-ku-u-pal	
726	Or. 90_325	Rs. IV 10′	1	[a-wa-ap-š[e	
726	Or. 90_627	Vs. I 1′	1	]x-a[n(-)	
726	Or. 90_627	Vs. I 2′	2	[ -wa-[	
726	Or. 90_627	Vs. I 3′	2	[ [-l]e-e	
726	Or. 90_627	Vs. I 4′	1	]x-an	
726	Or. 90_627	Vs. I 5′	2	-ze]-e-en a-aš-mi-iš	a-aš-mi-iš
726	Or. 90_627	Vs. I 6′	1	a-aš]-mi-iš	a-aš-mi-iš
726	Or. 90_627	Vs. I 7′	2	a-aš-ḫa-aš]-tu-úr wa-a-ša-[a-ḫi-in]	a-aš-ḫa-aš-tu-úr
726	Or. 90_627	Vs. I 8′	2	le]-e-a-le-e-ep [	le-e-a-le-e-ep
726	Or. 90_673+	 {€7} Vs. I 3	4	[eš-ta-a-an [UR]Ula-a-aḫ-za-an le-e-we-e-el a-an-te-eḫ	le-e-we-e-el a-an-te-eḫ
726	Or. 90_673+	 {€7} Vs. I 4	3	[pa-la [a-aš-taḫ-ḫi-il]-ma še-mu-na-mu-na	še-mu-na-mu-na
726	Or. 90_673+	 {€7} Vs. I 5	4	[Dša-a-ru [ka-a-at-te [Dle-e-lu-wa-n]i ka-a-at-te	ka-a-at-te
726	Or. 90_673+	 {€7} Vs. I 6	3	[eš-ta-a-an-ḫu [le-e-we-e-el [a-an-te-e]ḫ	
726	Or. 90_673+	 {€7} Vs. I 7	3	[pa-la [a-an-za-ar-aš-ma [Dka-taḫ-zi-wu-re-e-š]u	
726	Or. 90_673+	 {€1} Vs. I 1′	3	[ [ x[	
726	Or. 90_673+	 {€1} Vs. I 2′	3	[[ [ [Dḫa-ša-a]m-mi-i-il	
726	Or. 90_673+	 {€1} Vs. I 3′	3	[ [ [i-wa-a-wa-aš-ke-e]l	
726	Or. 90_673+	 {€1} Vs. I 4′	4	[ [ [-i]p eš-pu-ú	eš-pu-ú
726	Or. 90_673+	 {€1} Vs. I 5′	2	[ [	
726	Or. 90_673+	 {€1} Vs. I 6′	3	[ [ a-am-mi-iš	a-am-mi-iš
726	Or. 90_673+	 {€1} Vs. I 7′	3	[ [ x	
726	Or. 90_673+	 {€1} Vs. I 8′	3	[ [ [a-a]m-pu-ša-an	
726	Or. 90_673+	 {€1} Vs. I 9′	3	[ [ [zi-i-l]a-a-at	
726	Or. 90_673+	 {€1} Vs. I 10′	3	[ [ x	
726	Or. 90_673+	 {€1} Vs. I 11′	4	[ [ x x[	
726	Or. 90_673+	 {€8} Rs. IV 2″	3	[ x x[	
726	Or. 90_673+	 {€8} Rs. IV 3″	3	[ x [	
726	Or. 90_673+	 {€8} Rs. IV 4″	3	[ x [	
726	Or. 90_673+	 {€8} Rs. IV 5″	3	[ -mi-iš pa-l[a	
726	Or. 90_673+	 {€8} Rs. IV 6″	3	[ x ta-ba-ar-n[a	
726	Or. 90_673+	 {€8} Rs. IV 7″	3	[ -e-a x-x[	
726	Or. 90_673+	 {€8} Rs. IV 8″	3	[ -iz-zi-it x-x[	
726	Or. 90_673+	 {€8} Rs. IV 9″	3	[ -la le-e-ep	le-e-ep
726	Or. 90_673+	 {€8} Rs. IV 10″	1	]x(-)zi-pa-aḫ-tu	
726	Or. 90_673+	 {€8} Rs. IV 11″	1	]	
726	Or. 90_673+	 {€8} Rs. IV 12″	3	-ḫ]u-ḫu-u-ut wa-tu-ú-wa-ip-še [	wa-tu-ú-wa-ip-še
726	Or. 90_673+	 {€8} Rs. IV 13″	3	[ [z]i-ia-na-a-an ka-ta-ku-mu-ú-u[n	
726	Or. 90_673+	 {€8} Rs. IV 14″	2	[ -a-le-e-ep	
726	Or. 90_745+	 {€1} Vs. I 1′	1	]x-ḫa-an-t[i(-)	
726	Or. 90_745+	 {€1} Vs. I 2′	3	[ [eš-ta-a]-wa-ar [	
726	Or. 90_745+	 {€1} Vs. I 3′	3	[ [nu-uš-ta]-a-wa-ar [	
726	Or. 90_745+	 {€1} Vs. I 4′	3	[ -lu-u ka-a-l[a-wa-e	
726	Or. 90_745+	 {€1} Vs. I 5′	3	[ x-ḫa-an-ti [	
726	Or. 90_745+	 {€1} Vs. I 6′	3	[ [tu-ú]-un-di Dx[	
726	Or. 90_745+	 {€1} Vs. I 7′	3	[ [tu-ú]-un-di URUḫa-a[t-tu-uš	
726	Or. 90_745+	 {€1} Vs. I 8′	3	[ [-š]u-ul a-aš-kap-t[i-iḫ-ma	
726	Or. 90_745+	 {€1} Vs. I 9′	3	[ [ka-a-a]t-te-e x[	
726	Or. 90_745+	 {€1+2} Vs. I 10′	2	[ [(-)w]a-ḫa-ka-ma-a-[aš-we-iš	
726	Or. 90_745+	 {€1+2} Vs. I 11′	3	[ [ta]-ba-ar-na ka-a-a[t-te	
726	Or. 90_745+	 {€1+2} Vs. I 12′	3	[ [ft]a-wa-na-an-na ḫa-an-[	
726	Or. 90_745+	 {€2+3} Vs. I 13′	3	[ x-il wa-a-aš-tu-[uš	
726	Or. 90_745+	 {€2+3} Vs. I 14′	3	[ [a-aš]-ka-aḫ-wa iš-ki-na-wa-[ar	
726	Or. 90_745+	 {€2+3} Vs. I 15′	3	[ [a-aš]-mi-iš iš-ki-na-a-wa-[ar	
726	Or. 90_745+	 {€2+3} Vs. I 16′	2	[a-aš-m]i-iš iš-ki-na-a-w[a-ar	
726	Or. 90_745+	 {€2+3} Vs. I 17′	2	[a-aš-ḫa]-aš-tu-úr wa-a-[ša-a-ḫi-in	
726	Or. 90_745+	 {€3} Vs. I 18′	3	[ [zi-i]a-na-a-an l[e-e-a-le-e-ep	
726	Or. 90_745+	 {€3} Vs. I 19′	2	[ [š]e-e-a-le-e-e[p	
726	Or. 90_745+	 {€3} Vs. I 20′	2	[ x[	
726	Or. 90_745+	 {€1} Rs. IV 1′	3	[[ [ x[	
726	Or. 90_745+	 {€1} Rs. IV 2′	2	[[iš]-wa-a-pu x[	
726	Or. 90_745+	 {€1} Rs. IV 3′	1	[[l]i-le-e-l[i-ia-ḫu	
726	Or. 90_745+	 {€1} Rs. IV 4′	3	[x [ma-ne-e [wa-a-t[a-a-ak-	
726	Or. 90_745+	 {€1} Rs. IV 5′	3	[iš-taḫ-ḫi-i-il [l[e-e [zu-ú-wa-ši-i-ni	
726	Or. 90_745+	 {€1} Rs. IV 6′	2	[[w]a-tu-ú-un-wa-at z[i-wa-a-ra-ak	
726	Or. 90_745+	 {€1} Rs. IV 7′	3	[[i]š-taḫ-ḫi-i-il le-e [ta-al-wi-i-it	le-e
726	Or. 90_745+	 {€1} Rs. IV 8′	2	[[wa]-at-ta-ú-i-il z[i-wa-ra-	
727	KBo 58.219	1′	5	[zi-ia-aḫ-šu [p]a-la i-t[a-a [ú-uk-ḫu-u-ba [i-ta-a]	
727	KBo 58.219	2′	4	[ka-a-ap-ḫu [zi-i]a-aḫ-du Dk[a-a-aš-ku [tu-uk-zi-ik]	
727	KBo 58.219	3′	5	[URUla-aḫ-za-an [zi-š]i-im a-ak-[k]u-[un-nu-wa [ta-a-ru [tu-uḫ-ta-šu-ul]	
727	KBo 58.219	4′	3	[tu-u-mi-il [tu-uḫ]-za-šu-ú-ul w[i-pí-zi-il	
727	KBo 58.219	5′	3	[[ [ [	
727	KBo 62.92	1′	1	taḫ-ḫ[u-ku-ru	
727	KBo 62.92	2′	1	[pa-l[a	
727	KBo 62.92	3′	1	[ka-a[p-ḫu	
727	KBo 62.92	4′	1	[[UR]Ula-[aḫ-za-an	
727	KBo 64.404	1′	1	te-r]i-ga-l[i-ga-iš	
727	KBo 64.404	2′	1	[ka]-a-i-ia-a[ḫ	
727	KBo 64.404	3′	2	[ka-ḫa-i]a-an [	
727	KUB 28.3+	 {€1} Vs. lk. Kol. 9a	3	ka-a-ap ka-a-ia-aḫ-du ka-a-aš-k[u	ka-a-ap ka-a-ia-aḫ-du
727	KUB 28.3+	 {€2+1} Vs. lk. Kol. 1′/10a	3	[[URU]la-aḫ-za-an zi-ši-im a-aḫ-ku-un-w[a	zi-ši-im
727	KUB 28.3+	 {€2+1} Vs. lk. Kol. 2′/11a	4	[[ta]-a-ru tu-uḫ-ta-šu-ul tu-mi-in [	tu-uḫ-ta-šu-ul tu-mi-in
727	KUB 28.3+	 {€2+1} Vs. lk. Kol. 3′/12a	3	[[t]u-uḫ-ta-šu-ul wa-pí-ze-el [	wa-pí-ze-el
727	KUB 28.3+	 {€2+1} Vs. lk. Kol. 4′/13a	3	[tu-u-w]i t[a]-wa-tu-pí ta-aḫ-ku-wa-at	ta-aḫ-ku-wa-at
727	KUB 28.3+	 {€2+1} Vs. lk. Kol. 5′/14a	4	[wa-nu-up]-pa [Dḫ]a-ba-an-ta-li še-et-tu-uk-ka₄-aš [	še-et-tu-uk-ka-aš
727	KUB 28.3+	 {€1} Vs. lk. Kol. 15a	5	[[ [ [-d]u te-du-ka pí-i-iḫ-a-an	te-du-ka pí-i-iḫ-a-an
727	KUB 28.3+	 {€1} Vs. lk. Kol. 16a	5	[ [ [-r]u ka-taḫ-zi-pí-ri zi-ia-aḫ-šu	ka-taḫ-zi-pí-ri zi-ia-aḫ-šu
727	KUB 28.3+	 {€1} Vs. lk. Kol. 17a	4	[ [ [ú-u]k-ḫu-u-ma i-ta-a	i-ta-a
727	KUB 28.3+	 {€1} Vs. lk. Kol. 18a	5	[ [ [-d]u Dka-a-aš-ma tu-uk-zi-ik	ka-a-aš-ma tu-uk-zi-ik
727	KUB 28.3+	 {€1} Vs. lk. Kol. 19a	5	[ [ [-a]n a-aḫ-ku-nu-wa ta-a-ru	a-aḫ-ku-nu-wa ta-a-ru
727	KUB 28.3+	 {€1} Vs. lk. Kol. 20a	5	[ [ [-z]e-el tu-ú-wi ta-a-ú-w[a	tu-ú-wi
727	KUB 28.3+	 {€1} Vs. lk. Kol. 21a	4	[[ [ -at [	
727	KUB 28.3+	 {€1} Vs. lk. Kol. 22a	3	[ [ [-t]a-l[i	
727	KUB 28.4	Vs. lk. Kol. 8a	4	[ka-a-ap [ka-ia-aḫ-du-an [ka-a-aš-ku [du-uk-zi-ik	
727	KUB 28.4	Vs. lk. Kol. 9a	4	[[UR]Ula-aḫ-za-an zi-ši-im a-aḫ-ku-un-nu-wa ta-a-ru	zi-ši-im a-aḫ-ku-un-nu-wa ta-a-ru
727	KUB 28.4	Vs. lk. Kol. 10a	4	tu-uḫ-ta-šu-ul tu-u-mi-in tu-uḫ-ta-šu-ul wi-pí-zi-il	tu-uḫ-ta-šu-ul tu-u-mi-in tu-uḫ-ta-šu-ul wi-pí-zi-il
727	KUB 28.4	Vs. lk. Kol. 11a	4	tú-u-wa ta-a-ú-wa-tu-ú-pí ta-aḫ-ku-wa-at wa-nu-u-up-pa	tú-u-wa ta-a-ú-wa-tu-ú-pí ta-aḫ-ku-wa-at wa-nu-u-up-pa
727	KUB 28.4	Vs. lk. Kol. 12a	3	Dḫa-pa-an-ta-li še-et-tu-ug-ga-aš an-tu-uḫ-du-un-du	ḫa-pa-an-ta-li še-et-tu-ug-ga-aš an-tu-uḫ-du-un-du
727	KUB 28.4	Vs. lk. Kol. 13a	4	te-tu-uk-ka pí-i-iḫ-an an-taḫ-ḫu-ku-ru ka-taḫ-zi-wu-ri	te-tu-uk-ka pí-i-iḫ-an an-taḫ-ḫu-ku-ru ka-taḫ-zi-wu-ri
727	KUB 28.4	Vs. lk. Kol. 14a	5	zi-ia-aḫ-šu pa-la i-ta-a ú-uk-ḫu-u-ba i-ta-a	zi-ia-aḫ-šu pa-la i-ta-a ú-uk-ḫu-u-ba i-ta-a
727	KUB 28.4	Vs. lk. Kol. 15a	4	ka-a-ap-ḫu zi-ia-aḫ-du Dka-a-aš-ma tu-uk-z[i-i]k	ka-a-ap-ḫu zi-ia-aḫ-du ka-a-aš-ma
727	KUB 28.4	Vs. lk. Kol. 16a	4	a-du-uḫ-a-an zi-ši-im a-al-ku-un-nu-wa ta-[a-ru]	a-du-uḫ-a-an zi-ši-im a-al-ku-un-nu-wa
727	KUB 28.4	Vs. lk. Kol. 17a	5	[t]u-uḫ-ta-šu-ul tu-u-mi-il tu-uḫ-za-šu-u[l [ -zi-il	tu-u-mi-il
727	KUB 28.4	Vs. lk. Kol. 18a	3	tú-ú-pí ta-ú-wa še-eḫ-ku-wa-a[t]	tú-ú-pí ta-ú-wa
727	KUB 28.4	Vs. lk. Kol. 19a	3	pí-in-nu-wa-at ḫa-pa-an-ta-li še-et-tu-uk-ka₄-aš	pí-in-nu-wa-at ḫa-pa-an-ta-li še-et-tu-uk-ka-aš
727	KUB 28.4	Vs. lk. Kol. 20a	4	[a]n-du-uḫ-du-un-du te-du-ug-ga pí-i-u-wa pa-li-in-na-ḫi	te-du-ug-ga pí-i-u-wa pa-li-in-na-ḫi
727	KUB 28.4	Vs. lk. Kol. 21a	3	pí-in-na-a at-ḫa-ti-li-tu ḫa-ak-kán-ti-uz-t[u	pí-in-na-a at-ḫa-ti-li-tu
727	KUB 28.4	Vs. lk. Kol. 22a	4	[ḫa-a-ša-aḫ [eš-ki-ri-ip [ḫa-a-i-šu-mi-na [ḫa-az-[	
727	KUB 28.4	Vs. lk. Kol. 23a	5	[eš-ki-li-iz-zi-i [ḫi-na-še-ez-ze-el [te-ši-i-[ [ [te-ep-t]a-nu-wa	
727	KUB 28.4	Vs. lk. Kol. 24a	5	te-eḫ-zi-ik-zi-wa iz-zi-i te-ep-ta-ak-[nu-wa [ -ia	te-eḫ-zi-ik-zi-wa iz-zi-i
727	KUB 28.4	Vs. lk. Kol. 25a	3	te-ri-ga-li-ga-iš te-ep-ta-ak-n[u]-wa [	te-ri-ga-li-ga-iš
727	KUB 28.4	Vs. lk. Kol. 26a	2	[ka-a-i-ia-aḫ [[	
727	KUB 28.4	Vs. lk. Kol. 27a	3	[ka-ḫa-ia-an [i-ia-aḫ-tu-ul [[	
727	KUB 28.4	Vs. lk. Kol. 28a	2	[iš-tar-ra-zi-il [p[u-	
727	KUB 28.4	Vs. lk. Kol. 29a	2	[pu-ud-du [an-ti-[	
727	KUB 28.4	Vs. lk. Kol. 30a	3	[ú-uk-ka₄-še [in-ta-a [[	
727	KUB 28.4	Vs. lk. Kol. 31a	2	[ḫa-li-ta-ḫa-a-an [[	
727	KUB 28.4	Vs. lk. Kol. 32a	2	[li-ku-ú-ut [zi-i[p-	
727	KUB 28.5+	 {€1} Vs. lk. Kol. 10a	5	[ [ [k]a-ia-aḫ-du ka-a-aš-ku du-uk-zi-ik	ka-a-aš-ku du-uk-zi-ik
727	KUB 28.5+	 {€1} Vs. lk. Kol. 11a	4	[ [ [z]i-ši-im a-aḫ-ku-un-wa-a	a-aḫ-ku-un-wa-a
727	KUB 28.5+	 {€1} Vs. lk. Kol. 12a	4	[ [ [tu-uḫ]-ta-šu-ul tu-mi-in	tu-mi-in
727	KUB 28.5+	 {€1} Vs. lk. Kol. 13a	2	[tu-uḫ-ta-šu-u]l wa-pí-ze-el	wa-pí-ze-el
727	KUB 28.5+	 {€1} Vs. lk. Kol. 15a	4	[ [ -ú-wa-tu-pí ta-aḫ-ku-wa-at	ta-aḫ-ku-wa-at
727	KUB 28.5+	 {€1} Vs. lk. Kol. 16a	4	[ [ [Dḫa-pa-a]n-ta-li še-tu-uk-ka₄-aš	še-tu-uk-ka-aš
727	KUB 28.5+	 {€1} Vs. lk. Kol. 17a	5	[ [ [-d]u te-tu-uk-ka pí-i-iḫ-a-an	te-tu-uk-ka pí-i-iḫ-a-an
727	KUB 28.5+	 {€1} Vs. lk. Kol. 18a	5	[ [ [-r]u ka-taḫ-zi-pí-ri zi-ia-aḫ-šu	ka-taḫ-zi-pí-ri zi-ia-aḫ-šu
727	KUB 28.5+	 {€1} Vs. lk. Kol. 19a	5	[ [ -a ú-uk-ḫu-u-ba i-ta-a	ú-uk-ḫu-u-ba i-ta-a
727	KUB 28.5+	 {€1} Vs. lk. Kol. 20a	5	[ [ zi-ia-aḫ-du Dka-a-aš-ku tu-uk-zi-ik	zi-ia-aḫ-du ka-a-aš-ku tu-uk-zi-ik
727	KUB 28.5+	 {€1} Vs. lk. Kol. 21a	4	[URUla-aḫ-za-a]n zi-i-ši-im a-aḫ-ku-un-nu-wa ta-a-ru	zi-i-ši-im a-aḫ-ku-un-nu-wa ta-a-ru
727	KUB 28.5+	 {€1} Vs. lk. Kol. 22a	4	[tu-uḫ-ta-šu]-ul wi-pí-zi-il tu-ú-wi ta-a-ú-wa	wi-pí-zi-il tu-ú-wi ta-a-ú-wa
727	KUB 28.5+	 {€1} Vs. lk. Kol. 23a	1	[še-eḫ-ku-wa]-at	
727	KUB 28.5+	 {€1} Vs. lk. Kol. 24a	3	[pí-in-nu-w]a-at ḫa-pa-an-ta-li še-et-tu-uk-k[a-aš]	ḫa-pa-an-ta-li
727	KUB 28.5+	 {€1} Vs. lk. Kol. 25a	3	[an-du-uḫ-du-u]n-du te-du-uḫ-ga i-u-uḫ	te-du-uḫ-ga i-u-uḫ
727	KUB 28.5+	 {€1} Vs. lk. Kol. 26a	5	[ [ [-i]n-na-a-aḫ pí-in-na-a at-ḫa-zi-uz-[tu]	pí-in-na-a
727	KUB 28.5+	 {€1} Vs. lk. Kol. 27a	3	[ḫa-ak-kán-t]i-uz-tu wa-ḫa-a [	wa-ḫa-a
727	KUB 28.5+	 {€1} Vs. lk. Kol. 28a	4	[ [ eš-ki-ri-ip ḫa-a-i-[	eš-ki-ri-ip
727	KUB 28.5+	 {€1} Vs. lk. Kol. 29a	4	[[ [ x ḫi-na-l[i-	
727	KUB 28.5+	 {€1} Vs. lk. Kol. 30a	2	[[te-eḫ-zi-ik-z]i [	
727	KUB 28.5+	 {€2} Vs. I 1′	4	[[ [ [te-ri-ga-li-ga]-iš [	
727	KUB 28.5+	 {€2} Vs. I 2′	4	[[ [ x ka-[	
727	KUB 28.5+	 {€2} Vs. I 3′	2	[ka-ḫa-a-an [ia-aḫ-tu-ul(-)[	
727	KUB 28.5+	 {€2} Vs. I 4′	2	[ak-ḫa-a-an [iš-tar-ra-az-z[i-il	
727	KUB 28.5+	 {€2} Vs. I 5′	3	[ak-ḫa-a-an [ka-a-an [pu-[ud-du	
727	KUB 28.5+	 {€2} Vs. I 6′	3	[ú-uk-ka₄ [in-ta-a [t[a-	
727	KUB 28.5+	 {€2} Vs. I 7′	2	[li-ku-ú-ut [ḫa-li-iš-ḫa-a-[an	
727	KUB 28.5+	 {€2} Vs. I 8′	3	[ta-ba-ar-na [li-ku-ut [[	
728	KBo 37.9+	 {€1} Vs. 1′	5	[ [ x[ [ [-w]u-uḫ-wa	
728	KBo 37.9+	 {€1} Vs. 2′	3	[ [ [le]-e-wu-[u]r	
728	KBo 37.9+	 {€1} Vs. 3′	4	[ [ [k]a-a-at-ta[ḫ] ta-a-ru	ta-a-ru
728	KBo 37.9+	 {€1} Vs. 4′	4	[ [ pa-la eš-wa-al-wa-la-at	pa-la eš-wa-al-wa-la-at
728	KBo 37.9+	 {€1} Vs. 5′	5	[ [ x-la pa-la a-i-ip-pu	pa-la a-i-ip-pu
728	KBo 37.9+	 {€1} Vs. 6′	3	[a-i]p-pa-ra-a-i-u-šu pa-la a-i-ša-i-ip	pa-la a-i-ša-i-ip
728	KBo 37.9+	 {€1} Vs. 7′	2	lu-la-a-i ta-ḫa-ka-aḫ-wa	lu-la-a-i ta-ḫa-ka-aḫ-wa
728	KBo 37.9+	 {€1} Vs. 8′	2	pa-la le-e-wu-ur	pa-la le-e-wu-ur
728	KBo 37.9+	 {€1} Vs. 9′	3	pa-la a-an-ki-ta-a-at-pa ú-uk	pa-la a-an-ki-ta-a-at-pa ú-uk
728	KBo 37.9+	 {€1} Vs. 10′	3	pa-la a-an-ḫa-ú-[i]t-pa ú-uk	pa-la ú-uk
728	KBo 37.9+	 {€1} Vs. 11′	2	ḫa-an-wa-šu-it [k]a-a-at-taḫ	ḫa-an-wa-šu-it
728	KBo 37.9+	 {€1} Vs. 12′	2	ni-du-ḫi-il [ka-a-a]t-te	ni-du-ḫi-il
728	KBo 37.9+	 {€1} Vs. 13′	2	x-x-eš-pa e-[eš-ša-al-l]i-ip	
728	KBo 37.9+	 {€1} Vs. 14′	2	u-uš-š[e-ta-li-il [pa-ra-a-i]-u-šu	
728	KBo 37.9+	 {€1} Vs. 15′	1	xx-ta-ḫa-aš-za-aḫ-x[	
728	KBo 37.9+	 {€2}	1	[	
728	KBo 37.9+	 {€2} 2′	4	[[ [ x u-uš-ḫa-aš-ka-a-ap(-)[	
728	KBo 37.9+	 {€2} 3′	2	[[u-uš-š]e-ta-li-il at-ki-[ta-a-at]	
728	KBo 37.9+	 {€2} 4′	2	[u-uš-š]e-ta-li-il at-ḫa-[ú-it]	
728	KBo 37.9+	 {€2} 5′	2	[te-eš-ga-šu-u]ḫ-ta [wa]-az-[za]-ri-ú-u[n-pí]	
728	KBo 37.9+	 {€1} Rs. 1′	1	]x[	
728	KBo 37.9+	 {€1} Rs. 2′	1	[(-)w]a-a-a[š(-)	
728	KBo 37.9+	 {€1} Rs. 3′	2	x-u(-)[ [	
728	KUB 28.1	IV 5′	3	(-)pa-r]a-a-ia-šu-u pa-la u-uš-š[a-i-ip]	pa-ra-a-ia-šu-u pa-la
728	KUB 28.1	IV 6′	2	pa]-la le-e-wu-u-ur	pa-la le-e-wu-u-ur
728	KUB 28.1	IV 12′	1	]x	
728	KUB 28.1	IV 13′	1	Dta-a-r]u-u	ta-a-ru-u
728	KUB 28.1	IV 14′	1	]	
728	KUB 28.1	IV 16′	1	a-ip-pa-r]a-a-ia-šu-u	a-ip-pa-ra-a-ia-šu-u
728	KUB 28.1	IV 17′	1	ta-ḫ]a-ak-ka-aḫ-pa	ta-ḫa-ak-ka-aḫ-pa
728	KUB 28.1	IV 18′	1	]-ur	
728	KUB 28.1	IV 25′	5	] ú-uk pa-la ḫa-a-ú-it-pa ú-uk	ú-uk pa-la ḫa-a-ú-it-pa ú-uk
728	KUB 28.1	IV 26′	2	]-ši-la ša-am-ma-al-eš-zi-ma-aš	ša-am-ma-al-eš-zi-ma-aš
728	KUB 28.1	IV 27′	1	]-la	
728	KUB 28.1	IV 28′	3	ka-a-a]t-taḫ Dni-du-ḫe-el ka-at-ti	ka-a-at-taḫ ni-du-ḫe-el ka-at-ti
728	KUB 28.1	IV 29′	2	]x-aš eš-ša-a-le-e-ep	eš-ša-a-le-e-ep
728	KUB 28.1	IV 32′	3	-i]l pa-ra-a-ia-šu-u uš-ḫa-aš(-)ta-ap(-)te-ú-up	pa-ra-a-ia-šu-u uš-ḫa-ašta-apte-ú-up
728	KUB 28.1	IV 35′	3	ta-a-ḫa]-ki-ta-at uš-še-ša-le-el ta-a-ḫa-a-ú-e-et	ta-a-ḫa-ki-ta-at uš-še-ša-le-el ta-a-ḫa-a-ú-e-et
728	KUB 28.1	IV 38′	2	te-eš-g]a-šu-uḫ-ta wa-az-za-ri-ú-un-pí	te-eš-ga-šu-uḫ-ta wa-az-za-ri-ú-un-pí
728	KUB 28.1	IV 39′	2	] te-eš-ga-šu-uḫ-ta	te-eš-ga-šu-uḫ-ta
728	KUB 28.1	IV 42′	1	-g]a-an-ti-ia	
728	KUB 28.1	IV 43′	2	](-)ḫa-a-ti-tap-ta [	ḫa-a-ti-tap-ta
728	KUB 28.1	IV 44′	1	[te-e]k-za-šu-u-l[a	
728	KUB 28.1	IV 45′	1	x[	
729	KBo 27.183	Rs. 1	1	[ti-ia-an-ga-am-ma(-)[	
729	KBo 27.183	Rs. 2	2	[i-ma-wi₅-li-in [[	
729	KBo 27.183	Rs. 3	1	[za-a-ar-du-ú(-)[	
729	KBo 27.183	Rs. 4	1	[wa-a-ka-pu-ut-[tu	
729	KBo 27.183	Rs. 5	2	[[ x-x[	
729	KUB 28.78	Rs. (IV) 3′	2	[i-ma-w]i₅-li-in za-a-ar-du(-)[	
729	KUB 28.78	Rs. (IV) 4′	2	[-w]a-a-ka-pu-ut-tu ka-a-na-i-ú(-)[	
729	KUB 28.78	Rs. (IV) 5′	4	x-zi wa-aḫ-tu-ú pa-a-la [	wa-aḫ-tu-ú pa-a-la
729	KUB 28.78	Rs. (IV) 6′	2	x le-e-ma-iš-wa-a-tu(-)[	
729	KUB 28.78	Rs. (IV) 7′	2	[pa]-a-la le-e-x[	
729	KUB 28.78	Rs. (IV) 8′	1	x-eš-pu-x[	
730	KBo 37.10	Vs. 10′	5	]-mu-u-u[r úr-ḫa-n[u-u [ki-i-ip] eš-te-eḫ-ku-ni-il AN(-)za-x[	eš-te-eḫ-ku-ni-il
730	KBo 37.10	Vs. 11′	5	[eš]-te-e[ḫ-ku-ni]-il pa-l[a-a [ x-ti a-aḫ-ša-wu-[	
730	KBo 37.10	Vs. 12′	6	-ni-il pa-la-a [ [ [ki]-ia-tu ki-[i-ip	pa-la-a
730	KBo 37.10	Vs. 13′	5	-il ku-uk-ku-u ḫa-a-pí-x[ [ x-x[	ku-uk-ku-u
730	KBo 37.10	Vs. 14′	4	-an-x-zi-iš-tu-u UTU-i-i[k- [ x-x[	
730	KBo 70.10	Vs. 10′	2	[pal-ḫi-[i]-in wa-i-i[t-ka-ti-u	
730	KUB 17.28	Vs. I 20	3	wa-i-it-ka-ti-u tu-ḫu-ri-pa wa-tu-ḫa-aš-tu-ru-u	wa-i-it-ka-ti-u tu-ḫu-ri-pa wa-tu-ḫa-aš-tu-ru-u
730	KUB 17.28	Vs. I 36	5	[ x úr-ḫa-nu-u ki-i-ip eš-[te-eḫ-k]u-ni-el	úr-ḫa-nu-u ki-i-ip
730	KUB 17.28	Vs. I 37	4	[ [ iš-te-eḫ-ku-ni-[el [	
730	KUB 17.28	Vs. I 38	6	[ [ [ki-ia]-tu-u ki-i-[ip [ x-x-x	
730	KUB 17.28	Vs. I 39	3	[ [ -ku-ni-el	
730	KUB 17.28	Vs. I 40	4	[ [ [i]š-te-eḫ-ku-ni-el pa-la-a	pa-la-a
730	KUB 17.28	Vs. I 41	3	[ [ [i]š-te-eḫ-ku-ni-el	
730	KUB 17.28	Vs. I 43	2	G]U₄-up ḫe-er-ma-aḫ	ḫe-er-ma-aḫ
730	KUB 17.28	Vs. I 44	3	[ [ -li-e-eš	
730	KUB 17.28	Vs. I 45	3	[ [ x-u	
730	KUB 17.28	Vs. I 46	3	[ [ x-ku"/>-u	
730	KUB 17.28	Vs. I 47	4	[ [ x ku-up	ku-up
730	KUB 17.28	Vs. I 48	3	[ [ x	
730	KUB 17.28	Vs. I 49	3	[ [ x	
730	KUB 17.28	Vs. I 50	3	[ [ x-aḫ-ḫi-wa-u	
730	KUB 17.28	Vs. I 52	3	[ [ x-na-an	
730	KUB 17.28	Vs. I 53	3	[ [ (-)tu-uš-ḫa-pa-a-al	
730	KUB 17.28	Vs. I 54	3	[ [ x-x-an-ni-u	
730	KUB 17.28	Vs. I 55	3	[ [ x-iš	
730	KUB 17.28	Vs. I 56	2	[ [	
730	KUB 17.28	Vs. I 62′	3	[ [ x	
730	KUB 17.28	Vs. II 4	3	[ka-a-ap-tu-u [an-ta-ru [pát-ta-pé-eš-x[	
730	KUB 17.28	Vs. II 5	2	[tu-ut-ḫa-aš-šu-u-ul [le-e-ti-it	
730	KUB 17.28	Vs. II 6	3	[le-e-tu-u-mi-el [5-ŠU [te-š[i]	
730	KUB 17.28	Vs. II 9	3	DUTU-un te-e-pí-i-in ḫa-a-i-pa-la-tu-u	te-e-pí-i-in ḫa-a-i-pa-la-tu-u
730	KUB 17.28	Vs. II 10	3	an-tu-u-ḫu te-e-pa-ša-aḫ-ḫu-ul an-tu-u-ḫu	an-tu-u-ḫu te-e-pa-ša-aḫ-ḫu-ul an-tu-u-ḫu
730	KUB 17.28	Vs. II 11	2	te-e-ta-ap-taḫ-ḫu-ul an-ka-ḫu-uš-šu-u	te-e-ta-ap-taḫ-ḫu-ul an-ka-ḫu-uš-šu-u
730	KUB 17.28	Vs. II 12	3	še-e-et-pa-a-li-iš aḫ-ku-nu-u ta-a-ḫu-pé-e-et	še-e-et-pa-a-li-iš aḫ-ku-nu-u ta-a-ḫu-pé-e-et
730	KUB 17.28	Vs. II 13	3	ka-az-zu-ma-a-an-ne pa-la an-ka-ne-u-un-ni	ka-az-zu-ma-a-an-ne pa-la an-ka-ne-u-un-ni
730	KUB 17.28	Vs. II 14	3	pu-ú-le-e ta-a-i-it ni-im-ḫu-tu-un	pu-ú-le-e ta-a-i-it ni-im-ḫu-tu-un
730	KUB 17.28	Vs. II 15	4	un-tu-uk-zu za-nu-ú za-te-e-ka-aš KI.MIN	un-tu-uk-zu za-nu-ú za-te-e-ka-aš
730	KUB 17.28	Vs. II 16	3	ḫa-te-e-nu(-)[ un-tu-nu-u tu-un-te-eš-tu-u-uš	un-tu-nu-u tu-un-te-eš-tu-u-uš
730	KUB 17.28	Vs. II 17	2	te-e-tu-mu-nu-uḫ-za te-e-le-e-la-an	te-e-tu-mu-nu-uḫ-za te-e-le-e-la-an
730	KUB 17.28	Vs. II 19	1	DUTU-nu-na-aḫ	
730	KUB 17.28	Vs. II 20	3	te-e-pí-i-in ḫa-a-i-pa-la-tu an-tu-u-ḫu	te-e-pí-i-in ḫa-a-i-pa-la-tu an-tu-u-ḫu
730	KUB 17.28	Vs. II 21	1	ki-ip-taḫ-ḫu-ul KI.MIN	
730	KUB 17.28	Vs. II 22	2	an-ka-aḫ-ḫu-uš-šu še-e-et-pa-li-iš aḫ-ku-nu-u	an-ka-aḫ-ḫu-uš-šu še-e-et-pa-li-iš aḫ-ku-nu-u
730	KUB 17.28	Vs. II 23	2	ta-ḫu-pí-i-it ka-az-zu-ma-a-an-ne pa-la	ta-ḫu-pí-i-it ka-az-zu-ma-a-an-ne pa-la
730	KUB 17.28	Vs. II 25	5	[ ]x MUNUS-un un-tu-uk-zu pa-la ḫu-nu-u-ḫa-te-ka-aš	un-tu-uk-zu pa-la ḫu-nu-u-ḫa-te-ka-aš
730	KUB 17.28	Vs. II 26	5	[ [ -e-eḫ an-tu-nu-u tu-un-te-eḫ-tu-uš	an-tu-nu-u tu-un-te-eḫ-tu-uš
730	KUB 17.28	Vs. II 27	4	[ [ x-mu-mu-un te-e-tu-le-e-la-an	te-e-tu-le-e-la-an
730	KUB 17.28	Vs. II 28	7	[ [ x-aš taḫ-pa i-me-e ḫa-ta-a u-zu-uḫ	taḫ-pa i-me-e ḫa-ta-a u-zu-uḫ
730	KUB 17.28	Vs. II 29	6	[ [ x-un-ni mi-ta-a eš-šu-um ku-úr-ta-pí-i-en	mi-ta-a eš-šu-um ku-úr-ta-pí-i-en
730	KUB 17.28	Vs. II 30	6	[ [ x-ma za-a-ka-aš-ša te-me-im-ma za-ap-ku-tu-e-ez-za-aš-ta	za-a-ka-aš-ša te-me-im-ma za-ap-ku-tu-e-ez-za-aš-ta
730	KUB 17.28	Vs. II 31	6	[ [ x uš-ka-aš-ši ka-az-zu-za-ma-a ta-ḫu-pí-i-it	uš-ka-aš-ši ka-az-zu-za-ma-a ta-ḫu-pí-i-it
730	KUB 17.28	Vs. II 32	4	[ [ [-i]n-nu-u ta-a-at	ta-a-at
731	KBo 25.122	Vs. I 1′	1	]x	
731	KBo 25.122	Vs. I 2′	1	]x-x	
731	KBo 25.122	Vs. I 3′	1	]-nu	
731	KBo 25.122	Vs. I 4′	1	]-ú-ut	
731	KBo 25.122	Vs. I 5′	1	]x	
731	KBo 25.122	Vs. I 6′	1	-i]t	
731	KBo 25.122	Vs. I 7′	1	]-ḫa-na	
731	KBo 25.122	Rs. IV 1′	2	[ -ḫa	
731	KBo 25.122	Rs. IV 2′	1	]-u-up	
731	KBo 25.122	Rs. IV 3′	1	-u]l	
731	KBo 25.122	Rs. IV 4′	1	](-)a-ri-ú	a-ri-ú
731	KBo 25.122	Rs. IV 5′	1	]-ul	
731	KBo 25.122	Rs. IV 6′	1	]	
731	KBo 25.122	Rs. IV 7′	1	-p]a	
731	KBo 37.11	Vs. I 1	5	l]a-a-i-lu-wa-a-i-u ú-wa-la-i x-x-x la-a-i-ú-wa-a-i [	la-a-i-lu-wa-a-i-u ú-wa-la-i la-a-i-ú-wa-a-i
731	KBo 37.11	Vs. I 2	5	[ [-w]a-a-wi-en-da-a-aš ta-ak-x-[ [ x-ú	
731	KBo 37.11	Vs. I 3	3	-e]n ta-a-šu-u-ú-ḫi wu-u-ru-un-k[at-ta-i-nu	ta-a-šu-u-ú-ḫi
731	KBo 37.11	Vs. I 4	4	[ [(-)t]a-a-šu-u wu-u-ru-un-kat-ta-i-nu [	wu-u-ru-un-kat-ta-i-nu
731	KBo 37.11	Vs. I 5	3	(-)t]a-al-la-ú ḫa-an-wa-a-šu-i-ši-i-x[ [	ta-al-la-ú
731	KBo 37.11	Vs. I 6	3	]x-in-za-ap-wi wu-u-ru-un-kat-ta-i-nu wu-u-ru-un-kat-ta-la-aš-ḫa	wu-u-ru-un-kat-ta-i-nu wu-u-ru-un-kat-ta-la-aš-ḫa
731	KBo 37.11	Vs. I 7	4	]-nu ta-ba-ar-na wa-wa-ia-aš-ḫa-ip-wi ḫa-nu-ni-iš-ḫa-wi-i	ta-ba-ar-na wa-wa-ia-aš-ḫa-ip-wi ḫa-nu-ni-iš-ḫa-wi-i
731	KBo 37.11	Vs. I 8	4	]x-ši-i wa-a-ma zi-it-ḫa-ri ḫa-a-ša-ma-an-na-ad-da	wa-a-ma zi-it-ḫa-ri ḫa-a-ša-ma-an-na-ad-da
731	KBo 37.11	Vs. I 9	3	-w]a-a-ma zi-it-ḫa-ri ḫa-a-ša(-)ma-an-na-ad-da	zi-it-ḫa-ri ḫa-a-šama-an-na-ad-da
731	KBo 37.11	Vs. I 10	4	]-a aš-ta-az-zu-um-mu zu-ru-uš-du da-a-ḫa-ip-wi	aš-ta-az-zu-um-mu zu-ru-uš-du da-a-ḫa-ip-wi
731	KBo 37.11	Vs. I 11	3	aš-t]a-az-zu-um-mu zu-ru-uš-du da-a-ḫa-a-ip-wi	aš-ta-az-zu-um-mu zu-ru-uš-du da-a-ḫa-a-ip-wi
731	KBo 37.11	Vs. I 12	2	]x da-a-ḫa-ap-wa-az-zi-i	da-a-ḫa-ap-wa-az-zi-i
731	KBo 37.11	Vs. I 13	5	-u]š-ta 〈〈ḪA〉〉 ták-ki-ḫa-a-šu wi-ia-aš-taḫ-ḫu kán-du-u-ḫa-la-aš-ta-ra	ták-ki-ḫa-a-šu wi-ia-aš-taḫ-ḫu kán-du-u-ḫa-la-aš-ta-ra
731	KBo 37.11	Vs. I 14	5	]x ḫa-ip-wi-ia ták-ki-ḫa-aš kaz-zu-um-mu za-x-ip-wi-ia	ḫa-ip-wi-ia ták-ki-ḫa-aš kaz-zu-um-mu
731	KBo 37.11	Vs. I 15	5	k]az-zu-um-mu ma-a ta-ki-ḫa-a-šu ši-ip-ši-la a-aš-ḫu-u-wa-a-na-a	kaz-zu-um-mu ma-a ta-ki-ḫa-a-šu ši-ip-ši-la a-aš-ḫu-u-wa-a-na-a
731	KBo 37.11	Vs. I 16	4	]-a aš-ḫu-u-wa-an-na ma-a wi-en-da-a-wu-u-ra	aš-ḫu-u-wa-an-na ma-a wi-en-da-a-wu-u-ra
731	KBo 37.11	Vs. I 17	1	ka]p-wa-ri-il-li	kap-wa-ri-il-li
731	KBo 37.11	Vs. I 18	2	]x-u-ul-la kap-wa-ri-il-li	kap-wa-ri-il-li
731	KBo 37.11	Vs. I 19	3	-w]a-ri-il-la-wa-ad-da ḫa-a-ni-i i-ia-šu-li	ḫa-a-ni-i i-ia-šu-li
731	KBo 37.11	Vs. I 20	5	]x x x[ [ [-l]a-a-aš-da-ra	
731	KBo 37.11	Vs. I 21	1	]x-da	
731	KBo 37.11	Vs. I 24′	4	[ [ x a-aš-x-it-x[	
731	KBo 37.11	Vs. I 25′	4	[[ [ x-am-ma-a-ḫu-u [	
731	KBo 37.11	Vs. I 26′	6	[[ [ [-w]a ḫa-a-ap-ta-aš-ga ša-am-ma-an-da x[	ḫa-a-ap-ta-aš-ga ša-am-ma-an-da
731	KBo 37.11	Vs. I 27′	5	[[ [ ḫa-a-ap-ta-aš-ga ša-am-ma-an-da x[	ḫa-a-ap-ta-aš-ga ša-am-ma-an-da
731	KBo 37.11	Vs. I 28′	4	[[ [ ša-am-ma-an-da i[a]-al-la-wa-x[	ša-am-ma-an-da
731	KBo 37.11	Vs. I 29′	7	[[ [ x-aš kaz-zu-ú-wa(-)[ x x-ti [	
731	KBo 37.11	Vs. I 30′	5	[[ [ x-ša DUTU-u-ru-ni-te ša-at-x(-)x[	
731	KBo 37.11	Vs. I 31′	5	[[ [ x-x-x-da la-a-da-ni-i-da [	la-a-da-ni-i-da
731	KBo 37.11	Vs. I 32′	4	[[ [ -e-an-ni-ta [	
731	KBo 37.11	Vs. I 33′	3	[[ [ x-x-ga-ši-mu(-)[	
731	KBo 37.11	Vs. I 34′	3	[[ [ x[	
731	KBo 37.11	Vs. II 4′	4	[[ [ x-i-ia ú-wa-[	
731	KBo 37.11	Vs. II 5′	7	[ša-a-ḫ[a- [ x-x[ [ x ga-ad-da-ḫi Dš[u-	ga-ad-da-ḫi
731	KBo 37.11	Vs. II 6′	5	[ša-a-ḫa-a-x[ [ x-ma-zi-it ga-ad-da-aḫ-ḫi ma-a-ta-x[	ga-ad-da-aḫ-ḫi
731	KBo 37.11	Vs. II 7′	4	[iš-ga-a-ḫa-ar [wa-a-ma [wu-u-ra [Dšu-li-i[n-	
731	KBo 37.11	Vs. II 8′	4	[iš-ga-a-ḫa-ar [wa-a-ma [wu-u-ra [[	
731	KBo 37.11	Vs. II 9′	4	[iš-ga-a-ḫa-ar [wa-a-ma [ta-a-da-an-zi [[	
731	KBo 37.11	Vs. II 10′	3	[ma-a-ša-ḫa-wu-u-uš [la-a-wu-u-ur [Dšu-li-in-ka[t-	
731	KBo 37.11	Vs. II 11′	4	[ma-a-ša-ḫa-wu-u-uš [la-a-wu-u-ur [ša-a-ḫa-wu-u-un [[	
731	KBo 37.11	Vs. II 12′	3	[ma-a-tu [tu-u-uḫ-ḫu-up-ši-i [Dšu-li-in-kat-ta-i-n[u(-)	
731	KBo 37.11	Vs. II 13′	5	[ma-a-tu [tu-u-uḫ-ḫu-up-ši-i [tu-uḫ-ḫa-nu [la-a-aḫ-ši-i [[	
731	KBo 37.11	Vs. II 14′	5	[tu-uḫ-ḫa-nu [wa-a-ma [la-a-aḫ-ši-i [la-a-mu [pa-a-pa-[	
731	KBo 37.11	Vs. II 15′	4	[x[ [ x-wa-a-mu pa-a-pa-a-i-ia-a	pa-a-pa-a-i-ia-a
731	KBo 37.11	Vs. II 16′	4	x[ [ x-ši-i šu-up-ka(-)ú-wa-ḫu-ri-x[	
731	KBo 37.11	Vs. II 17′	3	[[ [ [t]u-uk-ḫa-a-li-i-na-a	
731	KBo 37.11	Vs. II 18′	3	[ [ tu-uk-ḫa-a-li-[i-na-a]	
731	KBo 37.11	Vs. II 19′	2	[ [	
731	KBo 37.11	Vs. II 21′	3	[[ [ [-w]a-an-ni-x[	
731	KBo 37.11	Vs. II 22′	4	[[ [ x ku-u-r[u-	
731	KBo 37.11	Vs. II 23′	3	[[ [ -na	
731	KBo 37.11	Vs. II 24′	2	[ [	
731	KBo 37.11	Vs. II 25′	3	[ [ x-in-nu-u	
731	KBo 37.11	Vs. II 26′	3	[ [ x-ap-zu-u-uḫ	
731	KBo 37.11	Vs. II 27′	4	[ [ x-pí tu-ul-li-i[n(-)	
731	KBo 37.11	Vs. II 28′	5	[[ [ (-)pa-la-a ú-mi-in zu-u-[	ú-mi-in
731	KBo 37.11	Vs. II 29′	3	[[ [ -ú-un	
731	KBo 37.11	Vs. II 30′	3	[ [ -un	
731	KBo 37.11	Vs. II 31′	6	[ [ x-ḫa-wu-u-un [ [ -x-ra-a-i-u	
731	KBo 37.11	Vs. II 32′	6	[ [ x[ [ x-x-ra-a-i-u te-et-wa-a-ḫa	te-et-wa-a-ḫa
731	KBo 37.11	Vs. II 33′	7	x[ [ x-š[a(-) [ x-li-wa-a[t(-) [ x-x-x-ḫa	
731	KBo 37.11	Vs. II 34′	5	iš-ta-a-an-x[ [ li-i-k[a- [ [-m]u-un	
731	KBo 37.11	Vs. II 35′	2	a-ša-a pa-a-[	a-ša-a
731	KBo 37.11	Vs. II 36′	7	[[ [ x-x-x te-[ [ x zi-iš-ḫa-wu-u-un	zi-iš-ḫa-wu-u-un
731	KBo 37.11	Vs. II 37′	3	ú-un-tu-wa-[ [ x-ú-un	
731	KBo 37.11	Vs. II 38′	5	[ [ x-tu-wa-[ [ -wi-iš	
731	KBo 37.11	Vs. II 39′	4	[ [ x[ [	
731	KBo 37.11	Vs. II 40′	5	[ [ x-ik-z[i(-) [ -in	
731	KBo 37.11	Vs. II 41′	3	[ [ -un	
731	KBo 37.11	Vs. II 42′	3	[ [ -u	
731	KBo 37.12	1′	1	]x[	
731	KBo 37.12	2′	5	[ [w]a-i-ia lu-wa-at il-lu [	lu-wa-at il-lu
731	KBo 37.12	3′	2	[ [	
731	KBo 37.12	4′	3	[ x-en-te-eš-ma-ki-ḫa-šu m[a-	
731	KBo 37.12	5′	3	[ -en-ta-šu pu-ru-un-ka[t-ta-i-nu	
731	KBo 37.12	6′	2	[ḫa-a]n-wa-šu-i-ši-ú-i [	
731	KBo 37.12	7′	3	[ x-ip-li [	
731	KBo 37.12	8′	2	[ x[	
731	KBo 37.50	Vs. I 1′	4	[ [ -ki-iš ša-aš-x[	
731	KBo 37.50	Vs. I 2′	2	[[iš-t]u-ú-uḫ-ku-ḫu-šu-u-ut [	
731	KBo 37.50	Vs. I 3′	2	[[p]a-aḫ-ka-al-le-e wa-a-ta-a-[ri-iš	
731	KBo 37.50	Vs. I 4′	3	[te-u-up [lu-u-ul [iš-tu-uḫ-[	
731	KBo 37.50	Vs. I 5′	3	[pa-aḫ-ka-al-le-e [za-a-ar [[	
731	KBo 37.50	Vs. I 6′	5	[u-wa-za-ar [[ [ te-u-up k[at-	te-u-up
731	KBo 37.50	Rs. IV 1	3	[[ka-a]t-te-eš-ḫa-wi ka-at-te [	ka-at-te
731	KBo 37.50	Rs. IV 2	3	[ú-ri-i-il [wa-šu-u-up [a-[aḫ-ka-al-le-e	
731	KBo 37.50	Rs. IV 3	2	[we-e-wa-ra-ak [a-aḫ-ka-al-l[e-e	
731	KBo 37.50	Rs. IV 4	2	[[wa-a-t]a-a-ri-iš a-aḫ-ka-al-[le-e	
731	KBo 37.50	Rs. IV 5	2	[[a-aḫ-k]a-al-le-e za-a-[ar	
731	KBo 37.50	Rs. IV 6	4	[[ [ [ -ú-uḫ-ku-ḫu-š[u-	
731	KUB 28.6	Vs. lk. Kol. 3a′	3	[ [ -ú	
731	KUB 28.6	Vs. lk. Kol. 4a′	3	[ [ x-il	
731	KUB 28.6	Vs. lk. Kol. 5a′	3	[ [ x-ki-ú	
731	KUB 28.6	Vs. lk. Kol. 6a′	3	[ [ x-ti-i-u	
731	KUB 28.6	Vs. lk. Kol. 7a′	3	[ [ [-z]i-ig-ga	
731	KUB 28.6	Vs. lk. Kol. 8a′	3	[ [ (-)x-na-an-ti-i-u	
731	KUB 28.6	Vs. lk. Kol. 9a′	4	[ [ x ú-za-az-za	ú-za-az-za
731	KUB 28.6	Vs. lk. Kol. 10a′	2	ša-a-wa-at-ma ga-ú-ra-an-ti-i-u	ša-a-wa-at-ma ga-ú-ra-an-ti-i-u
731	KUB 28.6	Vs. lk. Kol. 11a′	2	ka-az-za li-im-mu-ša	ka-az-za li-im-mu-ša
731	KUB 28.6	Vs. lk. Kol. 12a′	2	[w]a-aḫ-ku-un wu-ru-še-mu	wu-ru-še-mu
731	KUB 28.6	Vs. lk. Kol. 13a′	2	ta-az-zi-ia-aḫ-du ta-zu-u-ḫa-aš-ti	ta-az-zi-ia-aḫ-du ta-zu-u-ḫa-aš-ti
731	KUB 28.6	Vs. lk. Kol. 14a′	2	an-da-i(-)ša-ma-an-wa pé-en-nu-ú	an-da-iša-ma-an-wa pé-en-nu-ú
731	KUB 28.6	Vs. lk. Kol. 15a′	3	a-i-da-a-ma pa-zi-ip-tu a-li-nu-en	a-i-da-a-ma pa-zi-ip-tu a-li-nu-en
731	KUB 28.6	Vs. lk. Kol. 16a′	3	aš-ta-ze-el zi-pí-iš li-pí-nu	aš-ta-ze-el zi-pí-iš li-pí-nu
731	KUB 28.6	Vs. lk. Kol. 17a′	4	[ [ x-i-lu-wa-a-ia ú-wa-at	ú-wa-at
731	KUB 28.6	Vs. lk. Kol. 18a′	3	[ [ [-w]a-ia	
731	KUB 28.6	Vs. lk. Kol. 19a′	3	[ [ [tá]k-ki-ḫa-šu	
731	KUB 28.6	Vs. lk. Kol. 20a′	3	[ [ [Dwu-ru-kat-t]a-i-nu	
731	KUB 28.6	Rs. lk. Kol. 1a	5	[[ [ x[ [ x-ta-i-nu	
731	KUB 28.6	Rs. lk. Kol. 2a	4	[ [ [-l]a-a-ú [ḫ]a-an-wa-aš-ú-si-nu	
731	KUB 28.6	Rs. lk. Kol. 3a	3	[ [ Dwu-ru-kat-ta-i-nu	wu-ru-kat-ta-i-nu
731	KUB 28.6	Rs. lk. Kol. 4a	3	[ [ x-el-la-aš-ḫa	
731	KUB 28.6	Rs. lk. Kol. 5a	4	[ [ [ta-b]a-ar-na wa-ap-pa-ia-aš	wa-ap-pa-ia-aš
731	KUB 28.6	Rs. lk. Kol. 6a	4	[ [ -a-nu né-eš-ḫa-wu	né-eš-ḫa-wu
731	KUB 28.6	Rs. lk. Kol. 7a	5	[ [ [-w]a-ma zi-it-ḫar ḫa-a-ša-ma-an-na-ta	zi-it-ḫar ḫa-a-ša-ma-an-na-ta
731	KUB 28.6	Rs. lk. Kol. 8a	5	[ [ -ma zi-it-ḫar ḫa-a-ša-ma-an-na-ta	zi-it-ḫar ḫa-a-ša-ma-an-na-ta
731	KUB 28.6	Rs. lk. Kol. 9a	5	[ [ x aš(-)te-ez-zu-mu ša-ri-iš-du	ašte-ez-zu-mu ša-ri-iš-du
731	KUB 28.6	Rs. lk. Kol. 10a	1	da-ḫa-ip(-)[	
731	KUB 28.6	Rs. lk. Kol. 11a	3	[ma-a-tu [da-a-ḫa(-)ip-tu [x[	
731	KUB 28.6	Rs. lk. Kol. 12a	2	[ták-ki-ḫa-a-ši [pí-i[a-	
731	KUB 28.6	Rs. lk. Kol. 13a	1	[[ká]n-tu-ḫa(-)li-[	
731	KUB 44.60+	 {€2} Vs. lk. Kol. 1′a	1	]-a	
731	KUB 44.60+	 {€2} Vs. lk. Kol. 2′a	1	]x	
731	KUB 44.60+	 {€2} Vs. lk. Kol. 3′a	1	]x	
731	KUB 44.60+	 {€2} Vs. lk. Kol. 4′a	1	]-an	
731	KUB 44.60+	 {€2} Vs. lk. Kol. 5′a	1	]-na	
731	KUB 44.60+	 {€1} Vs. I 1′	1	-g]a-la	
731	KUB 44.60+	 {€2+1} Vs. lk. Kol. 9′a/Vs. I 2′	3	]x-ri-x[ [ x-ga-an-du	
731	KUB 44.60+	 {€2+1} Vs. lk. Kol. 10′a/Vs. I 3′	3	](-)u-wa-ḫur-la-x[ [ x	
731	KUB 44.60+	 {€2+1} Vs. lk. Kol. 11′a/Vs. I 4′	3	]x(-)ma-aš-ḫa-a[k(-) [ x	
731	KUB 44.60+	 {€2} Rs. lk. Kol. 2a	2	[ -li	
731	KUB 44.60+	 {€2} Rs. lk. Kol. 3a	1	]-li	
731	KUB 44.60+	 {€2} Rs. lk. Kol. 4a	1	]-ú	
731	KUB 44.60+	 {€2} Rs. lk. Kol. 5a	3	]x[ [ x-da	
731	KUB 44.60+	 {€2} Rs. lk. Kol. 6a	1	]x-a	
731	KUB 44.60+	 {€2} Rs. lk. Kol. 7a	1	]-ki	
731	KUB 44.60+	 {€2} Rs. lk. Kol. 8a	1	-g]a	
731	KUB 44.60+	 {€2} Rs. lk. Kol. 9a	1	]x-aš-kar-nu	
731	KUB 44.60+	 {€2} Rs. lk. Kol. 10a	1	]-nu	
731	KUB 44.60+	 {€2} Rs. lk. Kol. 11a	1	]	
731	KUB 44.60+	 {€2} Rs. lk. Kol. 12a	1	]-nu	
731	KUB 44.60+	 {€2} Rs. lk. Kol. 13a	1	]-zu	
731	KUB 44.60+	 {€2} Rs. lk. Kol. 14a	1	]x-zu	
732	ABoT 2.233	Rs.? 1′	1	]x[	
732	ABoT 2.233	Rs.? 2′	2	[ḫa-l i-il-[ma-aḫ	
732	ABoT 2.233	Rs.? 3′	2	[ḫ]a-li-ta-aš-ša-aḫ le-e-[a-ša-aḫ	
732	ABoT 2.233	Rs.? 4′	2	[ḫ]a-li-ḫur-ḫur le-e-a-ša-a[ḫ	
732	ABoT 2.233	Rs.? 5′	2	[ḫa-l]i-ku-up le-e-a-ša-aḫ[	
732	ABoT 2.233	Rs.? 6′	2	[ḫa-l]i-za-ši-ip le-e-a-š[a-aḫ	
732	ABoT 2.233	Rs.? 7′	2	[ḫa-li-i]k-ku-un ḫa-li-iš-š[i-ip	
732	ABoT 2.233	Rs.? 8′	2	[le-e-a-š]a-aḫ te-kat-ti-i[a	
732	ABoT 2.233	Rs.? 9′	2	[ḫa-li-i]š-ši-ip le-e-[a-ša-aḫ	
732	ABoT 2.233	Rs.? 10′	2	x le-[e-a-ša-aḫ	
732	ABoT 2.233	Rs.? 11′	2	x x[	
732	KBo 37.13	Vs.? 2′	1	ú-wa-ag-g[a-at	
732	KBo 37.13	Vs.? 3′	5	[[ [ [mu-u-pí]-i-in u-pí-i-in u-pa-šu-un-na-i[l	u-pí-i-in
732	KBo 37.13	Vs.? 4′	5	[[ [ x-e-ša u-pí-i-in ḫa-wa-ne-eš-ta-a(-)[	u-pí-i-in
732	KBo 37.13	Vs.? 5′	5	[[ [ [ka-a]t-te-e ḫa-a-li-ik-ki-iš te-eḫ-šu-ú-[	ḫa-a-li-ik-ki-iš
732	KBo 37.13	Vs.? 6′	6	[[ [ [-e]l-ma-aḫ le-e-a-ša-aḫ ka-ti-i-ia [	le-e-a-ša-aḫ ka-ti-i-ia
732	KBo 37.13	Vs.? 7′	5	[[ [ -e-eḫ-ḫu-úr-ḫu-ur le-e-a-ša-aḫ k[a-ti-i-ia	le-e-a-ša-aḫ
732	KBo 37.13	Vs.? 8′	4	[[ [ [k]a-ti-i-ia ka-tu-ul-le-en-zi-i[š	
732	KBo 37.13	Vs.? 9′	5	[[ [ [ḫa]-a-li-pí-ir-pí-ir ḫa-le-e-eš-x ku-[	
732	KBo 37.13	Vs.? 10′	4	[[ [ [ḫ]a-li-ik-ku-e-el-zi-x x-x-x[	
732	KBo 37.13	Vs.? 11′	4	[[ [ [t]úḫ-ḫu-ú-tu-ḫa ḫa-li-ik-ku-ra-i-[ti	
732	KBo 37.13	Vs.? 12′	4	[[ [ x-ta-li-iš-te-li-iš wa-d[u-ú-mi	
732	KBo 37.13	Vs.? 13′	5	[ḫa-[ [ [ḫa-w]a-aš-ḫa-ap-pí(-)el-x x x[	
732	KBo 37.13	Vs.? 14′	4	[ka-a[t-te-e [ [w]e-i-wu-ti te-le-e-iš-x[	
732	KBo 37.13	Vs.? 19′	2	[zi-wa-wa-it [ak-ḫa-a-am-[pa	
732	KBo 37.13	Vs.? 20′	3	[ga-at-te-e [ki-i-pa [wa-ša-[a-aḫ	
732	KBo 37.13	Vs.? 21′	2	[te-el-le-e-en [ma-te-da-[	
732	KBo 37.13	Vs.? 22′	2	[te-ez-wa-a-aḫ-še-er [pa-le-e-[pí-i-nu	
732	KBo 37.13	Vs.? 23′	3	[te-el-le-en [te-pí-i-da [[	
732	KBo 37.13	Vs.? 24′	3	[te-a-aš [mu-pí-i-in [u-pí-i-i[n	
732	KBo 37.13	Vs.? 25′	3	[ta-aš-te-e-ša [u-pí-i-in [ḫa-[wa-ne-eš(-)	
732	KBo 37.13	Vs.? 26′	2	[ḫa-li-ik-ki-iš [te-e[ḫ]-šu-ú-[	
732	KBo 37.13	Vs.? 27′	3	[le-e-a-ša-aḫ [ka-ti-i-[i]a [	
732	KBo 37.13	Vs.? 28′	2	[le-e-a-ša-aḫ [kat-tu-[ú-pa	
732	KBo 37.13	Vs.? 29′	2	[[k]a-[ti]-i-ia ḫa-li-x[	
732	KBo 37.13	Vs.? 30′	2	[[ḫa-li-t]u-ú-ni-ip [	
732	KBo 37.13	Vs.? 31′	3	[[ [ x-x[	
732	KBo 37.14	Vs.? I 1′	1	]x[	
732	KBo 37.14	Vs.? I 2′	5	[ [ [ x ni-x[	
732	KBo 37.14	Vs.? I 3′	5	[ [ [-w]a-u ti-ti-i x[	ti-ti-i
732	KBo 37.14	Vs.? I 4′	2	x-pa ti-ti-ma-a-aš-l[i]-x-x-a-ú	
732	KBo 37.14	Vs.? I 5′	2	]x-x šu-ú-wu-tu-u-up-pí-x	
732	KBo 37.14	Vs.? I 6′	4	] ta-ba-ar-na ka-a-at-te pí-in-na-ta-at	ta-ba-ar-na ka-a-at-te pí-in-na-ta-at
732	KBo 37.14	Vs.? I 7′	1	ḫa-li-ik-k]u-u-ra	ḫa-li-ik-ku-u-ra
732	KBo 37.14	Vs.? I 8′	3	le-e]-a-ša-aḫ te-kat-te-ia ḫa-le-el-m[a]-aḫ	le-e-a-ša-aḫ te-kat-te-ia
732	KBo 37.14	Vs.? I 9′	3	]x-ia ḫa-li-ta-ša le-e-a-š[a]-aḫ	ḫa-li-ta-ša
732	KBo 37.14	Vs.? I 10′	3	]x-aḫ le-e-a-ša-aḫ te-kat-te-ia[	le-e-a-ša-aḫ
732	KBo 37.14	Vs.? I 11′	4	[ -ša-aḫ te-kat-te-ia ḫa-li-za-ši-ip	te-kat-te-ia ḫa-li-za-ši-ip
732	KBo 37.14	Vs.? I 12′	3	]-ia ḫa-li-ik-ku-un ḫa-le-eš-ki-i[l]	ḫa-li-ik-ku-un
732	KBo 37.14	Vs.? I 13′	3	]-ša-aḫ te-kat-te-ia ḫa-li-nu-uḫ	te-kat-te-ia ḫa-li-nu-uḫ
732	KBo 37.14	Vs.? I 14′	3	]-eš-ši-ip le-e-a-ša-aḫ te-kat-te-ia	le-e-a-ša-aḫ te-kat-te-ia
732	KBo 37.14	Vs.? I 15′	2	]x te-eg-ga-ḫu-um-ma	te-eg-ga-ḫu-um-ma
732	KBo 37.14	Vs.? I 16′	2	]x-a-i-ti ta-li-ta-ḫ[u(-)	
732	KBo 37.14	Vs.? I 17′	2	te-kat-te-ia [	te-kat-te-ia
732	KBo 37.14	Vs.? II 1′	2	[x-x-ma [u-x[	
732	KBo 37.14	Vs.? II 2′	2	[ta-ba-ar-na [k[at-te	
732	KBo 37.14	Vs.? II 3′	3	[za-aš-wa-[ [-š]a-il te-x[	
732	KBo 37.14	Vs.? II 4′	3	[a-ša-aḫ-nu [te-ḫa-ap [x[	
732	KBo 37.14	Vs.? II 5′	2	[pu-la-aš-ni [te-wu-uš-[	
732	KBo 37.14	Vs.? II 6′	2	[ú-i-ta-a-nu [a-wa-i[a-	
732	KBo 37.14	Vs.? II 7′	1	[la-la-al-ša-an-x[	
732	KBo 37.14	Vs.? II 8′	1	[ta-wa-du-u-la(-)[	
732	KBo 37.14	Vs.? II 9′	1	[we-e-uz-zi(-)[	
732	KBo 37.14	Vs.? II 10′	2	[te-ú-un [a-x[	
732	KBo 37.14	Vs.? II 11′	2	[te-ú-un [[	
732	KBo 37.15	1′	1	]-nu(-)x[	
732	KBo 37.15	2′	3	[-g]a-ri ma-a n[u-	ma-a
732	KBo 37.15	3′	3	[ta-ba]-ar-na kat-te-e [	kat-te-e
732	KBo 37.15	4′	3	-nu taḫ-ru-na li-ip-z[i	taḫ-ru-na
732	KBo 37.15	5′	3	x(-)le-e-ḫa mu-ru-u-wa taḫ-x[	mu-ru-u-wa
732	KBo 37.15	6′	3	x-u-wa-ḫi-ši-ip še-x-uš x-iz(-)[	
732	KBo 37.15	7′	1	-aḫ-x(-)le-e-pí-x-x-x	
732	KBo 37.15	8′	2	]x-an(-)ia-aḫ-x-za ša-a-x-e-ni	
732	KBo 37.15	10′	2	]x-ni x-še-x-zi-x	
732	KBo 37.15	11′	3	]x-x x x-x-x-ḫi-zi	
732	KBo 37.15	12′	2	]x-da zi(-)[	
732	KBo 37.15	13′	1	x-wa-iz-x[	
732	KBo 37.15	14′	2	x AN-x[	
732	KBo 37.16	5′	2	]x-a ti-ia-iš(-)[	
732	KBo 37.16	6′	3	-pí-nu ḫa-an-wa da-x[	ḫa-an-wa
732	KBo 37.16	7′	2	[ḫa]-li-ik-ka₄-aš ku-x[	
732	KBo 37.16	8′	3	[-el-ma-a]ḫ le-e-a-ša-aḫ t[e-kat-ti-ia	le-e-a-ša-aḫ
732	KBo 37.16	9′	2	[-ḫ]u-ur-ḫu-ur le-e-a-š[a-aḫ	
732	KBo 37.16	10′	3	-ta-aḫ ti-an-ti-ia ḫa-a-[	ti-an-ti-ia
732	KBo 37.16	11′	3	[le-e-a-ša-a]ḫ te-kat-ti-ia ḫa-[	te-kat-ti-ia
732	KBo 37.16	12′	2	[le-e]-a-ša-aḫ te-kat-t[i-ia	
732	KBo 37.16	13′	1	x-x[	
732	KBo 37.17	1′	2	] ḫa-li-ku-u[n]	
732	KBo 37.17	2′	2	ḫa-le-eš-ki]--il ḫa-li-ku-un	ḫa-le-eš-ki--il ḫa-li-ku-un
732	KBo 37.17	3′	2	]x-zi ḫa-li-nu-uḫ	ḫa-li-nu-uḫ
732	KBo 37.17	4′	2	ḫa-le]-e-ku-ra-i-ti ta-li-še-ri-ip	ḫa-le-e-ku-ra-i-ti ta-li-še-ri-ip
732	KBo 37.17	5′	1	]x-ú-ḫa-ag-ga-šu-ul	
732	KBo 37.17	6′	2	(-)ḫ]u-ú-ši ka-zi-iš-ki-li	ḫu-ú-ši ka-zi-iš-ki-li
732	KBo 37.17	7′	2	]x-ap-ga-tu-ur pa-aš-ta-e-a	pa-aš-ta-e-a
732	KBo 37.17	8′	2	-p]a-šu-ul wa-aš-ḫa-wa-ú-un	wa-aš-ḫa-wa-ú-un
732	KBo 37.17	9′	3	]x-ú-un wa-ša-aḫ a-le-e-ep	wa-ša-aḫ a-le-e-ep
732	KBo 37.17	10′	1	]x-tu-ḫa-aš-šu-ú-un	
732	KBo 37.17	11′	2	]-un zi-a-na-a-an	zi-a-na-a-an
732	KBo 37.17	12′	2	]x-aḫ-aš-ki-in wa-ša-a-ḫi-in	wa-ša-a-ḫi-in
732	KBo 37.17	13′	2	]-šu a-aš-ši-taḫ	a-aš-ši-taḫ
732	KBo 37.17	14′	2	]x-pí ta-mu-u-zi-aḫ-šu	ta-mu-u-zi-aḫ-šu
732	KBo 37.17	15′	1	l]i-ip-šu-un-na	li-ip-šu-un-na
732	KBo 37.17	16′	2	] a-ta-an-nu	a-ta-an-nu
732	KBo 37.17	17′	1	]x-ar-wa-aš	
732	KBo 37.17	18′	1	]x-x-x	
732	KBo 37.18	1′	1	]x-x-x[	
732	KBo 37.18	2′	2	[-w]a-wu-ia ga-a-l[i-	
732	KBo 37.18	3′	2	x-ú-ni-wu-u ti-pí-[	
732	KBo 37.18	4′	4	x ša-a-u ti-ip-ti e-eš-[	ša-a-u ti-ip-ti
732	KBo 37.18	5′	4	-u ša-za-ú a-ra-ši-ip ša-[	ša-za-ú a-ra-ši-ip
732	KBo 37.18	6′	3	[ta-ba-a]r-na ka-at-ti-it ta-ba-a[r-na	ka-at-ti-it
732	KBo 37.18	7′	3	[pí-in-n]u-ut-ta-at ḫa-li-ik-ka₄-aš l[e-e-a-ša-aḫ	ḫa-li-ik-ka-aš
732	KBo 37.18	8′	3	[ḫa-li]-ik-ka₄-aš le-e-a-ša-aḫ te-kat-[te-ia	le-e-a-ša-aḫ
732	KBo 37.18	9′	3	[-e]l-ma-aḫ le-e-a-ša-a[ḫ] te-[kat-te-ia	
732	KBo 42.8	Rs. (III) 14′	1	le-e]-ga-ra-a-at	le-e-ga-ra-a-at
732	KBo 42.8	Rs. (III) 15′	1	]x-ḫu-u-uš-pár-ta	
732	KBo 42.8	Rs. (III) 16′	1	]x-e-wa-wa-aḫ	
732	KBo 42.8	Rs. (III) 17′	1	]	
732	KUB 17.34	Vs. I 1′	3	[ x-x-x-x-ip ka₄-x[	
732	KUB 28.82+	 {€3} 22′	2	[ú-wa-ag-ga-at [ú-wa-ag-g[a-at	
732	KUB 28.82+	 {€3} 23′	3	[a-na-a [te-e-ia-aš [u-pé-e-[en	
732	KUB 28.82+	 {€3} 24′	2	[ta-aš-te-e-i-ša [u-pé-[e-en	
732	KUB 28.82+	 {€3} 25′	2	[ta-aš-te-e-ša [u-pé-e-[en	
732	KUB 28.82+	 {€3} 26′	2	[te-a-i-ša(-)tu-u-wa [in-[ta-a	
732	KUB 28.82+	 {€3+4} 27′/1′	2	[ta-ba-ar-na [ka-[	
732	KUB 28.82+	 {€4} 2′	3	x-ig-ga-aš le-e-a-ša-aḫ x[	le-e-a-ša-aḫ
732	KUB 28.82+	 {€4} 3′	3	x-el-ma-aḫ le-e-a-ša-aḫ i[š-	le-e-a-ša-aḫ
732	KUB 28.82+	 {€4} 4′	3	x-ta-mu le-e-a-ša-aḫ ka-x[	le-e-a-ša-aḫ
732	KUB 28.82+	 {€4} 5′	3	[-a]ḫ-ḫu-úr-ḫu-ur le-e-a-ša-aḫ [	le-e-a-ša-aḫ
732	KUB 28.82+	 {€4} 6′	3	x-ku-ú-up le-e-a-ša-aḫ ka-[	le-e-a-ša-aḫ
732	KUB 28.82+	 {€4} 7′	3	[-l]e-en-zi-iš le-e-a-ša-aḫ ka-[	le-e-a-ša-aḫ
732	KUB 28.82+	 {€4} 8′	3	-up ḫa-a-li-pé-er-pé-er ḫa-a-l[i-	ḫa-a-li-pé-er-pé-er
732	KUB 28.82+	 {€4} 9′	2	ka-ti-i-ia ḫa-a-li-nu-uḫ	ka-ti-i-ia ḫa-a-li-nu-uḫ
732	KUB 28.82+	 {€4} 10′	3	]x ḫa-li-ik-ku-e-el-zi-ip [	ḫa-li-ik-ku-e-el-zi-ip
732	KUB 28.82+	 {€4} 11′	2	ka-ti-i-ia ḫa-li-tu-ni-i[p	ka-ti-i-ia
732	KUB 28.82+	 {€4} 12′	2	-taḫ-ḫu-ú-tu-ḫa ḫa-li-ik-ku-ra-x[	
732	KUB 28.82+	 {€4} 13′	1	x-x-i-ia	
732	KUB 28.82+	 {€4} 14′	2	]x-iš-te-li-iš wa-tu-ú-mi	wa-tu-ú-mi
732	KUB 28.82+	 {€4} 15′	2	]x-wi-i ḫa-wa-aš-ḫa-ap	ḫa-wa-aš-ḫa-ap
732	KUB 28.82+	 {€4} 16′	1	]x-x-x-x-x[	
732	KUB 28.82+	 {€1} Vs. II 1′	3	[[ [ x-x-x[	
732	KUB 28.82+	 {€1} Vs. II 2′	2	[tu-uš-ḫé-e-el [tu-x[	
732	KUB 28.82+	 {€1} Vs. II 3′	3	[ma-ne [Dwa-a-ši-il [ka-[	
732	KUB 28.82+	 {€1} Vs. II 12′	2	a-ra-am-me-za-wa-aḫ-še-er zi-wa-wa-it	a-ra-am-me-za-wa-aḫ-še-er zi-wa-wa-it
732	KUB 28.82+	 {€1} Vs. II 13′	3	ak-ḫa-am-pa a-ra-me-za-aš-wa-a-aḫ-še-er 〈〈x-an〉〉	ak-ḫa-am-pa a-ra-me-za-aš-wa-a-aḫ-še-er
732	KUB 28.82+	 {€1} Vs. II 14′	3	tu-uz-we-e-wi in-ta-a ta-ba-ar-na	tu-uz-we-e-wi in-ta-a ta-ba-ar-na
732	KUB 28.82+	 {€1} Vs. II 15′	4	ga-at-te-e ki-i-pa wa-ša-a-aḫ a-le-e-ep	ga-at-te-e ki-i-pa wa-ša-a-aḫ a-le-e-ep
732	KUB 28.82+	 {€1} Vs. II 16′	3	e-ez-wa-aḫ-še-er te-e-ez-wa-aḫ-še-er tu-ú-zi-ip-nu	e-ez-wa-aḫ-še-er te-e-ez-wa-aḫ-še-er tu-ú-zi-ip-nu
732	KUB 28.82+	 {€1} Vs. II 17′	3	te-el-le-e-en ma-te-et te-e-ni-i	te-el-le-e-en ma-te-et te-e-ni-i
732	KUB 28.82+	 {€1} Vs. II 18′	3	te-el-le-e-en te-ez-wa-aḫ-še-er pa-le-e-zu-wa-a(-)[	te-el-le-e-en te-ez-wa-aḫ-še-er
732	KUB 28.82+	 {€1} Vs. II 19′	3	[te-ez-wa-aḫ-še-er [pa-le-e-pí-i-nu [te-ez-wa-aḫ-še-er	
732	KUB 28.82+	 {€1} Vs. II 20′	2	[le-e-we-el-tu₄ [te-ez-wa-aḫ-še-er	
732	KUB 28.82+	 {€1} Vs. II 21′	3	[te-el-le-en [te-pí-i-da [te-e-mu-na-mu-na-x	
732	KUB 28.82+	 {€1} Vs. II 22′	4	[ú-re-e-et [ka-at-taḫ [a-na-a [te-a-aš(-)[	
732	KUB 28.82+	 {€1} Vs. II 23′	3	[u-pí-i-in [u-pa-šu-un-na-el [ta-aš-t[e-e-i-ša	
732	KUB 28.82+	 {€1} Vs. II 24′	2	[u-pí-i-in [u-ta-mu-u-il	
732	KUB 28.82+	 {€1} Vs. II 25′	3	[ta-aš-te-e-ša [u-pí-i-in [ḫa-wa[-	
732	KUB 28.82+	 {€1} Vs. II 26′	3	[te-a-aš-tu-ú-pa-aš [in-ta-a [ta-ba-a[r-na	
732	KUB 28.82+	 {€1} Vs. II 27′	2	[ḫa-li-ik-ki-iš [la-aḫ-šu-x[	
732	KUB 28.82+	 {€1} Vs. II 28′	2	[le-e-a-ša-aḫ [ka-ti-i-i[a	
732	KUB 28.82+	 {€1} Vs. II 29′	2	[le-e-a-ša-aḫ [ka-ti-i-i[a	
732	KUB 28.82+	 {€1} Vs. II 30′	2	[le-e-a-ša-aḫ [ka-ti-i-i[a	
732	KUB 28.82+	 {€1} Vs. II 31′	3	[[l]e-e-a-ša-aḫ kat-tu-ú-pa ḫa-[li-	kat-tu-ú-pa
732	KUB 28.82+	 {€1} Vs. II 32′	2	[[ḫa-a-li-pí-ir-p]í-ir ḫa-le-e-[eš-	
732	KUB 41.7+	 {€2} Vs. III 15	3	[am-mi-šu-u-ma [le-e-x[ -a-an	
732	KUB 41.7+	 {€2} Vs. III 16	1	le-e-ka-a-ar-x[	
732	KUB 41.7+	 {€2} Vs. III 17	3	[[ x-a-an ku-wa-a-at-x[	
732	KUB 41.7+	 {€2} Vs. III 18	3	[[ [ x-pár-ḫa-a-aš-x[	
732	KUB 41.7+	 {€2} Vs. III 19	3	[[ [ x-ḫu-uš-pár-t[a	
732	KUB 41.7+	 {€2} Vs. III 20	4	[[ [ x-le-e-za-x[ x-na	
733	KBo 25.113	{€1} 3′	3	[ [ḫ]a-pí-pu-na-a-an [	
733	KBo 25.113	{€1} 4′	2	[ka-aš-tu-w]a-ri-i-it [	
733	KBo 25.113	{€1} 5′	3	[ [ka-a-at-ta]ḫ [	
733	KBo 25.113	{€1} 6′	2	[ -i-ḫa-pí-pu-n[a	
733	KBo 25.113	{€1} 7′	2	[ x-tu-ú-u[l	
733	KBo 25.113	{€1} 8′	3	[ [-t]u [	
733	KBo 25.119	{€2} 5′	4	[ x MUNUS.LUGAL tu-uz-ni-wa-[aš	
733	KBo 25.119	{€2} 8′	4	[ [k]a-wa-a-aš-tu-uḫ MUNUS.LUGAL [	
733	KBo 25.119	{€2} 11′	2	[ [ka-ḫa-a]l-pu-u-ze-e-[el	
733	KBo 25.119	{€2} 12′	3	[ -ú-ša ia-aḫ-[tu-ú-ul	
733	KBo 25.120	1′	2	] li-x[	
733	KBo 25.120	2′	3	[ 2-ŠU 8-i[n(-)	
733	KBo 25.120	3′	3	[ [z]i-ni-eš-ru-uḫ x[	
733	KBo 25.120	4′	4	[ x-še-un zi-i-u ú-up-p[í-in	zi-i-u
733	KBo 25.120	5′	4	[ [-w]i-iš an-na ú-uš-pí-iš-pa(-)ḫ[a-	an-na
733	KBo 25.120	6′	4	[ x-pí-in-pa tu-ú-ti ḫa-ta-x[	tu-ú-ti
733	KBo 25.120	7′	8	[[ [ 3 ka-a-tu-u ú-up-pí-in ú-i-wi pa-la [	ka-a-tu-u ú-up-pí-in ú-i-wi pa-la
733	KBo 25.120	9′	3	ka-a-aš-tu-wa-re-e-et ḫa-wa-aš-ḫa-wi-i-pí ka-i[a-	ka-a-aš-tu-wa-re-e-et ḫa-wa-aš-ḫa-wi-i-pí
733	KBo 25.120	10′	4	[DINGIR-ap [ka-a-at-taḫ [QA-TAM-MA [ma-a-al-di	
733	KBo 25.120	12′	3	[[ḫ]a-pí-pu-na-a-an Dš[u]-l[i-i]n-kat-te ḫa-wa-aš-ḫa-wi-i-p[í	
733	KBo 25.120	13′	3	[[ka-a-a]t-te LUGAL-te eš-tu-u-pé-en-tu(-)u-uḫ-kán-ti-u(-)k[i-	
733	KBo 25.120	14′	5	[[ [ [ [ x-li-x[	
733	KBo 25.120	16′	5	[[ [ [ḫa-wa-aš-ḫ]a-wi-i-pí ka-a-ti-ti [	ka-a-ti-ti
733	KBo 25.120	17′	5	[[ [ x-da-ḫa-aš ka-a-aḫ-aš x[	ka-a-aḫ-aš
733	KBo 25.120	18′	4	[[ [ x ḫa-wa-aš-ḫ[a-wi]-i-[pí	
733	KBo 25.121	{€3} Vs. I 1′	4	te-ku-u]n-ku-u[ḫ-ḫu-a] MUNUS.LUGAL KI.MIN DUMUMEŠ-Š[U	
733	KBo 25.121	{€3} Vs. I 2′	5	[ [l]e-e-wu-u-ur DIŠKUR-un ia-aḫ-tu-ú-ul KI.MIN	ia-aḫ-tu-ú-ul
733	KBo 25.121	{€3} Vs. I 3′	5	iš-tar-ra-az-zi-i]l KI.3 ÉRINMEŠ-ŠU KI.4 Dwa-a-ši-il	iš-tar-ra-az-zi-il wa-a-ši-il
733	KBo 25.121	{€3} Vs. I 4′	3	]x-a tu-ú-uḫ zi-i-ip-pa-aš-ku	tu-ú-uḫ zi-i-ip-pa-aš-ku
733	KBo 25.121	{€3} Vs. I 5′	3	]-ḫu-ú-ḫi-il ku-li-i-ip zi-i-ip-pí-iš-ku-u	ku-li-i-ip zi-i-ip-pí-iš-ku-u
733	KBo 25.121	{€3} Vs. I 6′	4	]x-a-i-še-ez-za-li UDU.NÍTAḪI.A KI.MIN te-eš-šu-ú-wa-az-zi-in	te-eš-šu-ú-wa-az-zi-in
733	KBo 25.121	{€3} Vs. I 7′	3	]-šu-up-ka-ma-ar šu-ú-up-ḫa-ak-ḫi-il te-ku-u-un	šu-ú-up-ḫa-ak-ḫi-il te-ku-u-un
733	KBo 25.121	{€3} Vs. I 8′	3	]x(-)ḫa-a-ša-ra at-tu-un-wa-a-ap le-e-a-le-e-ep	at-tu-un-wa-a-ap le-e-a-le-e-ep
733	KBo 25.121	{€3} Vs. I 11′	2	AM]AR-me-in-te-e-el ḫa-wa-aš-ḫa-wi-pí	ḫa-wa-aš-ḫa-wi-pí
733	KBo 25.121	{€3} Vs. I 12′	5	]x x[ x-aš ka-a-an-na-i te-eš-šu-ú-we-ma	ka-a-an-na-i te-eš-šu-ú-we-ma
733	KBo 25.121	{€3} Vs. I 13′	6	eš]-wa-a [ (-)zu-mu-un eš-wa-a UR.MAḪ-un a-ap-x-x-x[	eš-wa-a eš-wa-a
733	KBo 25.121	{€3} Vs. I 14′	4	[ x-pu-un-zi-nu ta-le-eš-tu-uš-tu-uš pí-x[	ta-le-eš-tu-uš-tu-uš
733	KBo 25.121	{€3} Vs. I 15′	3	[ x-a-at-tu [	
733	KBo 25.121	{€3} Vs. I 16′	5	[ -ma u-du-uz-zu-u tu-ú-zu-uz-zu ka-[	u-du-uz-zu-u tu-ú-zu-uz-zu
733	KBo 25.121	{€3} Vs. I 17′	5	[ x-ta ka-ma-pu-ú-un-ta ka-a-at-te u-pu-[	ka-ma-pu-ú-un-ta ka-a-at-te
733	KBo 25.121	{€3} Vs. I 18′	4	[ x-k[u-l]i-i-ip eš-tu-u-pí-it-tu ka-a-[	eš-tu-u-pí-it-tu
733	KBo 25.121	{€3} Vs. I 19′	3	[ [ka-a]š-ta-am-mu-ú-mu-up-ta ka-te-wu-u[l(-)	
733	KBo 25.121	{€3} Vs. I 20′	3	[ ú-ku-li-i-ip ka-a-i-wa-a-e-wa(-)x[	ú-ku-li-i-ip
733	KBo 25.121	{€3} Vs. I 21′	4	[ x ka-te-e(-)ku-u-un ka-te-e(-)ḫa-wa-[	ka-te-eku-u-un
733	KBo 25.121	{€3} Vs. I 22′	4	[ [-z]i-il-me-et ka-te-e eš-ki(-)i[l(-)	ka-te-e
733	KBo 25.121	{€3} Vs. I 23′	4	[ x ka-te-e ka-a-ta-ra-a[l(-)	ka-te-e
733	KBo 25.121	{€3} Vs. I 24′	3	[ [k]a-aš-ta-am-mu-ú-mu-up-ta [	
733	KBo 25.121	{€3} Vs. I 25′	7	[ x x[ [ x x x x[	
733	KBo 25.132	{€1} 1′	3	]x[ [ x[	
733	KBo 25.132	{€1} 2′	2	[ (-)zi-in-ka-x[	
733	KBo 25.132	{€1} 3′	3	[ -un(-)tu-uz-ni-wa [	
733	KBo 25.132	{€1} 4′	4	[ x-wa 8-in li-[	
733	KBo 25.132	{€1} 5′	3	[ x-e x[	
733	KBo 25.132	{€1} 6′	2	[ [-a]š(-)ḫa-zu-[	
733	KBo 25.132	{€1} 7′	3	[ x x-ia[(-)	
733	KBo 25.134	{€2} 1′	2	] MUNUS.LU[GAL	
733	KBo 25.134	{€2} 2′	1	[ḫa-wa-a]š-ḫa-w[i	
733	KBo 25.134	{€2} 3′	2	[ [i]a-ah-tu-ú-[ul(-)	
733	KBo 25.134	{€2} 4′	2	[ -wa-a-[aš	
733	KBo 37.19	2′	2	[ḫa-w]i-pu-na-a-an [	
733	KBo 37.19	3′	4	[ x DINGIR-ap ka-a-[at-te	
733	KBo 54.225	r. Kol. 1′	1	x[	
733	KBo 54.225	r. Kol. 2′	2	[u-ut-ḫu-ru-u [Dx[	
733	KBo 54.225	r. Kol. 3′	1	[Diš-du-u[š-ta-ia	
733	KBo 54.225	r. Kol. 4′	2	[a-ši-ip [[	
733	KBo 54.225	r. Kol. 5′	1	[ka-x[	
733	KBo 60.217	{€4} 1′	2	-ḫ]i-il [	
733	KBo 60.217	{€4} 2′	4	[te-ku-un-ku-uḫ-ḫu-u]-a MUNUS.LUGAL KI.MIN [	
733	KBo 60.217	{€4} 3′	3	[ [ia-a]ḫ-tu-ú-ul K[I.MIN	
733	KBo 60.217	{€4} 4′	3	[ (-)tu-u-uḫ zi-i-[ip-pa-aš-ku	
733	KBo 60.217	{€4} 5′	3	[ [AM]AR.ÁB x[	
733	KBo 60.217	{€4} 6′	2	[ x-i-w[a-	
733	KBo 60.217	{€4} 7′	2	[ [z]a[	
733	KBo 63.126+	{€5} Vs. I 4	4	[ut-ḫ]u-ru-u AMAR-mi-en-te-el ḫa-wi-wu-na-a-an AMAR-mi-en-te-el	ḫa-wi-wu-na-a-an
733	KBo 63.126+	{€5} Vs. I 5	4	[ḫa-w]a-aš-ḫa-wi-i ḫa-aš-ta-nu-e-el DINGIR-ap ka-at-te	ḫa-aš-ta-nu-e-el ka-at-te
733	KBo 63.126+	{€5} Vs. I 6	2	[k]a-a-at-te eš-tu-u-pé-en-tu(-)u-uḫ-kán-ti-i-u	eš-tu-u-pé-en-tuu-uḫ-kán-ti-i-u
733	KBo 63.126+	{€5} Vs. I 7	4	[ le-e-ḫa-zu-wa-a-aḫ am-mi-i-šu-u ḫa-zu-ú-wa-ḫé-en-tu	le-e-ḫa-zu-wa-a-aḫ am-mi-i-šu-u ḫa-zu-ú-wa-ḫé-en-tu
733	KBo 63.126+	{€5} Vs. I 8	5	[t]a-ḫa-a-ak-pí 8-in am-pu-ú-tu 〈〈x〉〉 ḫa-pal-ki-a-an	am-pu-ú-tu ḫa-pal-ki-a-an
733	KBo 63.126+	{€5} Vs. I 9	2	[l]e-e-ki-wu-un an-ka-zi-ip-ḫé-en-tu	an-ka-zi-ip-ḫé-en-tu
733	KBo 63.126+	{€5} Vs. I 10	6	[ [ -lu-u-up eš-tu-u-pé-e-tu u-te-wu-uš-ne KI.MIN	eš-tu-u-pé-e-tu u-te-wu-uš-ne
733	KBo 63.126+	{€5} Vs. I 11	5	[ [-l]i-i-ip KI.3 ka-a-n[a]-ḫa-ap-zu ka-a-ma-al-ḫi-ip	ka-a-ma-al-ḫi-ip
733	KBo 63.126+	{€5} Vs. I 12	6	[ [ -ka-a-za-ra u-up-ta-a-wu-eš u-wa-a ka-li-iš-tu	u-up-ta-a-wu-eš u-wa-a ka-li-iš-tu
733	KBo 63.126+	{€4+5} 1′/Vs. I 13	2	[uš-š]u-uk-ka-i-wa-a-e uš-šu-uk-ki-wi-iš	uš-šu-uk-ki-wi-iš
733	KBo 63.126+	{€4+5} 2′/Vs. I 14	3	[uš-š]u-uk-ka-wa-al-wa-la-at uš-šu-ú-up-pu wu-u-[u]r-tu	uš-šu-ú-up-pu
733	KBo 63.126+	{€4+5} 3′/Vs. I 15	5	[te]-pu-u-ut pa-[l]a kat-te-e [ [	kat-te-e
733	KBo 63.126+	{€4+5} 4′/Vs. I 16	6	[k]a-a-at-te te-k[u-un-ku-u]ḫ-ḫu-u-a MUNUS.LUGAL KI.M[IN [DUMUMEŠ-ŠU [KI.3	
733	KBo 63.126+	{€4+5} 5′/Vs. I 17	6	[[DUMU.DUMUMEŠ-Š]U KI.4 [ÉRINMEŠ-ŠU [KI].5 K[UR-SÚ [ta-ia-a-an	
733	KBo 63.126+	{€4} 6′	2	[[ka-zi-i]n-wa [	
733	KBo 63.126+	{€6} lk. Kol. 1′	2	[ [-u]n	
733	KBo 63.126+	{€6} lk. Kol. 2′	4	MUNUS.LUGAL KI].MIN DUMUMEŠ-ŠU KI.3	
733	KBo 63.126+	{€6} lk. Kol. 3′	2	KUR-SÚ t]a-ia-a-an	ta-ia-a-an
733	KBo 63.126+	{€6} lk. Kol. 4′	3	pa-l]a ta-i-ma-a-an KI.MIN	pa-la ta-i-ma-a-an
733	KBo 63.126+	{€6} lk. Kol. 5′	1	-u]n-pí	
733	KBo 63.126+	{€6} lk. Kol. 6′	1	t]e-ep-ka-aḫ-ḫi-il-la	te-ep-ka-aḫ-ḫi-il-la
733	KBo 63.126+	{€6} lk. Kol. 7′	2	] tap-pé-e-er	tap-pé-e-er
733	KBo 63.126+	{€6} lk. Kol. 9′	1	Dt]a-a-ru	ta-a-ru
733	KBo 63.126+	{€6} lk. Kol. 10′	2	ta-a-ru] ḫa-wa-aš-ḫa-[wi-i]	ta-a-ru
733	KBo 63.126+	{€6} lk. Kol. 11′	1	eš-tu-u-pu]-un-tu(-)u-[uḫ-kán-ti-i-u]	
733	KBo 63.126+	{€6} lk. Kol. 12′	3	]x x[ [	
733	KBo 63.126+	{€5} Vs. II 1′	5	w[a-la-a-aḫ [le-e [ḫa-zu-wa-a-aḫ [am-mi-i-šu-u [ḫa-zu-ú-wa-ḫé-en-tu	
733	KBo 63.126+	{€5} Vs. II 2′	4	[ta-[ḫa-a-ak-pí [8-in [am-pu-ú-tu [ḫa-pal-ki-a-an	
733	KBo 63.126+	{€5} Vs. II 3′	2	[le-e-[ki-wu-un [an-ka-zi-ip-ḫé-en-tu	
733	KBo 63.126+	{€5} Vs. II 4′	4	[a-re-e-u [[u-ka-li-i-iš [ka-te-e [ḫa-ma-zu	
733	KBo 63.126+	{€5} Vs. II 5′	4	[pa-la [u-t[a-we-e-eš [uš-šu-uk-ki-we-e [uš-šu-uk-ki-wi-iš	
733	KBo 63.126+	{€5} Vs. II 6′	3	[uš-šu-up-k[a-wa-al-wa-la-at [uš-šu-ú-up-pu [KUR-tu	
733	KBo 63.126+	{€5} Vs. II 7′	3	[te-pu-u-ut [[pa-la [kat-te-e	
733	KBo 63.126+	{€5} Vs. II 8′	6	[ka-a-at-te [t[e-ku-un-ku-uḫ-ḫu-u-a [MUNUS.LUGAL [KI.MIN [DINGIRMEŠ-ŠU [KI.3	
733	KBo 63.126+	{€5} Vs. II 9′	6	[DUMU.DUMUMEŠ-ŠU [KI.4 [[ÉRINMEŠ-ŠU [KI.5 [KUR-SÚ [ta-ia-a-an	
733	KBo 63.126+	{€5} Vs. II 10′	2	[ka-zi-in [[	
733	KBo 63.126+	{€5} Vs. II 11′	1	[ta-ḫa-ta-[	
733	KBo 63.126+	{€5} Vs. II 12′	1	[[UR]U[k]a-a-ku-[	
733	KBo 63.126+	{€5} Vs. II 13′	3	[[ [ x-eš-[	
733	KBo 63.126+	{€6} r. Kol. 1′	3	[[ [ [ḫa-wi-wu]-na-a-[an	
733	KBo 63.126+	{€6} r. Kol. 2′	4	[[ [ x ḫa-wa-aš-ḫa-wi-[pí	
733	KBo 63.126+	{€6} r. Kol. 3′	4	[[ [ -na zi-lu-wa-a-lu-w[a	
733	KBo 63.126+	{€6} r. Kol. 8′	3	[ut-ḫu-ru-u [te-et-aḫ-ḫi-wa-a-la [ḫa-wi-w[u-na-a-an	
733	KBo 63.126+	{€6} r. Kol. 9′	2	[te-et-aḫ-ḫi-wa-a-la [ḫa-wa-aš-ḫa-wi-[pí	
733	KBo 63.126+	{€6} r. Kol. 10′	3	[DINGIR-ap [ka-a-at-taḫ [pa-ra-a-x[	
733	KBo 63.126+	{€6+1+2} r. Kol. 14′/3′	4	[URUka₄-li-mu-na-du-a [ḫa-wi-wu-[n]a-a-an ta-a-ru [	ta-a-ru
733	KBo 63.126+	{€1+2} r. Kol. 15′/4′	5	[[ḫa-wa-aš-ḫa-w]i-pí ḫa-i-ú ma-a-at-ḫa-li DINGIR-a[p [ka-a-at-te	ḫa-i-ú ma-a-at-ḫa-li
733	KBo 63.126+	{€1+2+7} r. Kol. 19′/8′/Vs.(?) II 1′	4	[[ [ x-zi-ta-i-e-et ḫa-wi-wu-na-a-[a]n	
733	KBo 63.126+	{€1+2+7} r. Kol. 20′/9′/Vs.(?) II 2′	4	[ [ [-zi-ta-i]-e-et ḫa-wa-aš-ḫa-wi-i-pí	ḫa-wa-aš-ḫa-wi-i-pí
733	KBo 63.126+	{€2+7} 10′/Vs.(?) II 3′	6	[ [ x zi-lu-wa-a-lu-wa DINGIR-ap ka-a-at-ti	zi-lu-wa-a-lu-wa ka-a-at-ti
733	KBo 63.126+	{€7} Vs.(?) II 8′	5	[ [ [-t]a-a-al ḫa-wi-wu-na-a-[an [	
733	KBo 63.126+	{€7} Vs.(?) II 9′	5	[ [ [ḫ]a-wa-aš-ḫa-wi-i-pí [ [	
733	KBo 63.126+	{€7} Vs.(?) II 10′	7	[ [ [DINGIR-a]p ka-a-at-te nam-ma [ [	ka-a-at-te nam-ma
733	KBo 63.126+	{€7} r. Rd. 1′	2	[ x	
733	KBo 63.126+	{€7} r. Rd. 2′	1	ḫa-wa-aš-ḫa-wi]-i-pí	ḫa-wa-aš-ḫa-wi-i-pí
733	KBo 63.126+	{€5} Rs. IV 1′	4	[ [ [ḫa-wa-aš]-ḫa-wi-i-pí ŠA DIN[GIRMEŠ	
733	KBo 64.173	1′	3	[ [ x-pu-x[	
733	KBo 64.173	2′	4	[[ [ KI.5 KU[R-SÚ	
733	KBo 64.173	3′	3	[[ [ [t]e-ek-za-š[u-(u)-la	
733	KBo 64.173	4′	4	[[ [ x-wa i-il-[la	
733	KBo 64.173	5′	5	[[ [ x ka-a-ma [	ka-a-ma
733	KBo 64.173	6′	4	[[ [ x x[	
733	KUB 28.75	Vs. I 6‴	2	]x KI.3	
733	KUB 28.75	Vs. I 7‴	1	ta-i]a-a-an	ta-ia-a-an
733	KUB 28.75	Vs. I 8‴	2	ta-i-m]a-a-an KI.[MIN]	ta-i-ma-a-an
733	KUB 28.75	Vs. I 9‴	1	]x-un-pí	
733	KUB 28.75	Vs. I 10‴	1	GIŠK]IRI₆.GEŠTIN	
733	KUB 28.75	Vs. I 11‴	1	t]e-wu-uš-ne	te-wu-uš-ne
733	KUB 28.75	Vs. I 12‴	1	-a]r-zi-in	
733	KUB 28.75	Vs. I 13‴	1	-l]e-en	
733	KUB 28.75	Vs. I 15‴	3	]x pu-na-x[ [	
733	KUB 28.75	Vs. I 16‴	3	]x-ma-an-x x[ [	
733	KUB 28.75	Vs. I 17‴	1	u-uḫ-kán-t]i-i-u	u-uḫ-kán-ti-i-u
733	KUB 28.75	Vs. I 18‴	1	](-)za-a-ak-zu-en-tu	za-a-ak-zu-en-tu
733	KUB 28.75	Vs. II 3	3	[u]t-ḫu-ru-u ka-ḫal-wu-uz-ze-el ḫa-wi-wu-n[a-a-an]	ka-ḫal-wu-uz-ze-el
733	KUB 28.75	Vs. II 4	4	[k]a-ḫal-wu-uz-ze-el ḫa-wa-aš-ḫa-wi-pí ka-aš-tu-w[a [DINGIR-a]p	ḫa-wa-aš-ḫa-wi-pí
733	KUB 28.75	Vs. II 5	3	ḫa-li-ia-a-an-na DINGIR-ap ka-a-at-te	ḫa-li-ia-a-an-na ka-a-at-te
733	KUB 28.75	Vs. II 6	2	ka-a-at-te eš-tu-u-pu-un-tu(-)u-uḫ-kán-ti-i-u	ka-a-at-te eš-tu-u-pu-un-tuu-uḫ-kán-ti-i-u
733	KUB 28.75	Vs. II 7	4	wa-la-a-aḫ le-e-ḫa-zu-wa-a-aḫ am-mi-i-šu-u ḫa-zu-wa-ḫé-en-tu	wa-la-a-aḫ le-e-ḫa-zu-wa-a-aḫ am-mi-i-šu-u ḫa-zu-wa-ḫé-en-tu
733	KUB 28.75	Vs. II 8	4	ta-ḫa-a-ak-pí 8-in am-pu-ú-ut-tu ḫa-pal-ki-an	ta-ḫa-a-ak-pí am-pu-ú-ut-tu ḫa-pal-ki-an
733	KUB 28.75	Vs. II 9	2	le-e-ki-i-wu-un an-ka-zi-ip-ḫé-en-tu	le-e-ki-i-wu-un an-ka-zi-ip-ḫé-en-tu
733	KUB 28.75	Vs. II 10	4	a-re-e-u u-ka-li-i-iš ka-te-e ḫa-ma-zu	a-re-e-u u-ka-li-i-iš ka-te-e ḫa-ma-zu
733	KUB 28.75	Vs. II 11	4	pa-la u-ta-we-eš uš-šu-uk-ki-we-e uš-šu-uk-ki-wi-iš	pa-la u-ta-we-eš uš-šu-uk-ki-we-e uš-šu-uk-ki-wi-iš
733	KUB 28.75	Vs. II 12	4	uš-šu-up-ka-wa-al-wa-la-at uš-šu-ú-up-pu KUR-tu te-pu-u-ut	uš-šu-up-ka-wa-al-wa-la-at uš-šu-ú-up-pu te-pu-u-ut
733	KUB 28.75	Vs. II 13	2	pa-la kat-te-e	pa-la kat-te-e
733	KUB 28.75	Vs. II 14	6	ka-a-at-te te-ku-un-ku-uḫ-ḫu-u-a MUNUS.LUGAL KI.MIN DINGIRMEŠ-ŠU KI.3	ka-a-at-te te-ku-un-ku-uḫ-ḫu-u-a
733	KUB 28.75	Vs. II 15	6	DUMU.DUMUM[EŠ-Š]U KI.4 ÉRINMEŠ-ŠU KI.5 KUR-SÚ ta-ia-a-an	ta-ia-a-an
733	KUB 28.75	Vs. II 16	7	k[a-zi-in [ x te-ek-za-šu-u-la pa-la ta-i-ma-a-an KI.MIN	te-ek-za-šu-u-la pa-la ta-i-ma-a-an
733	KUB 28.75	Vs. II 17	6	x x[ [ [te-ep-ka-aḫ-ḫi]-il-la DINGIRMEŠ-pí up-ḫa-a-pu-lu-up-ta-a	up-ḫa-a-pu-lu-up-ta-a
733	KUB 28.75	Vs. II 18	4	[ [ [t]e-ep-ka-aḫ-ḫi-la DINGIRMEŠ-pí	
733	KUB 28.75	Vs. II 19	5	[ [ [up-ḫa-a(-)te-wu-uš-n]e-en ut-ḫu-ru-u tap-pé-e-er	ut-ḫu-ru-u tap-pé-e-er
733	KUB 28.75	Vs. II 22	4	ḫa-wa-aš-ḫa-wi-i ka-aš-ba-ru-u-ia-aḫ DINGIR-ap ka-a-at-taḫ	ḫa-wa-aš-ḫa-wi-i ka-aš-ba-ru-u-ia-aḫ ka-a-at-taḫ
733	KUB 28.75	Vs. II 23	2	ka-a-at-te eš-tu-u-pé-en-tu-u(-)u-uḫ-kán-ti-i-u	ka-a-at-te eš-tu-u-pé-en-tu-uu-uḫ-kán-ti-i-u
733	KUB 28.75	Rs. III 2′	2	ḫa-pí-p[u-na-a-an [	
733	KUB 28.75	Rs. III 3′	2	ta-am-me-x[ [	
733	KUB 28.75	Rs. III 5′	3	ut-ḫu-ru-u ta-ḫa-at-te-nu-i-[it [	ut-ḫu-ru-u
733	KUB 28.75	Rs. III 6′	3	ta-ḫa-at-te-nu-i-it ḫa-wa-aš-ḫa-w[i-pí [	ta-ḫa-at-te-nu-i-it
733	KUB 28.75	Rs. III 9′	3	ḫa-pí-pu-na-a-an Dta-ši-im-me-et ḫa-wa-aš-ḫa-wi-pí	ḫa-pí-pu-na-a-an ta-ši-im-me-et ḫa-wa-aš-ḫa-wi-pí
733	KUB 28.75	Rs. III 10′	5	Dti-im-me-e-et DINGIR-ap ka-a-at-taḫ QA-TAM-MA me-e-ma-i	ti-im-me-e-et ka-a-at-taḫ me-e-ma-i
733	KUB 28.75	Rs. III 13′	3	Dwa-še-ez-zi-il ḫa-wa-aš-ḫa-wi-pí ták-ke-e-ḫal	wa-še-ez-zi-il ḫa-wa-aš-ḫa-wi-pí ták-ke-e-ḫal
733	KUB 28.75	Rs. III 14′	5	DINGIR-ap ka-a-at-te nam-ma QA-TAM-MA me-ma-i	ka-a-at-te nam-ma me-ma-i
733	KUB 28.75	Rs. III 17′	3	ḫa-pí-pu-na-a-an mi-it-tu-ú-nu-un ḫa-wa-aš-ḫa-wi-pí	ḫa-pí-pu-na-a-an mi-it-tu-ú-nu-un ḫa-wa-aš-ḫa-wi-pí
733	KUB 28.75	Rs. III 18′	4	a-a-ri-ša DINGIR-ap ka-a-at-te QA-TAM-MA	a-a-ri-ša ka-a-at-te
733	KUB 28.75	Rs. III 21′	4	ut-ḫu-ru-u DUTU URUka-ak-ša-ze-e-et ḫa-pí-pu-na-a-an	ut-ḫu-ru-u ka-ak-ša-ze-e-et ḫa-pí-pu-na-a-an
733	KUB 28.75	Rs. III 22′	3	DUTU URUka-ak-ša-ze-e-et ḫa-wa-aš-ḫa-wi-pí	ka-ak-ša-ze-e-et ḫa-wa-aš-ḫa-wi-pí
733	KUB 28.75	Rs. III 23′	3	le-e-le-ia-ḫu DINGIR-ap ka-a-at-taḫ	le-e-le-ia-ḫu ka-a-at-taḫ
733	KUB 28.75	Rs. III 26′	4	[u]t-ḫu-ru-u ka-i-it ḫa-pí-pu-na-a-an ka-i-it	ka-i-it ḫa-pí-pu-na-a-an ka-i-it
733	KUB 28.75	Rs. III 27′	4	ḫa-wa-aš-ḫa-wi-pí ḫa-a-ia-am-ma DINGIR-ap ka-a-at-taḫ	ḫa-wa-aš-ḫa-wi-pí ḫa-a-ia-am-ma ka-a-at-taḫ
733	KUB 28.75	Rs. III 30′	5	[u]t-ḫu-ru-u tu-ḫu-le-e-li ḫa-pí-pu-na-a-an tu-ḫu-le-e-[li [	tu-ḫu-le-e-li ḫa-pí-pu-na-a-an
733	KUB 28.75	Rs. III 31′	7	[ [ x x x x[ [ [k]a-[a]-at-te	
733	KUB 28.75	Rs. IV 1′	4	-w]a KI a-pa KUR	a-pa
733	KUB 28.75	Rs. IV 2′	1	](-)ma-re-e-et	ma-re-e-et
733	KUB 28.75	Rs. IV 3′	3	KI].MIN DUMUMEŠ-ŠU DUMU.DUMUMEŠ-ŠU	
733	KUB 28.75	Rs. IV 4′	5	]x KI a-pa KUR ta-ia-an	a-pa ta-ia-an
733	KUB 28.75	Rs. IV 5′	3	] ta-i-ma-a-an KI.MIN	ta-i-ma-a-an
733	KUB 28.75	Rs. IV 6′	2	]x u-up-pu-lu-up-ta-a-an	u-up-pu-lu-up-ta-a-an
733	KUB 28.75	Rs. IV 7′	2	] DINGIRMEŠ-pí	
733	KUB 28.75	Rs. IV 8′	1	tap-p]é-e-er	tap-pé-e-er
733	KUB 28.75	Rs. IV 10′	1	ḫa-pí-p]u-na-a-an	ḫa-pí-pu-na-a-an
733	KUB 28.75	Rs. IV 11′	2	DINGIR-a]p ka-a-at-te	ka-a-at-te
733	KUB 28.75	Rs. IV 13′	1	-t]u	
733	KUB 28.75	Rs. IV 14′	1	-t]u-u	
733	KUB 28.75	Rs. IV 15′	1	]-u	
733	KUB 28.75	Rs. IV 16′	1	]x-wa-a-e	
733	KUB 28.75	Rs. IV 17′	1	]x-tap-pí-in	
733	KUB 28.75	Rs. IV 18′	1	k]a-a-tu-u	ka-a-tu-u
733	KUB 28.75	Rs. IV 21″	1	]x-i	
733	KUB 48.49	{€4} 2′!	2	]-i ḫu-e-e[k-zi	
733	KUB 48.49	{€4} 3′!	3	[ [-r]u-u-un ḫa-[	
733	KUB 48.49	{€4} 4′!	3	[ [i]a-aḫ-tu-ú-ul [	
733	KUB 48.49	{€4} 6′!	2	[ -i-ti-ká[n	
733	KUB 48.49	{€4} 7′!	2	[ x(-)i-i[t	
734	KBo 21.82+	 {€1} Vs. I 1′	2	]x-in-nu a-x[	
734	KBo 21.82+	 {€1} Vs. I 2′	3	[ [-n]i-u ka-a-ri-ip-na(-)[	
734	KBo 21.82+	 {€1} Vs. I 3′	4	[ eš-ša-a-am-ma zi-ta-aš-ti-i-ku-x[ [	eš-ša-a-am-ma
734	KBo 21.82+	 {€1} Vs. I 4′	3	-i]t-ḫa-ni-i-u ti-i-it wa-ša-a-aš-pu-[	ti-i-it
734	KBo 21.82+	 {€1} Vs. I 5′	5	]x ti-i-it za-aš-ni-wa-šu-u ti-i-it te-ep-[	ti-i-it za-aš-ni-wa-šu-u ti-i-it
734	KBo 21.82+	 {€1} Vs. I 6′	4	t]i-i-it še-e-e-et-te ti-i-it še-e-et-wi	ti-i-it še-e-e-et-te ti-i-it še-e-et-wi
734	KBo 21.82+	 {€1} Vs. I 7′	2	] ti-i-it	ti-i-it
734	KBo 21.82+	 {€1} Vs. I 8′	2	]x-nu wa-a-at-ta-at	wa-a-at-ta-at
734	KBo 21.82+	 {€1} Vs. I 9′	3	-i]n-kat-ti le-e-pa-šu-un-na-a an-za-nu-ú-u	le-e-pa-šu-un-na-a an-za-nu-ú-u
734	KBo 21.82+	 {€1} Vs. I 10′	2	]x-e-ša-ši-i-ip le-e-ḫa-pal-ki-an	le-e-ḫa-pal-ki-an
734	KBo 21.82+	 {€1} Vs. I 11′	3	]-i-ma-ri-in zu-u-ḫa-wu-un le-eš-tu-ú-up	zu-u-ḫa-wu-un le-eš-tu-ú-up
734	KBo 21.82+	 {€1} Vs. I 12′	3	]x-i-ma-ri-in pár-ni-in-ki-iš an-ka-ti-i-u-ma	pár-ni-in-ki-iš an-ka-ti-i-u-ma
734	KBo 21.82+	 {€1} Vs. I 13′	4	]-di-iš za-le-e-šu-u-mi-in KI.MIN za-le-e-ni-ma-aḫ	za-le-e-šu-u-mi-in za-le-e-ni-ma-aḫ
734	KBo 21.82+	 {€1} Vs. I 14′	4	-ḫ]u-u-ri-a KI.MIN zi-le-e-ek-pí-in zi-le-e-ḫa-pár-ši-wu-ú-un	zi-le-e-ek-pí-in zi-le-e-ḫa-pár-ši-wu-ú-un
734	KBo 21.82+	 {€1} Vs. I 15′	2	]x-e-ek-ku-up ta-li-iš-tu-pé-ez-šu-un	ta-li-iš-tu-pé-ez-šu-un
734	KBo 21.82+	 {€1} Vs. I 16′	2	]-e-nu-uḫ ḫa-le-e-ú-ru-wi-iš	ḫa-le-e-ú-ru-wi-iš
734	KBo 21.82+	 {€1} Vs. I 17′	6	-i]n-na-a x[ [ x-aḫ-za-nu-ú ḫa-a-aš-ta-ú URUla-aḫ-za-am-pí	ḫa-a-aš-ta-ú la-aḫ-za-am-pí
734	KBo 21.82+	 {€1} Vs. I 18′	4	] ták-še-el ḫa-an-ti-i-u le-e-wa-a-ak-ka-iš	ták-še-el ḫa-an-ti-i-u le-e-wa-a-ak-ka-iš
734	KBo 21.82+	 {€1} Vs. I 19′	3	]x-ḫa-aš-ša-aḫ uš-ti-e-ep-še uš-ti-la-aš-ša-a-ak-ka-iš	uš-ti-e-ep-še uš-ti-la-aš-ša-a-ak-ka-iš
734	KBo 21.82+	 {€1} Vs. I 20′	3	-a]ḫ-ḫa-nu-ú-wa ḫa-le-e-et-ḫu-ri ḫa-i-wa-e-wa	ḫa-le-e-et-ḫu-ri ḫa-i-wa-e-wa
734	KBo 21.82+	 {€1} Vs. I 21′	5	ḫ[a- [ x-et aḫ-pa-a-li-ša ḫa-tu-uḫ-zi-in-zi-il-me-et	aḫ-pa-a-li-ša ḫa-tu-uḫ-zi-in-zi-il-me-et
734	KBo 21.82+	 {€1} Vs. I 22′	4	ḫa-ma-[ [ x-ku-wa pa-la-ta-pu-ú-li-i-x(-)ta-ku-li-ip-ta-a-il	
734	KBo 21.82+	 {€1} Vs. I 23′	2	x-at-ta-x-ú-le-e ti-te-wu-iš-ne-e-il	ti-te-wu-iš-ne-e-il
734	KBo 21.82+	 {€1} Vs. I 24′	4	Dta-a-ru-u-un le-e-zu-uḫ na-aš-pu-ú-li iš-te-e-ru	ta-a-ru-u-un le-e-zu-uḫ na-aš-pu-ú-li iš-te-e-ru
734	KBo 21.82+	 {€1} Vs. I 25′	3	URUla-a-aḫ-za-an zi-iš-ta-ú an-za-aš-ma-uš-le-e-u	la-a-aḫ-za-an zi-iš-ta-ú an-za-aš-ma-uš-le-e-u
734	KBo 21.82+	 {€1} Vs. I 28′	5	an-ša-a-ru-u-un-ḫu le-e-zu-u-uḫ iš-x[ [ x-x-x-x-x-x	an-ša-a-ru-u-un-ḫu le-e-zu-u-uḫ
734	KBo 21.82+	 {€1} Vs. I 30′	4	[pa-la [an-zi-ma-ar-li-u [DINGIRMEŠ [[	
734	KBo 21.82+	 {€1} Vs. I 31′	3	[pa-la [a-le-e-ep [te-e-ti-x[	
734	KBo 21.82+	 {€1} Vs. I 32′	1	[iš-te-ep-ka-ta-aš-ka-ti-x[	
734	KBo 21.82+	 {€1} Vs. I 34′	2	[in-ta-a-ma [ta-x[	
734	KBo 21.82+	 {€1} Vs. I 35′	1	[pa-še-et-ta-a-x[	
734	KBo 21.82+	 {€1} Vs. I 36′	1	[za-aš-šu-x[	
734	KBo 21.82+	 {€1} Vs. II 1′	1	[x[	
734	KBo 21.82+	 {€1} Vs. II 2′	1	[eš-x[	
734	KBo 21.82+	 {€1} Vs. II 3′	1	[ú-t[a-	
734	KBo 21.82+	 {€1} Vs. II 4′	1	[ḫa-l[i-	
734	KBo 21.82+	 {€1} Vs. II 5′	1	[Da-l[a-	
734	KBo 21.82+	 {€1} Vs. II 6′	1	[Dka-[	
734	KBo 21.82+	 {€1+2} Vs. II 7′/Rs. 1′	3	[Dzi-[ [ [(-)n]a-a-x[	
734	KBo 21.82+	 {€1+2} Vs. II 8′/Rs. 2′	3	[te-wu-x[ [ x	
734	KBo 21.82+	 {€1+2} Vs. II 9′/Rs. 3′	3	aḫ-ḫi-i-ku-x[ [ (-)ḫa-aš-ta-ḫi-mu-ú-un	
734	KBo 21.82+	 {€1+2} Vs. II 10′/Rs. 4′	4	ma-ḫa-a-aš-x[ [ [ (-)te-eḫ-zi-il	
734	KBo 21.82+	 {€1+2} Vs. II 11′/Rs. 5′	3	ḫé-e-er(-)[ [ x-u	
734	KBo 21.82+	 {€1+2} Vs. II 12′/Rs. 6′	4	aḫ-ta-a-t[e- [ [ -in-ke-e-ḫu-u	
734	KBo 21.82+	 {€1+2} Vs. II 13′/Rs. 7′	4	ták-še-el(-)[ [ [ x-al-tu-u	
734	KBo 21.82+	 {€1+2} Vs. II 14′/Rs. 8′	5	iš-wa-a-[ [ [ x-nu-u-ma DINGIRMEŠ-ap	
734	KBo 21.82+	 {€1+2} Vs. II 15′/Rs. 9′	4	iš-ši-x[ [ [ -we-šu-u	
734	KBo 21.82+	 {€1+2} Vs. II 16′/Rs. 10′	3	ú-we-e[l- [ x-iš-te-x[	
734	KBo 21.82+	 {€1+2} Vs. II 17′/Rs. 11′	3	[i-ik-ki-[ [ x-x[	
734	KBo 21.82+	 {€1} Vs. II 18′	1	[te-er-w[a-	
734	KBo 21.82+	 {€1} Vs. II 19′	1	[ta-li-[	
734	KBo 21.82+	 {€1} Vs. II 20′	1	[le-e-x[	
734	KBo 21.82+	 {€1} Vs. II 21′	1	[an-ta-[	
734	KBo 21.82+	 {€1} Rs. III 9′	2	[a-ša-a [ú-ri-e-e[t	
734	KBo 21.82+	 {€1} Rs. III 10′	2	[ḫé-e-er-maḫ [li-[	
734	KBo 21.82+	 {€1} Rs. III 11′	2	[a-na-ma [u-pí-i-x[	
734	KBo 21.82+	 {€1} Rs. III 12′	2	[ta-ba-ar-na-aš [[	
734	KBo 21.82+	 {€1} Rs. III 13′	2	[za-ri-ú-un [x[	
734	KBo 21.82+	 {€1} Rs. III 14′	1	[ta-aš-te-e-i[a(-)	
734	KBo 21.82+	 {€1} Rs. III 15′	1	[še-et-ták-ka-a(-)[	
734	KBo 21.82+	 {€1} Rs. III 16′	1	[ḫa-wa-ne-eš-x[	
734	KBo 21.82+	 {€1} Rs. III 17′	1	[Dša-a-ru-u(-)[	
734	KBo 21.82+	 {€1} Rs. III 18′	2	[a-na-a [wa-[	
734	KBo 21.82+	 {€1} Rs. III 19′	1	[te-tu-uk-k[u-	
734	KBo 21.82+	 {€1} Rs. III 20′	1	[te-pí-in-x[	
734	KBo 21.82+	 {€1} Rs. IV 1′	1	[x-še-e-wa(-)[	
734	KBo 21.82+	 {€1} Rs. IV 2′	2	[uš-še-e-eš [kat-[	
734	KBo 21.82+	 {€1} Rs. IV 3′	3	[ú-up-we-pé-e [šu-ú-ma-en [ka-wu-up-[	
734	KBo 21.82+	 {€1} Rs. IV 4′	2	[li-še-e-un [ḫa-ap-zu-u[n]	
734	KBo 37.120	2′	2	[i-ma-a-al-l]i-in [	
734	KBo 37.120	3′	1	[wa-ak-ka]-pu-u-ut-t[u	
734	KBo 37.120	4′	3	[ [-n]a e-wa-[	
734	KBo 37.120	5′	2	[ wa-ak-k[a-pu-u-ut-tu	
734	KBo 37.120	6′	2	[wa-zi-ze]-en-tu x[	
734	KBo 37.120	7′	3	[ [-k]i-ip ta-k[a-	
734	KBo 37.120	8′	2	[ URUḫa-at-t[u-	
734	KBo 37.120	9′	4	[ x le-e a-[	le-e
734	KBo 37.120	10′	4	[ x le-e ka-x[	le-e
734	KBo 37.120	11′	3	[ pa-la-a [	pa-la-a
734	KBo 37.120	12′	4	[ [-e]n a-ša-aḫ ki-[	a-ša-aḫ
734	KBo 37.120	13′	4	[ -aš le-e i-p[í-i-nu	le-e
734	KBo 37.120	14′	3	[ x wa-zi-ze-e[n-tu	
734	KBo 37.120	15′	3	[ -ú ki-[	
734	KBo 37.120	16′	3	[ x-la URU[	
734	KBo 37.120	17′	3	[ x [	
734	KBo 37.125	Vs.? 1′	3	]x-x[ [ a-aš-za-wa	a-aš-za-wa
734	KBo 37.125	Vs.? 2′	1	z]i-ku-ru-un	zi-ku-ru-un
734	KBo 37.125	Vs.? 3′	2	l]e-e a-an-wa-aš-ši	le-e a-an-wa-aš-ši
734	KBo 37.125	Vs.? 4′	2	] ú-ri-i	ú-ri-i
734	KBo 37.125	Vs.? 5′	2	]x kam-zi	kam-zi
734	KBo 37.125	Vs.? 6′	3	Dka-taḫ-ri-pu-u-r]i zi-ia-aḫ-šu [	ka-taḫ-ri-pu-u-ri zi-ia-aḫ-šu
734	KBo 37.125	Vs.? 7′	1	Dšu-li-i]n-kat-te(-)[	
734	KBo 37.125	Rs.? 1′	1	-r]a	
734	KBo 37.125	Rs.? 2′	2	wa-a]r-ta-an-ni x[	wa-ar-ta-an-ni
734	KBo 37.125	Rs.? 3′	2	x x[	
734	KBo 37.162	Vs. I 1′	3	[ [ x-n[a-	
734	KBo 37.162	Vs. I 2′	3	[[ x-e-nu-uš [	
734	KBo 37.162	Vs. I 4′	2	[[ x-iz-zi-ša-i-l[i-ú	
734	KBo 37.162	Vs. I 5′	2	[[ x-ki-i-ne-x[	
734	KBo 37.162	Vs. I 6′	2	[[l]e-e-a-ša-aḫ [	
734	KBo 37.162	Vs. I 7′	1	[[l]e-e-ma-al-ḫi-i-[ip	
734	KBo 37.162	Vs. I 8′	3	[[ x-aš-ma-ru-i-it [	
734	KBo 37.162	Vs. I 9′	2	[[ x-ú-mi-iš(-)x[	
734	KBo 37.162	Rs. 1′	1	[x-x[	
734	KBo 37.162	Rs. 2′	2	[ta-aš-tu-uk [š[a-	
734	KBo 37.162	Rs. 3′	2	[ka-li-šu-ku-ú [[	
734	KBo 37.162	Rs. 4′	2	[ta-aš-tu-uk [ša-[	
734	KBo 37.162	Rs. 5′	2	[ka-li-šu-ku-ú [[	
734	KBo 37.162	Rs. 7′	1	[an-nu-ú-ša-al-pí(-)[	
734	KBo 37.162	Rs. 8′	2	[u-wa-ra-aš-ši [u-x[	
734	KBo 37.162	Rs. 9′	1	[x-x-x-x[	
734	KBo 37.21	Vs. 1	6	(-)t]e-ep-te-el ka-a-at-te ḫi-i-na-še-e[z-zi-il [ x-i-wu-un wa-a-aš-ḫa-ap	te-ep-te-el ka-a-at-te wa-a-aš-ḫa-ap
734	KBo 37.21	Vs. 2	5	(-)z]i-wa-u ta-a-ru Dwu-ru-un-kat-t[e(-) [ x-ta-le-e-wi-en	zi-wa-u ta-a-ru
734	KBo 37.21	Vs. 3	6	(-)i]l-lu iš-tu-uḫ-ḫa-we taḫ-[ḫi]-we-el-lu-u a-na-aḫ ta-ni-in-ti [	il-lu iš-tu-uḫ-ḫa-we a-na-aḫ ta-ni-in-ti
734	KBo 37.21	Vs. 4	4	(-)ut-a-mu-ul wa-a-ap-pu ta-a-[a]z-zi-na-aḫ-pa ḫa-le-e-we-en	wa-a-ap-pu ḫa-le-e-we-en
734	KBo 37.21	Vs. 5	4	(-)p]a-la-ap zi-ta-a-pí-il-l[u-u]ḫ an-ta-ḫi-il-lu ta-a-ku-ru	pa-la-ap an-ta-ḫi-il-lu ta-a-ku-ru
734	KBo 37.21	Vs. 6	4	]-ik zi-ne-e-ri [ le-e-ku-ut-[t]u	zi-ne-e-ri
734	KBo 37.21	Vs. 7	4	]x ka-lu-ka-lu-u-un [ le-e-ku-ut-[t]u	ka-lu-ka-lu-u-un
734	KBo 37.21	Vs. 8	3	]x ta-ni-ta-ni-i[n] le-e-ku-ut-[tu]	
734	KBo 37.21	Vs. 9	4	]-pa ku-ru-u-un [ le-e-ku-ut-[tu]	ku-ru-u-un
734	KBo 37.21	Vs. 10	3	] [ [	
734	KBo 37.21	Vs. 11	2	[t]a-[a]-ru-u-un ta-le-eš-tu-uš-te(-)[	
734	KBo 37.21	Vs. 12	3	x ḫ[a]-le-e-wi-en ka-[	
734	KBo 37.21	Vs. 13	3	[-i]p wa-ta-a-ak-ki l[e-	wa-ta-a-ak-ki
734	KBo 37.21	Vs. 14	2	[t]a-ku-ú-ru-mi ú-ka-a-ú-[	
734	KBo 37.21	Vs. 15	2	[ka-a-a]t-te ḫi-i-na-še-ez-z[i-il	
734	KBo 37.21	Vs. 16	2	[ta]-ia-mu-up-tu tu-u-[	
734	KBo 37.21	Vs. 17	1	[	
734	KBo 37.21	Rs. 1	3	-e pu-ut-ta-a za-ap-[	pu-ut-ta-a
734	KBo 37.21	Rs. 2	1	ta-le-e-eš-tu-uš(-)[	
734	KBo 37.21	Rs. 3	3	x-te ḫi-i-na-še-ez-zi-il še-x[	ḫi-i-na-še-ez-zi-il
734	KBo 37.21	Rs. 4	2	Dwu-ru-un-kat-te Dta-[	wu-ru-un-kat-te
734	KBo 37.21	Rs. 5	2	[-ḫ]a-we taḫ-ḫi-x-wi-il-l[u(-)	
734	KBo 37.21	Rs. 6	4	[-m]u-ul [wa-a-a]p-pu [ta-a-a]z-zi-na-aḫ-pa ḫa-l[e-	
734	KBo 37.21	Rs. 7	3	x-la-a-ap zi-ta-a-pí--il-za-a-aḫ an-ta-ḫi-il-lu t[a-	zi-ta-a-pí--il-za-a-aḫ
734	KBo 37.21	Rs. 8	3	[-z]i-ik zi-ne-e-ri [	zi-ne-e-ri
734	KBo 37.21	Rs. 9	3	[-z]i-ik ka-lu-ka-lu-u-un [	ka-lu-ka-lu-u-un
734	KBo 37.21	Rs. 10	3	[-z]i-ik ta-ni-ta-ni-in le-e-ku-ut-tu	ta-ni-ta-ni-in le-e-ku-ut-tu
734	KBo 37.21	Rs. 11	3	-w]a-aḫ-pa ku-ru-u-un le-e-ku-ut-tu	ku-ru-u-un le-e-ku-ut-tu
734	KBo 37.21	Rs. 12	3	-t]a-ḫi-il ta-a-ru-u-un ta-le-eš-tu-ut-te	ta-a-ru-u-un ta-le-eš-tu-ut-te
734	KBo 37.21	Rs. 13	4	] Dwu-ru-un-kat-te-en ḫa-le-e-wi-en ka-a-at-te	wu-ru-un-kat-te-en ḫa-le-e-wi-en ka-a-at-te
734	KBo 37.21	Rs. 14	4	]x-wa-wa-u pí-i-ip wa-ta-a-ak-ki wu-u-x-tu	pí-i-ip wa-ta-a-ak-ki
734	KBo 37.21	Rs. 15	5	]x ḫa-i-ip-pí-in ta-ku-ú-ru-mi ú-ka-[a]-ú-up-pu te-e-ú-un	ḫa-i-ip-pí-in ta-ku-ú-ru-mi te-e-ú-un
734	KBo 37.21	Rs. 16	3	]x-ti-ip-ti-il ka-a-at-te ḫi-i-na-še-ez-zi-il	ka-a-at-te ḫi-i-na-še-ez-zi-il
734	KBo 37.21	Rs. 17	4	]-aḫ ḫa-a-ru-up-pí-il up-pu-ut-tu ta-i-ia-mu-up-tu	ḫa-a-ru-up-pí-il up-pu-ut-tu ta-i-ia-mu-up-tu
734	KBo 37.21	Rs. 18	2	]-ta-ḫi-il ta-a-ru-ut-tu ta-le-eš-tu-uš-[	
734	KBo 37.21	Rs. 19	4	x-pu-u-ul i-me-e pu-ut-ta-a za-ap-ša-a-pé-[el-li	i-me-e pu-ut-ta-a
734	KBo 37.21	Rs. 20	2	-ar-na ta-le-eš-tu-uš-te-en	ta-le-eš-tu-uš-te-en
734	KBo 37.21	u. Rd 21	4	] pa-a wi x[	pa-a wi
734	KBo 37.21	u. Rd 22	3	pé-e wu [	pé-e wu
734	KBo 37.21	u. Rd 23	2	wu [	wu
734	KBo 37.22	1′	2	[pa-l]a li-ia-an-[	
734	KBo 37.22	2′	3	[[ú]-ri-il pa-la [	pa-la
734	KBo 37.22	3′	3	[i-ia-ru-ul [pa-la [š[i-	
734	KBo 37.22	4′	2	[a-an-túḫ-ḫu-ku-ru [Dk[a-taḫ-zi-pu-u-ri	
734	KBo 37.22	5′	2	[zi-ia-aḫ-šu [i-ta-a-ḫ[u-pí	
734	KBo 37.22	6′	2	[ú-uk [Dšu-li-kat-t[e(-)	
734	KBo 37.22	7′	1	[URUḫa-at-tu-ša-an-[ni	
734	KBo 37.22	8′	1	[Dwu-ru-un-x[	
734	KBo 37.23	Vs. I 1′	3	]x-x-aš ḫa-a-at-x-x x-x-e-u	
734	KBo 37.23	Vs. I 2′	5	[ x x-x eš-pí-i-tu-u eš-zi-il-za-aš-li-u	eš-pí-i-tu-u eš-zi-il-za-aš-li-u
734	KBo 37.23	Vs. I 3′	3	GU₄-tap eš-pí-i-tu-u eš-zi-il-za-aš-li-u	eš-pí-i-tu-u eš-zi-il-za-aš-li-u
734	KBo 37.23	Vs. I 4′	3	zu-mu-tu eš-pí-i-tu-u eš-zi-il-za-aš-li-u	zu-mu-tu eš-pí-i-tu-u eš-zi-il-za-aš-li-u
734	KBo 37.23	Vs. I 5′	4	za-a-ri-ú-un te-pí-i-nu-u eš-pí-i-tu KI.MIN	za-a-ri-ú-un te-pí-i-nu-u eš-pí-i-tu
734	KBo 37.23	Vs. I 6′	2	eš-taḫ-ḫu-up-zi-ku-u-up-tu eš-pu-ut-tu	eš-taḫ-ḫu-up-zi-ku-u-up-tu eš-pu-ut-tu
734	KBo 37.23	Vs. I 7′	3	pa-aḫ-te-un wa-a-u an-ta-a-ru-u	pa-aḫ-te-un wa-a-u an-ta-a-ru-u
734	KBo 37.23	Vs. I 8′	2	mi-iš-za-aš-la-a-at an-ta-ḫi-il-lu-u	mi-iš-za-aš-la-a-at an-ta-ḫi-il-lu-u
734	KBo 37.23	Vs. I 9′	2	ḫa-an-ši-in-ku-ra-aš wa-ku-u-ru-u	ḫa-an-ši-in-ku-ra-aš wa-ku-u-ru-u
734	KBo 37.23	Vs. I 10′	2	tu-un-ta-we-ma tu-ú-li-pu-u-li-mu-u	tu-un-ta-we-ma tu-ú-li-pu-u-li-mu-u
734	KBo 37.23	Vs. I 11′	3	an-tu-wa-aš-šu-u DINGIRMEŠ-ap ši-in-te-lu-e	an-tu-wa-aš-šu-u ši-in-te-lu-e
734	KBo 37.23	Vs. I 12′	2	a-ak-te-e-in-ta-a-ḫu uš-wa-a-aḫ	a-ak-te-e-in-ta-a-ḫu uš-wa-a-aḫ
734	KBo 37.23	Vs. I 13′	3	za-a-ri-ú-na-aḫ te-pí-i-nu ḫa-te-e-ek-ka-aš	za-a-ri-ú-na-aḫ te-pí-i-nu ḫa-te-e-ek-ka-aš
734	KBo 37.23	Vs. I 14′	2	e-ḫa-aš-du-úr ḫa-te-e-nu-uḫ	e-ḫa-aš-du-úr ḫa-te-e-nu-uḫ
734	KBo 37.23	Vs. I 15′	2	e-ḫa-aš-du-úr ḫa-te-e-zi-iš	e-ḫa-aš-du-úr ḫa-te-e-zi-iš
734	KBo 37.23	Vs. I 16′	1	e-ḫa-aš-du-úr	e-ḫa-aš-du-úr
734	KBo 37.23	Vs. I 17′	2	uš-še-e-ḫa-aš-tu-úr-ma ḫa-te-e-zi-iš	uš-še-e-ḫa-aš-tu-úr-ma ḫa-te-e-zi-iš
734	KBo 37.23	Vs. I 18′	1	te-e-wa-aḫ-aḫ-ḫa-ak-šu-u-ri-it	te-e-wa-aḫ-aḫ-ḫa-ak-šu-u-ri-it
734	KBo 37.23	Vs. I 19′	2	uš-še-ez-za-aš-du-úr-ma ḫa-aš-te-e-ú	uš-še-ez-za-aš-du-úr-ma ḫa-aš-te-e-ú
734	KBo 37.23	Vs. I 20′	2	li-ik-li-ik za-aš-zi-u	li-ik-li-ik za-aš-zi-u
734	KBo 37.23	Vs. I 21′	2	uš-še-za-aš-tu-úr-ma za-aš-te-ek-ka-aš	uš-še-za-aš-tu-úr-ma za-aš-te-ek-ka-aš
734	KBo 37.23	Vs. I 22′	2	zi-i-iš zi-in-ti-u	zi-i-iš zi-in-ti-u
734	KBo 37.23	Vs. II 1′	4	[ [ x-x-za le-e(-)[	
734	KBo 37.23	Vs. II 2′	3	[wa-a-at-taḫ [ta-i-iš [i-ma-al-ḫi-ip	
734	KBo 37.23	Vs. II 3′	2	[ta-i-iš [ḫa-ne-e-eš-ti-it	
734	KBo 37.23	Vs. II 4′	2	[aḫ-pa-a-li-ši-i-ip [ḫa-ne-zi-in	
734	KBo 37.23	Vs. II 5′	2	[za-al-me-i-it [ḫa-wa-ra-ak-zi-ip	
734	KBo 37.23	Vs. II 6′	3	[ú-ka-aḫ-pa [ia-aš-še-e [me-eš-ta-e-el	
734	KBo 37.23	Vs. II 7′	3	[ú-ka-aḫ-pa [ia-u-e [me-eš-ta-ka-ta-a-at	
734	KBo 37.23	Vs. II 8′	3	[ḫé-e-eḫ [me-eš-ta-e-el [ta-ḫi-iz-zi-il	
734	KBo 37.23	Vs. II 9′	1	[me-eš-ta-ka-aḫ-ta-a-at	
734	KBo 37.23	Vs. II 10′	2	[wa-ku-ḫu-uḫ-tu-u [wa-ku-zu-u-uḫ-tu-u	
734	KBo 37.23	Vs. II 11′	2	[wa-ta-pé-e-eš-ti-ip-tu-u-wa [wu-úr-up-tu	
734	KBo 37.23	Vs. II 13′	2	[eš-ti-ip-tu-tu-u-pí-in-nu [pa-a-aš-ḫu-un-i-da(-)	
734	KBo 37.23	Vs. II 14′	2	ḫa-a-az-zi-i-u wa-aḫ-ta-za-a-ar-x	ḫa-a-az-zi-i-u
734	KBo 37.23	Vs. II 15′	1	wa-aḫ-še-er-tu-u	wa-aḫ-še-er-tu-u
734	KBo 37.23	Vs. II 16′	2	ak-te-e-in-ta-ḫu ú-ú-uḫ	ak-te-e-in-ta-ḫu ú-ú-uḫ
734	KBo 37.23	Vs. II 17′	2	ḫu-ú-wa-ta-aḫ wa-a-aḫ	ḫu-ú-wa-ta-aḫ wa-a-aḫ
734	KBo 37.23	Vs. II 18′	2	ḫa-am-ma-lu-ša-a-aḫ wa-a-aḫ	ḫa-am-ma-lu-ša-a-aḫ wa-a-aḫ
734	KBo 37.23	Vs. II 19′	2	ta-aš-tu-uḫ-ma ḫu-wa-a-at	ta-aš-tu-uḫ-ma ḫu-wa-a-at
734	KBo 37.23	Vs. II 20′	2	ta-aš-tu-uḫ-ma ḫa-a-ma-lu-ul	ta-aš-tu-uḫ-ma ḫa-a-ma-lu-ul
734	KBo 37.23	Vs. II 21′	2	eš-wu-ur ka-a-ta-aḫ	eš-wu-ur ka-a-ta-aḫ
734	KBo 37.23	Vs. II 22′	2	ka-a-ak-za-pu-u-ut lu-wa-el	ka-a-ak-za-pu-u-ut lu-wa-el
734	KBo 37.23	Vs. II 23′	3	eš-še-e ḫa-na-a-al eš-še-e-pé-eš	eš-še-e ḫa-na-a-al eš-še-e-pé-eš
734	KBo 37.23	Vs. II 24′	2	wu-u-ur-tu-še-e-eḫ-ku an-ut-tu	wu-u-ur-tu-še-e-eḫ-ku an-ut-tu
734	KBo 37.23	Vs. II 25′	2	še-e-eḫ-ku ši-in-ke-er	še-e-eḫ-ku ši-in-ke-er
734	KBo 37.23	Rs. III 1	2	ḫi-me-na-ka-le-e-u ḫa-ia-ḫu-u(-)	ḫi-me-na-ka-le-e-u
734	KBo 37.23	Rs. III 2	1	ḫa-ap-zi-za-aš-ta-u	ḫa-ap-zi-za-aš-ta-u
734	KBo 37.23	Rs. III 3	2	ḫa-az-zi-i-u le-e-i-ú-un	ḫa-az-zi-i-u le-e-i-ú-un
734	KBo 37.23	Rs. III 4	2	ḫa-az-zi-i-u zi-iš-šu-ú-un	ḫa-az-zi-i-u zi-iš-šu-ú-un
734	KBo 37.23	Rs. III 5	2	ḫa-az-zi-i-u tu-u-ma-a-ri-in	ḫa-az-zi-i-u tu-u-ma-a-ri-in
734	KBo 37.23	Rs. III 6	2	ḫa-az-zi-i-u eš-ta-a-lu-li-in	ḫa-az-zi-i-u eš-ta-a-lu-li-in
734	KBo 37.23	Rs. III 7	2	ḫa-az-zi-i-u ta-wa-ú-li-in	ḫa-az-zi-i-u ta-wa-ú-li-in
734	KBo 37.23	Rs. III 8	3	i-da-ta-a za-aš-šu-ú-wa te-x-ú-wa	i-da-ta-a za-aš-šu-ú-wa
734	KBo 37.23	Rs. III 9	3	za-aš-te-za-aš-la-at za-aš-šu-ú-wa ni-wa-ia	za-aš-te-za-aš-la-at za-aš-šu-ú-wa ni-wa-ia
734	KBo 37.23	Rs. III 10	2	pu-uš-ša-an-ne-e-a ḫu-u-un-ḫu-nu-pí-ne-e-a	pu-uš-ša-an-ne-e-a ḫu-u-un-ḫu-nu-pí-ne-e-a
734	KBo 37.23	Rs. III 11	1	ta-ḫu-ú-uš-ta-wa-ni-e-u	ta-ḫu-ú-uš-ta-wa-ni-e-u
734	KBo 37.23	Rs. III 12	3	ši-i-er mu-za-aš-te-e-er šu-ma-a-ma-aḫ	ši-i-er mu-za-aš-te-e-er šu-ma-a-ma-aḫ
734	KBo 37.23	Rs. III 13	2	mu-ka-at-tu-u-uḫ ez-mu-u-kar	mu-ka-at-tu-u-uḫ ez-mu-u-kar
734	KBo 37.23	Rs. III 14	2	mu-uš-te-e-eš ta-a-ḫa-i-ma-ru-u-uš-ma	mu-uš-te-e-eš ta-a-ḫa-i-ma-ru-u-uš-ma
734	KBo 37.23	Rs. III 15	1	ḫu-un-ḫu-nu-wa-a-ap	ḫu-un-ḫu-nu-wa-a-ap
734	KBo 37.23	Rs. III 16	1	an-tu-uḫ-pí-il-pí-li-u-uš	an-tu-uḫ-pí-il-pí-li-u-uš
734	KBo 37.23	Rs. III 17	2	tu-u-uḫ-še-wu-u-ia wa-tu-ú-ḫa-ru-u-uḫ-tu	tu-u-uḫ-še-wu-u-ia wa-tu-ú-ḫa-ru-u-uḫ-tu
734	KBo 37.23	Rs. III 18	2	wa-aḫ-ḫi-il-lu-u te-ka-ra-at	wa-aḫ-ḫi-il-lu-u te-ka-ra-at
734	KBo 37.23	Rs. III 19	3	[ [-k]a-a-ar-ka-ra-a-at ku-wa-a-at	ku-wa-a-at
734	KBo 37.23	Rs. III 20	4	[ [ x-x-u-ma te-ut-e-na-aš	te-ut-e-na-aš
734	KBo 37.23	Rs. III 21	3	[ [ ku-wa-a-at	ku-wa-a-at
734	KBo 37.23	Rs. III 22	3	[ [ -te-še-e-wa-al	
734	KBo 37.23	Rs. III 23	3	[ [ [k]u-wa-a-at	
734	KBo 37.23	Rs. III 24	4	[ [ [i]a a-ia-le-e-ep	a-ia-le-e-ep
734	KBo 37.23	Rs. III 25	4	[ [ x-it-tu te-e-a-li-ip	te-e-a-li-ip
734	KBo 37.23	Rs. III 26	4	[ [ -e a-ia-le-e-ep	a-ia-le-e-ep
734	KBo 37.23	Rs. III 27	3	[ [ x-ri-in	
734	KBo 37.23	Rs. III 28	3	[ [ x	
734	KBo 37.26	r. Kol. 5′	1	[Dšu-wa-li-in-kat-te-et-tu[	
734	KBo 37.26	r. Kol. 6′	2	[wi-an-da-ru-up-pí [we-e-te-x[	
734	KBo 37.26	r. Kol. 7′	2	[pa-la-a [Dte-li-pí-nu(-)uḫ-ši(-)[	
734	KBo 37.26	r. Kol. 8′	2	[x-x-ša-a-ni-ip [mi-i-ši-ip(-)[	
734	KBo 37.26	r. Kol. 9′	3	[[pa-la]-a i-ma-a-an-nu te-nu-u-i-i[a	i-ma-a-an-nu
734	KBo 37.26	r. Kol. 10′	4	[[ [ x-x ḫ[a-w]i-[	
734	KBo 37.27	1′	1	]x-x[	
734	KBo 37.27	2′	2	x-li-ip [	
734	KBo 37.27	3′	2	[w]a-a-ša-aḫ a-[	
734	KBo 37.27	4′	1	-tu-uḫ-x-x[	
734	KBo 37.27	5′	1	x-x[	
734	KBo 64.357+	 {€1} Vs. I 1′	1	[x]-x-ga-m[e-	
734	KBo 64.357+	 {€1} Vs. I 2′	1	[ḫa-a-tu-u-x-x[	
734	KBo 64.357+	 {€1} Vs. I 3′	1	[ḫa-a-ru-x-x[	
734	KBo 64.357+	 {€1} Vs. I 4′	1	[zi-ma-x[	
734	KBo 64.357+	 {€1} Vs. I 5′	1	[li-x[	
734	KBo 64.357+	 {€1} Vs. I 6′	1	[nu(-)ša-x[	
734	KBo 64.357+	 {€1} Vs. I 7′	1	[x-x[	
734	KBo 64.357+	 {€1} Rs. IV 1′	1	[x-x[	
734	KBo 64.357+	 {€1} Rs. IV 2′	1	[[ḫ]a-a-ša-x[	
734	KBo 64.357+	 {€1} Rs. IV 3′	2	[te-ka-ti-ia [x[	
734	KBo 64.357+	 {€1} Rs. IV 4′	2	[te-ka-ti-ia [tu-u-ḫ[u-	
734	KBo 64.357+	 {€1} Rs. IV 5′	3	[KI.3 [ka-ú-pí-in-na [x[	
734	KBo 64.357+	 {€1+2} Rs. IV 6′/1′	5	[li-ik-li-ik [KI.4 [ku-[ [ x[	
734	KBo 64.357+	 {€1+2} Rs. IV 7′/2′	6	[ka-uk-pu-uš-ḫi [KI.3 [x[ [ x ka-ú-pí-in-na(-)x-x	
734	KBo 64.357+	 {€1+2} Rs. IV 8′/3′	6	KI.5 ša-ḫa-aš ⟨⟨ki⟩⟩ li-x[ [ KI.6	ša-ḫa-aš
734	KBo 64.357+	 {€1+2} Rs. IV 9′/4′	7	nu-x-x-ú ta-ú-e x[ x[ -wa ta-ú-e te-eš-ḫu-li-ia	ta-ú-e ta-ú-e te-eš-ḫu-li-ia
734	KBo 64.357+	 {€1+2} Rs. IV 10′/5′	5	te-e-ep-ḫa-a-taḫ-ḫu-x[ [ -ta te-ep-ḫa-taḫ-ḫu we-el-ka-ma-ma	te-ep-ḫa-taḫ-ḫu we-el-ka-ma-ma
734	KBo 64.357+	 {€1+2} Rs. IV 11′/6′	2	[ [l]e-e-nu	
734	KBo 64.357+	 {€1+2} Rs. IV 13′/8′	7	[t]a-we-el ḫa-a-li [za-a]-ar še-eš-ták-ku-úr GU₄-up KI.MIN wa-za-re-el	ḫa-a-li še-eš-ták-ku-úr wa-za-re-el
734	KBo 64.357+	 {€1+2} Rs. IV 14′/9′	5	[š]e-eš-tap-pí-in za-a-ar [š]e-eš-taḫ-ḫu-me-me-en [G]U₄-up še-eš-taḫ-ḫu-mu-mu-un	za-a-ar še-eš-taḫ-ḫu-mu-mu-un
734	KBo 64.357+	 {€1+2} Rs. IV 15′/10′	4	[w]a⟨⟨za⟩⟩-za-re-el še-eš-ta[ḫ-ḫu]-pí-uḫ taḫ-ḫu-u-k[u-r]u-pí Dka-taḫ-zi-wu-u-ri	ka-taḫ-zi-wu-u-ri
734	KBo 64.357+	 {€1+2} Rs. IV 16′/11′	5	zi-ia-aḫ-tu-u pa-l[a [a]ḫ-ku-un-nu-u ú-u[k] ḫu-u-i-ta-a	zi-ia-aḫ-tu-u ḫu-u-i-ta-a
734	KBo 64.357+	 {€1+2} Rs. IV 17′/12′	5	ta-wa-aḫ-ḫa-li z[a]-a-ar še-eš-ták-ku-úr GU₄-up KI.MIN	ta-wa-aḫ-ḫa-li še-eš-ták-ku-úr
734	KBo 64.357+	 {€1+2} Rs. IV 18′/13′	7	wa-a-za-ri-il [ [ -in za-a-ar še-eš-taḫ-ḫu-me-me GU₄-up	wa-a-za-ri-il za-a-ar še-eš-taḫ-ḫu-me-me
734	KBo 64.357+	 {€1+2} Rs. IV 19′/14′	3	še-eš-taḫ-[ḫu-mu-mu-un] wa-a-za-ri-il še-eš-taḫ-ḫu-wi-u-uḫ	wa-a-za-ri-il še-eš-taḫ-ḫu-wi-u-uḫ
734	KBo 64.357+	 {€2} Rs. IV 15′	5	[ [ [-a]ḫ a-ap-za-aš šu-ú-le-e-te-tup	a-ap-za-aš šu-ú-le-e-te-tup
734	KBo 64.357+	 {€2} Rs. IV 16′	4	[ [ x le-e-eš-pa-ar-ḫu	le-e-eš-pa-ar-ḫu
734	KBo 64.357+	 {€2} Rs. IV 17′	4	[ [ x-mi-el a-ša-aḫ-a	a-ša-aḫ-a
734	KBo 64.357+	 {€2} Rs. IV 18′	5	[ [ [-z]i-il a-ša-aḫ-a a-x-x[	a-ša-aḫ-a
734	KBo 64.357+	 {€2} Rs. IV 19′	5	[[ [ x[ [ x-x[	
734	KUB 28.70	Vs., r. Kol. 1′	2	ta-wa-a]r-na-an x[	ta-wa-ar-na-an
734	KUB 28.70	Vs., r. Kol. 2′	2	-an [	
734	KUB 28.70	Vs., r. Kol. 3′	1	x-zu-li-i[a	
734	KUB 28.70	Vs., r. Kol. 4′	1	(-)a-an-ni-i[p	
734	KUB 28.70	Vs., r. Kol. 5′	1	[ta-w]a-ar-na-a[n	
734	KUB 28.70	Vs., r. Kol. 6′	2	[ta-wa-na-an]-na-an kat-t[a-aḫ	
734	KUB 28.70	Vs., r. Kol. 7′	2	x li-ip-zi-[	
734	KUB 28.70	Vs., r. Kol. 8′	2	-mi-na-a [	
734	KUB 28.70	Vs., r. Kol. 9′	1	-k[a]	
734	KUB 28.70	Vs., r. Kol. 10′	2	(-)š]a-ku-ú [	ša-ku-ú
734	KUB 28.70	Vs., r. Kol. 11′	2	x-nu-ú tu-uḫ-x[	
734	KUB 28.70	Vs., r. Kol. 12′	1	i-ma-al-ḫi-i[p	
734	KUB 28.70	Vs., r. Kol. 13′	1	-ap-pí-zi-x[	
734	KUB 28.70	Vs., r. Kol. 14′	2	x-ga-at k[a-	
734	KUB 28.70	Vs., r. Kol. 15′	3	[-p]í mnu-un-nu [	nu-un-nu
734	KUB 28.70	Vs., r. Kol. 16′	2	x ka-at-t[e	
734	KUB 28.70	Vs., r. Kol. 17′	2	x-at a-aš-x[	
734	KUB 28.70	Rs., r. Kol. 1′	1	x[	
734	KUB 28.70	Rs., r. Kol. 2′	2	x an-ka-x[	
734	KUB 28.70	Rs., r. Kol. 3′	2	-mi-im-ma [	
734	KUB 28.70	Rs., r. Kol. 4′	3	x-te ka-at-te [	ka-at-te
734	KUB 28.70	Rs., r. Kol. 5′	2	x(-)ta-ke-e-ḫa-at [	
734	KUB 28.70	Rs., r. Kol. 6′	2	x-it ku-lu-mi-iš(-)ḫa(-)[	
734	KUB 28.70	Rs., r. Kol. 7′	2	-mi-e [	
734	KUB 28.70	Rs., r. Kol. 8′	3	x(-)ap-pí-i-in te-u-up [	te-u-up
734	KUB 28.70	Rs., r. Kol. 9′	3	(-)ar-ka-ni pa-la te-e[t-	pa-la
734	KUB 28.70	Rs., r. Kol. 10′	3	[-z]i-li-iš ku-lu-u-mi eš-[	ku-lu-u-mi
734	KUB 28.70	Rs., r. Kol. 11′	3	x-pí-ip wa-a-wa-aḫ ma-ḫi-ša-m[i(-)	wa-a-wa-aḫ
734	KUB 28.70	Rs., r. Kol. 12′	3	[-m]a-a-an ga-uš-ma-[a]r-ki-iš da-a-ez-z[i	
734	KUB 28.70	Rs., r. Kol. 13′	4	-na-ḫu ga-ú-ri an-tu-na-ḫu ga-ú-r[i	ga-ú-ri an-tu-na-ḫu
734	KUB 28.70	Rs., r. Kol. 14′	3	x(-)i-in-na ku-x-x-x ku-i-mi-n[a(-)	
734	KUB 28.70	Rs., r. Kol. 15′	1	x-wa-re-e-eš(-)pí-iš-te-e-e[n(-)	
734	KUB 28.70	Rs., r. Kol. 16′	2	[(-)i]š-ta-pí-i-eš pa-l[a	
734	KUB 28.70	Rs., r. Kol. 17′	1	x-zi(-)[	
734	KUB 28.86	 {€1} Vs. I 1′	1	]x-li	
734	KUB 28.86	 {€1} Vs. I 5″	1	]-a	
734	KUB 28.86	 {€1} Vs. I 6″	1	]-ta	
734	KUB 28.86	 {€1} Vs. I 7″	1	-p]u	
734	KUB 28.86	 {€1} Vs. II 1′	2	x-ša-aḫ ta-m[u	
734	KUB 28.86	 {€1} Vs. II 2′	2	[ša-i-il-pí [URUḫa-[	
734	KUB 28.86	 {€1} Vs. II 3′	2	[u-pu-la-aš-ne-en [pa-x[	
734	KUB 28.86	 {€1} Vs. II 4′	2	[ka-at-te [še-ku-ur-ku-[	
734	KUB 28.86	 {€1} Vs. II 5′	1	[li-pé-en(-)še-wa-ku-u-[	
734	KUB 28.86	 {€1} Vs. II 6′	2	[ta-ti-wa-an [an-nu-[	
734	KUB 28.86	 {€1} Vs. II 7′	2	[ÍDzu-li-ia-an [[	
734	KUB 28.86	 {€1} Vs. II 8′	2	[ta-re-e-a [ak-x[	
734	KUB 28.86	 {€1} Vs. II 9′	2	[li-še-wa-al [ta-x[	
734	KUB 28.86	 {€1} Vs. II 10′	1	[te-wa-pu-le-e-a(-)[	
734	KUB 28.86	 {€1+2} Vs. II 11′/Vs. 1′	4	[i-mi-e-še-pu(-)ú(-)[ [ x-i [	
734	KUB 28.86	 {€1+2} Vs. II 12′/Vs. 2′	3	[še-pu-ú-le-e-a(-)[ [ [	
734	KUB 28.86	 {€1+2} Vs. II 14′/Vs. 4′	3	[Dšu-li-in-kat-t[e-ri [UR]Uḫa-[at]-tu-ša-an-ni pí-i[n-nu]	
734	KUB 28.86	 {€1+2} Vs. II 15′/Vs. 5′	3	Dwu-ru-un-kat-t[e [we]-e-re-e-ta-an-ni pí-in-[nu]	
734	KUB 28.86	 {€1+2} Vs. II 16′/Vs. 6′	6	wi-wu-ru-ú-un [ [ x zi-ku-ru-un l[e-e(-)a-an-pa-aš-še]	wi-wu-ru-ú-un zi-ku-ru-un
734	KUB 28.86	 {€1+2} Rs. III 1/Rs. 1	6	[ [ [le-e-a]n-pa-aš-še pa-la a-aš-ga-ḫa-al še-i-in	pa-la a-aš-ga-ḫa-al še-i-in
734	KUB 28.86	 {€1+2} Rs. III 2/Rs. 2	4	ú-ri-i-il pa-la ši-i-in i-ia-ru-ul	ú-ri-i-il pa-la ši-i-in i-ia-ru-ul
734	KUB 28.86	 {€1+2} Rs. III 4/Rs. 3	3	pa-la ši-in ka[m]-zi-il	pa-la ši-in
734	KUB 28.86	 {€1+2} Rs. III 5/Rs. 4	3	a-an-túḫ-ḫu-ku-ru Dka-taḫ-zi-pu-u-ri zi-ia-aḫ-š[u]	a-an-túḫ-ḫu-ku-ru ka-taḫ-zi-pu-u-ri
734	KUB 28.86	 {€1+2} Rs. III 6/Rs. 5	3	i-ta-a-ḫu-pí ú-uk Dšu-li-in-kat-te-ri	i-ta-a-ḫu-pí ú-uk šu-li-in-kat-te-ri
734	KUB 28.86	 {€1+2} Rs. III 7/Rs. 6	3	URUḫa-at-tu-ša-an-ni pí-i-in-nu Dwu-ru-un-kat-te-x[	ḫa-at-tu-ša-an-ni pí-i-in-nu
734	KUB 28.86	 {€1+2} Rs. III 8/Rs. 7	5	wa-ar-ta-an-ni pí-in-nu le-e-ḫu GÍR iš-ši-i-i[p]	wa-ar-ta-an-ni pí-in-nu le-e-ḫu
734	KUB 28.86	 {€1+2} Rs. III 9/Rs. 8	5	ša-a-u pa-la li-i-ḫu GÍR iš-ši-i-ip	ša-a-u pa-la li-i-ḫu iš-ši-i-ip
734	KUB 28.86	 {€1+2} Rs. III 10/Rs. 9	5	ša-a-u a-aš-zi-pa-ri [ x-wu-ú-un te-pí-i-nu	ša-a-u a-aš-zi-pa-ri te-pí-i-nu
734	KUB 28.86	 {€1+2} Rs. III 11!/Rs. 10	4	zi-ku-ru-un le-e(-)a-an-pa-aš-še pa-la x[	zi-ku-ru-un le-ea-an-pa-aš-še pa-la
734	KUB 28.86	 {€1+2} Rs. III 12/Rs. 11	4	[a-aš-ta-al-ḫa-ma [x[ [š]i-i-in ú-ri-x[	
734	KUB 28.86	 {€1+2} Rs. III 13/Rs. 12	5	[ú-wa-a-ru-ú-ul [[ [ -in ga-am-zi-[il]	
734	KUB 28.86	 {€1+2} Rs. III 14/Rs. 13	5	ku-i-iš i-mi-[ [ x tu-ḫa-wu-u[r	ku-i-iš
734	KUB 28.86	 {€1+2} Rs. III 15/Rs. 14	5	[iš-te-ša-aḫ [wa-[ [-i]p pa-la a-x[	pa-la
734	KUB 28.86	 {€1+2} Rs. III 16/Rs. 15	6	[te-e-ep [ip-x[ [ [-i]n ki-ia-du [	ki-ia-du
734	KUB 28.86	 {€1+2} Rs. III 17/Rs. 16	4	[x-x-x-x-x[ [ -ú-un za-x[	
734	KUB 28.86	 {€2} Rs. 17	4	[ [ x-aḫ pa-x[	
734	KUB 28.86	 {€2} Rs. 18	4	[ [ x x[	
734	KUB 40.85+	Vs. 4′	5	(-)te-ep-t]e-el LUGAL-te ḫi-na-ši-z[i-i]l ši-we-wu-un DINGIRMEŠ-ta(-)[	te-ep-te-el ši-we-wu-un
734	KUB 40.85+	Vs. 5′	4	DIŠKUR-u]n DZA.BA₄.BA₄-en Dta-li-[wi]-en iš-tu-uḫ-ḫi-il-lu	iš-tu-uḫ-ḫi-il-lu
734	KUB 40.85+	Vs. 6′	5	]x taḫ-ḫi-pé-el-lu a-na-aḫ t[a-ni]-in-⟨⟨en⟩⟩-ti ḫa-a-i-we(-)na-a-mu-u[l]	taḫ-ḫi-pé-el-lu a-na-aḫ
734	KUB 40.85+	Vs. 7′	3	t]a-a-az-zi-na-aḫ-pa ḫa-li-wu-en te-ku-u-ru	ta-a-az-zi-na-aḫ-pa ḫa-li-wu-en te-ku-u-ru
734	KUB 40.85+	Vs. 8′	4	z]i-ta-a-pé-el-lu-uḫ an-ta-ḫe-e[l-l]u ta-a-ku-ru 𒀹	zi-ta-a-pé-el-lu-uḫ ta-a-ku-ru
734	KUB 40.85+	Vs. 9′	5	]x zi-ne-e-ri li-ku-ut-tu xx-aḫ-zi-ik ka-lu-ka-lu-un	zi-ne-e-ri li-ku-ut-tu ka-lu-ka-lu-un
734	KUB 40.85+	Vs. 10′	4	t]a-ni-ta-ni-in li-ku-ut-tu ki-x-[w]a-aḫ-pa ku-u-ru-un	ta-ni-ta-ni-in li-ku-ut-tu ku-u-ru-un
734	KUB 40.85+	Vs. 11′	5	-i]l DIŠKUR-un ta-le-eš-tu-uš-te pa-[la] DZA.BA₄.BA₄-en	ta-le-eš-tu-uš-te
734	KUB 40.85+	Vs. 12′	5	ḫa-le-e-wi]-en LUGAL-te wa-wa-a-u pí-i-ip wa-[t]a-[a-ak-ki]	ḫa-le-e-wi-en wa-wa-a-u pí-i-ip
734	KUB 40.85+	Vs. 13′	4	ḫa-i-ip-p]í-i-in ta-ku-ru-ú-mi ú-ga-ú-up-pu te-e-ú-[un]	ḫa-i-ip-pí-i-in ta-ku-ru-ú-mi ú-ga-ú-up-pu
734	KUB 40.85+	Vs. 14′	3	(-)te-e]p-ti-el ka-a-at-te ḫi-in-na-ši-iz-ze-e[l	te-ep-ti-el ka-a-at-te
734	KUB 40.85+	Vs. 15′	4	[ x-ú-ta-ḫi-il D10-tu ta-l[e-eš-tu-uš(-)	
734	KUB 40.85+	Vs. 16′	4	[ -a za-a-ap-ša-pé-el-li ta-[	za-a-ap-ša-pé-el-li
734	KUB 40.85+	Vs. 17′	3	[ x-te-en [	
735	HFAC 120	1′	1	ta-z]u-wa-ši-ú-i-[nu	
735	HFAC 120	2′	3	[ [-u]n ne(-)[	
735	HFAC 120	3′	2	[ x[	
735	KBo 37.32	Vs.? 1′	1	li-i]p-šu-u-un-na	li-ip-šu-u-un-na
735	KBo 37.32	Vs.? 2′	1	]x-ia-li-wu	
735	KBo 37.32	Vs.? 3′	1	]x-uḫ	
735	KBo 37.32	Vs.? 4′	1	ta-a]z-zu-wa-ši-ú-i-nu	ta-az-zu-wa-ši-ú-i-nu
735	KBo 37.32	Vs.? 5′	2	-r]u-un ne-e-u	ne-e-u
735	KBo 37.32	Vs.? 6′	1	p]í-ú-pa-at-tu-u	pí-ú-pa-at-tu-u
735	KBo 37.32	Vs.? 7′	1	-r]a-az-za-aš-šu	
735	KBo 37.32	Vs.? 8′	1	-t]a-wa-pár-wa-ši	
735	KBo 37.32	Vs.? 9′	1	]-za-aš-li	
735	KBo 37.32	Vs.? 10′	1	]x-la	
735	KBo 37.32	Vs.? 11′	1	]-a-ši	
735	KBo 37.32	Vs.? 12′	1	]x-x-pa-za	
735	KBo 37.32	Rs.? 1′	1	]-x-zu-ú-lu	
735	KBo 37.32	Rs.? 2′	1	]-x-wi-nu	
735	KBo 37.32	Rs.? 3′	1	]	
735	KBo 37.32	Rs.? 4′	2	] ma-la-wa-aš-ta-wa-ar	ma-la-wa-aš-ta-wa-ar
735	KBo 37.32	Rs.? 5′	2	z]u ma-la-wa-aš-ta-wa-ar	zu ma-la-wa-aš-ta-wa-ar
735	KBo 37.32	Rs.? 6′	1	]-am-za-ma	
735	KBo 37.32	Rs.? 7′	2	]x-an-ti du-up	du-up
735	KBo 37.32	Rs.? 8′	1	-k]a-wa-an	
735	KBo 37.32	Rs.? 9′	1	]ma-al-x(-)ti-ma-ú	
735	KBo 37.33	Vs.? 1′	1	]	
735	KBo 37.33	Vs.? 2′	3	]x-pí-iz-za-x[ [ x-e	
735	KBo 37.33	Vs.? 3′	1	k]i-i-ša-an-du-ú-mu-li	ki-i-ša-an-du-ú-mu-li
735	KBo 37.33	Vs.? 4′	3	]x x ta-ḫa-wa-i-u-uš-ni	ta-ḫa-wa-i-u-uš-ni
735	KBo 37.33	Vs.? 5′	2	]ú-un eš-te-pu-u-uš-ne-e	ú-un eš-te-pu-u-uš-ne-e
735	KBo 37.33	Vs.? 6′	1	]a-ši-i-ia-ú-i	a-ši-i-ia-ú-i
735	KBo 37.33	Vs.? 7′	1	]-nu	
735	KBo 37.33	Vs.? 8′	2	-n]u 〈〈x〉〉	
735	KBo 37.33	Rs.? 1′	5	]x x[ [ x-uš-x[ [	
735	KBo 37.33	Rs.? 2′	1	]x-ú-pa-a-ga-aš-ta-nu-ú-ia	
735	KBo 37.33	Rs.? 3′	2	]-li li-ša-ki-il	li-ša-ki-il
735	KBo 37.33	Rs.? 4′	1	]x-ri-li-za-aš-li	
735	KBo 37.33	Rs.? 5′	2	-i]š ti-e-u-ul	ti-e-u-ul
735	KBo 37.33	Rs.? 6′	1	-m]u	
735	KBo 37.33	Rs.? 7′	2	] aš	aš
735	KBo 37.33	Rs.? 8′	1	]-ú	
735	KBo 37.33	Rs.? 9′	1	]-aš	
735	KBo 37.33	Rs.? 10′	1	]-li	
735	KBo 37.36	Vs. 1′	2	]x x	
735	KBo 37.36	Vs. 2′	1	]-eš-ka-u	
735	KBo 37.36	Vs. 3′	3	] iš-ša-a-pí-it-tu [	iš-ša-a-pí-it-tu
735	KBo 37.36	Vs. 4′	2	] za-li-i-ú-un[(-)	
735	KBo 37.36	Vs. 5′	3	] te-i-tu-uḫ-da-ú-x[ [	
735	KBo 37.36	Vs. 6′	1	-a]l-pa-la-at	
735	KBo 37.36	Vs. 7′	2	] tu-ú-i-pí-ip-pí-in	tu-ú-i-pí-ip-pí-in
735	KBo 37.36	Vs. 8′	2	] [t]u-ú-wa-ap-pu-ú	
735	KBo 37.36	Vs. 9′	1	-i]š-ku-u-ru-ú	
735	KBo 37.36	Vs. 10′	1	za-l]i-i-ú-un	za-li-i-ú-un
735	KBo 37.36	Vs. 11′	2	] da-pé-el-da-aš	da-pé-el-da-aš
735	KBo 37.36	Vs. 12′	1	]-zu	
735	KBo 37.36	Vs. 13′	2	] ḫa-a-da-ri-ia	ḫa-a-da-ri-ia
735	KBo 37.36	Vs. 14′	3	]x[ [ -mu-na	
735	KBo 37.36	Vs. 15′	4	-z]i-in [ [ x	
735	KBo 37.36	Vs. 16′	3	]x ḫa-x[ [	
735	KBo 37.36	Vs. 17′	3	-t]i-li [ [	
735	KBo 37.36	Vs. 18′	5	]x x[ [ x-nu[ [	
735	KBo 37.36	Vs. 19′	4	]x[ [ x[ [	
735	KBo 37.36	Rs. 1′!	2	]x x[	
735	KBo 37.36	Rs. 2′!	3	[ -li [	
735	KBo 37.36	Rs. 3′!	2	[ [	
735	KBo 37.36	Rs. 4′!	2	[ -li(-)[	
735	KBo 37.36	Rs. 5′!	3	[ x-ku-wa x[	
735	KBo 37.36	Rs. 6′!	2	[ x-du-li-wu-[	
735	KBo 37.36	Rs. 7′!	3	[ x-e-šu-ḫu [	
735	KBo 37.36	Rs. 8′!	3	[ [i]š-te-e-eš-da-nu-wa-ti-i [	
735	KBo 37.36	Rs. 9′!	3	[ [w]a-aš-da-nu-wa-ap-te-et [	
735	KBo 37.36	Rs. 10′!	3	[ [k]a-aš-ši-i-ia [	
735	KBo 37.36	Rs. 11′!	2	[ x-an-nu-ša-a-ki-i-li	
735	KBo 37.36	Rs. 12′!	1	(-)i]š-ḫa-wú	iš-ḫa-wú
735	KBo 37.36	Rs. 13′!	1	]-na-i-e	
735	KBo 37.36	Rs. 14′!	2	]x ḫa-wu-ri-nu	ḫa-wu-ri-nu
735	KBo 37.36	Rs. 15′!	2	]x te-pí-nu	te-pí-nu
735	KBo 37.36	Rs. 16′!	2	]x-ú-un da-a-li-pí-nu	da-a-li-pí-nu
735	KBo 37.36	Rs. 17′!	1	]x-ú-nu-wa	
735	KBo 37.36	Rs. 18′!	1	]x(-)ip-wa-li-wú	
735	KBo 37.36	Rs. 19′!	1	]x-ḫu	
735	KBo 37.36	r. Rd. 1	2	-i]l ga-an-nu-ú-x[	
735	KBo 37.37	Vs.? 1′	1	a-a]n-da-a-a[t-ta	
735	KBo 37.37	Vs.? 2′	3	[ x an-da-a-at-x[	
735	KBo 37.37	Vs.? 3′	3	[ pa-a-ma i-ia-a[l-	pa-a-ma
735	KBo 37.37	Vs.? 4′	4	[ x pa-a-ma i-ia-a[l-	pa-a-ma
735	KBo 37.37	Vs.? 5′	3	[ [-i]š-wa-aš-ḫi-in da-x[	
735	KBo 37.37	Vs.? 6′	4	[ [-t]u-ga-am pa-a-ma še-x[	pa-a-ma
735	KBo 37.37	Vs.? 7′	3	[ [-u]p-da-ḫu-ša-x [	
735	KBo 37.37	Vs.? 8′	2	[ -tu-ḫi(-)ú-[	
735	KBo 37.37	Vs.? 9′	2	[ x-tu-ḫi(-)ú-x[	
735	KBo 37.37	Vs.? 10′	2	[ [t]a-aḫ-ku-un(-)pa-x[	
735	KBo 37.37	Vs.? 11′	2	[ x-šu-ú-ḫi-iš-[	
735	KBo 37.37	Vs.? 12′	2	[ x(-)a-li-wi(-)[	
735	KBo 37.37	Vs.? 13′	4	[ x x(-)an-x x[	
735	KBo 37.37	Vs.? 14′	2	[ x[	
735	KBo 37.37	Rs.? 1′	2	[ ma-a-x[	
735	KBo 37.37	Rs.? 2′	3	[ x pa-i-aš(-)[	
735	KBo 37.37	Rs.? 3′	3	[ x-da-šu-e-et [	
735	KBo 37.37	Rs.? 4′	3	[ -ut-ḫu-ḫi-il [	
735	KBo 37.37	Rs.? 5′	3	[ x-uḫ-za zu-up-up-tu-ḫi(-)[	
735	KBo 37.37	Rs.? 6′	2	[ -ša-ak-ki-iš	
735	KBo 37.37	Rs.? 7′	2	]x-wa-a-ru le-e-[	
735	KBo 37.37	Rs.? 8′	3	[ (-)da-an-da-li-i [	
735	KBo 37.37	Rs.? 9′	3	[ -na-aš-nu tu-ú-i[a	
735	KBo 37.37	Rs.? 10′	3	[ x-pa-az-zi [	
735	KBo 37.37	Rs.? 11′	2	[ x-up-da-ḫi-il(-)[	
735	KBo 37.37	Rs.? 12′	2	[-ut-ḫ]u-ḫi-il-lu-u [	
735	KBo 37.37	Rs.? 13′	3	[ -a-az iš-šu-[	
735	KBo 37.37	Rs.? 14′	2	[ x[	
735	KBo 37.38	r. Kol. 1′	1	eš-ḫ[a-	
735	KBo 37.38	r. Kol. 2′	2	[a-re-e [[	
735	KBo 37.38	r. Kol. 3′	1	[tu-ḫa-a-sa-ma-a-[	
735	KBo 37.38	r. Kol. 4′	2	[ia-a-al-le-e [[	
735	KBo 37.38	r. Kol. 5′	2	[ma-a [Dwa-si-l[i	
735	KBo 37.38	r. Kol. 6′	2	[ma-a [sa-a-an-g[a	
735	KBo 37.38	r. Kol. 7′	1	[ta-a-na-a-i-e-ḫ[u	
735	KBo 37.38	r. Kol. 8′	2	[ma-te-e [du-u[š-	
735	KBo 37.38	r. Kol. 9′	2	[eš-ḫé-pí-i-in [[	
735	KBo 37.38	r. Kol. 10′	3	[[ [ x-du-ú-uk	
735	KBo 37.39	Vs. 1′	4	[ [ -aḫ-zi ku-ú-u[p	
735	KBo 37.39	Vs. 2′	4	[[ [ -uk-ka-aḫ [	
735	KBo 37.39	Vs. 3′	4	[[ [ x wa-a-aš-ḫa-wú-〈〈x〉〉-[un	
735	KBo 37.39	Vs. 4′	3	[[ [ wa-za-ri-i-iš-tu[	
735	KBo 37.39	Vs. 5′	5	[[ [ x-e-nu(-)at-ti kal-la-aḫ li-si-i[n	kal-la-aḫ
735	KBo 37.39	Rs. 1	5	[[ [ x x x-i	
735	KBo 37.39	Rs. 2	4	[ [ x te-ne-e	te-ne-e
735	KBo 37.39	Rs. 3	4	[ [ x-a-i-il i-ku-ú	i-ku-ú
735	KBo 37.39	Rs. 4	3	[ [ (-)te-ep-ka-a-aš-ša	
735	KBo 37.39	Rs. 5	4	[ [ pa-a-ma [	pa-a-ma
735	KBo 37.39	Rs. 6	4	[[ [ [ú]-wa-a-aš-ḫé-er [	
735	KBo 37.39	Rs. 7	4	[[ [ [-d]u-uk-kam [	
735	KBo 37.39	Rs. 8	4	[[ [ x x[	
735	KBo 37.42	1′	1	]x[	
735	KBo 37.42	2′	3	[ x-il x[	
735	KBo 37.42	3′	3	[ (-)ku-ru-um-ma li-[	
735	KBo 37.42	4′	3	[ [-k]u-uk-ki-iš le-e-[	
735	KBo 37.42	5′	3	[ [-e]š-tu-uš li-ḫ[a-	
735	KBo 37.42	6′	2	[ x-ma-te-we-e-e[l(-)	
735	KBo 37.42	7′	3	[ x-ep-ši pa-la(-)a-[	
735	KBo 37.42	8′	3	[ -ša-aḫ le-e(-)[	
735	KBo 37.42	9′	3	[ x ta-wa-x[	
735	KBo 37.42	10′	2	[ x-u-ri(-)[	
735	KBo 37.42	11′	2	[ x[	
735	KBo 37.44	Vs. 1′	3	]-ú [ [	
735	KBo 37.44	Vs. 2″	2	-m]i-wú [	
735	KBo 37.44	Vs. 3″	1	]-ḫa-wú	
735	KBo 37.44	Vs. 4″	1	]-du	
735	KBo 37.44	Vs. 5″	1	-w]ú	
735	KBo 37.44	Vs. 6″	1	-n]e	
735	KBo 37.44	Vs. 7″	1	]x-ta-an	
735	KBo 37.44	Rs. 1	1	-m]u-u	
735	KBo 37.44	Rs. 2	1	]-e	
735	KBo 37.44	Rs. 3	1	]x	
735	KBo 37.44	Rs. 4	1	]x-il	
735	KBo 37.44	Rs. 5	1	l]i-a-li-pu	li-a-li-pu
735	KBo 37.44	Rs. 6	1	]x	
735	KBo 37.45	Vs. 1	2	[i]-da-a ga-n[a-	
735	KBo 37.45	Vs. 2	1	[iš-ta-a-ḫi(-)[	
735	KBo 37.45	Vs. 3	2	[še-e-et [[	
735	KBo 37.45	Vs. 4	2	[zi-i-ga-re-e-iš [[	
735	KBo 37.45	Vs. 5	2	[še-e-et [ta[ḫ-ku-un-pa-li	
735	KBo 37.45	Vs. 6	2	[a-wa-am-pí-nu [[	
735	KBo 37.45	Vs. 7	1	[iš-du-ú-uḫ(-)[	
735	KBo 37.45	Vs. 8	3	[x x [x[ x[	
735	KBo 43.216+	 {€2+1} Vs. 1/Vs. I 1	4	ne-e-ru-u [ [-p]a-aḫ-šu-le-e ša-x[	ne-e-ru-u
735	KBo 43.216+	 {€2+1} Vs. 2/Vs. I 2	4	[ḫa-an-ti-i-nu-u [[ pa-la mu-uḫ-ša-i-x[	pa-la
735	KBo 43.216+	 {€2+1} Vs. 3/Vs. I 3	5	[du-up-ḫi-ip-x[ [ x ma-ra-a-ra zi-i[š/u[š	ma-ra-a-ra
735	KBo 43.216+	 {€2+1} Vs. 4/Vs. I 4	6	[x x [x[ [ x pa-la-ma eš-ta-a-a[n-	pa-la-ma
735	KBo 43.216+	 {€1} Vs. I 5	3	[ -ma-a ga-ma-am-m[a	
735	KBo 43.216+	 {€1} Vs. I 6	3	[ [-u]n ši-in-du-x[	
735	KBo 43.216+	 {€1} Vs. I 6	3	[ x x[	
735	KBo 43.216+	 {€1} Rs. IV 1′	2	[ -ig-ga-x[	
735	KBo 43.216+	 {€1} Rs. IV 2′	3	[ [š]a-i-il li-i[a-	
735	KBo 43.216+	 {€2+1} Rs. 1′/Rs. IV 3′	5	[x x [x[ [ gi-iz-ḫa [	gi-iz-ḫa
735	KBo 43.216+	 {€2+1} Rs. 2′/Rs. IV 4′	5	[a-re-e [[ [ du-ú-ḫa [	du-ú-ḫa
735	KBo 43.216+	 {€2+1} Rs. 3′/Rs. IV 5′	3	[at-ta-li-i[p [ ip-ga-az-zu-e-[ma-aḫ	
735	KUB 28.18	Vs. r. Kol. 1	2	[t]u-ḫa-a-sa-ma-a at-ta-a-li-[ip]	
735	KUB 28.18	Vs. r. Kol. 2	2	[m]a-a e-ip-ka-wa-ri-i-il	e-ip-ka-wa-ri-i-il
735	KUB 28.18	Vs. r. Kol. 3	2	eš-ta-a-wa-ar-wa si-i-ú-i-nu	eš-ta-a-wa-ar-wa si-i-ú-i-nu
735	KUB 28.18	Vs. r. Kol. 4	3	[i]š-ti-e pa-a-ma ú-mi-i-il-la-wu-u	pa-a-ma ú-mi-i-il-la-wu-u
735	KUB 28.18	Vs. r. Kol. 5	2	[m]a-a zi-i-in-nu-ni-iš-ḫa-wi	zi-i-in-nu-ni-iš-ḫa-wi
735	KUB 28.18	Vs. r. Kol. 6	2	[w]a-a-du-ú wa-zi-i-ni-wa-aš	wa-zi-i-ni-wa-aš
735	KUB 28.18	Vs. r. Kol. 7	3	[t]a-a-ru ma-a ia-aḫ-šu-ú-ul-tu	ma-a ia-aḫ-šu-ú-ul-tu
735	KUB 28.18	Vs. r. Kol. 8	3	[a]t-ku-ú-ši-im ma-a ḫa-a-ni-wa-aš	ma-a ḫa-a-ni-wa-aš
735	KUB 28.18	Vs. r. Kol. 9	3	[t]a-i-il pa-a-ma tu-u-mi-li	pa-a-ma tu-u-mi-li
735	KUB 28.18	Vs. r. Kol. 10	2	[p]a-a-la-ma-a pí-i-pé-e-ez-zi-li	pí-i-pé-e-ez-zi-li
735	KUB 28.18	Vs. r. Kol. 11	3	[m]a-a du-ú-ḫa-an te-e-wu-u-ri	du-ú-ḫa-an te-e-wu-u-ri
735	KUB 28.18	Vs. r. Kol. 12	3	[m]a-a za-a-ri-u-un te-pé-e-in	za-a-ri-u-un te-pé-e-in
735	KUB 28.18	Vs. r. Kol. 13	3	[t]a-a-ru-un pa-a-ma at-te-e-eḫ-šu-li	pa-a-ma at-te-e-eḫ-šu-li
735	KUB 28.18	Vs. r. Kol. 14	3	[i]š-ti-i pa-a-ma mi-i-il-la-wu	pa-a-ma mi-i-il-la-wu
735	KUB 28.18	Vs. r. Kol. 15	3	u-ul la-ma-a iš-ta-na-a-ḫi-li	u-ul la-ma-a iš-ta-na-a-ḫi-li
735	KUB 28.18	Vs. r. Kol. 16	3	[m]a-te-e su-ú-uk wa-al-wa-la-at	su-ú-uk wa-al-wa-la-at
735	KUB 28.18	Vs. r. Kol. 17	4	ú-e gi-iz-ḫa-a en-te-e-ep ku-a-at	ú-e gi-iz-ḫa-a en-te-e-ep ku-a-at
735	KUB 28.18	Vs. r. Kol. 18	2	[t]u-ú-ḫa-a-sa-ma-a-an ip-wa-a-li-[p]u	
735	KUB 28.18	Vs. r. Kol. 19	3	[m]a-a ta-a-ru li-e-ep-šu-u-un-[n]a	ta-a-ru
735	KUB 28.18	Vs. r. Kol. 20	2	[ma]-a ú-wa-a-ak-wa-a-ri-[il]	
735	KUB 28.18	Vs. r. Kol. 21	4	[ [ za-a-ri-un te-e-pí-[in]	za-a-ri-un
735	KUB 28.18	Vs. r. Kol. 22	6	[ [ [ta-a-ru-un [p]a-a-ma wa-a-ar-wa-ri-i[l [	
735	KUB 28.18	Vs. r. Kol. 23	4	[ [ le-e-ša-a-k[i-il(-) [	
735	KUB 28.18	Rs. r. Kol. 1′	5	[ [ -a [ [	
735	KUB 28.18	Rs. r. Kol. 2′	4	[ [ [-l]a-ma-a eš-ta-[a-wa-ar-wa(-)	
735	KUB 28.18	Rs. r. Kol. 3′	4	[ma]-a zi-i-in-nu ni-iš-ḫa-[wi [	zi-i-in-nu
735	KUB 28.18	Rs. r. Kol. 4′	4	[m]a-a du-ú-wa zi-i-ni-[wa-aš [	du-ú-wa
735	KUB 28.18	Rs. r. Kol. 5′	4	[t]a-a-ru ma-a i[a]-aḫ-šu-ú-u[l-tu [	ma-a
735	KUB 28.18	Rs. r. Kol. 6′	3	[l]e-e-ku-si-im ma-a ḫa-a-ni-wa-aš	ma-a ḫa-a-ni-wa-aš
735	KUB 28.18	Rs. r. Kol. 7′	5	[š]a-a-i-il 〈〈x x〉〉 ma-a li-tu-u-mi-li	ma-a li-tu-u-mi-li
735	KUB 28.18	Rs. r. Kol. 8′	2	[p]a-la-a le-e-pí-pí-iz-zi-li	le-e-pí-pí-iz-zi-li
735	KUB 28.18	Rs. r. Kol. 9′	3	[m]a-a du-ú-ḫa-a-an te-e-wu-u-ri	du-ú-ḫa-a-an te-e-wu-u-ri
735	KUB 28.18	Rs. r. Kol. 10′	2	[m]a-a wa-ip-du-ú-li-i-mu-li	wa-ip-du-ú-li-i-mu-li
735	KUB 28.18	Rs. r. Kol. 11′	3	[ma-n]e-e la-ma-a eš-wu-la-aš-ne	la-ma-a eš-wu-la-aš-ne
735	KUB 28.18	Rs. r. Kol. 12′	3	[m]a-ne-e la-ma-a eš-ka-a-ra-mu	la-ma-a eš-ka-a-ra-mu
735	KUB 28.18	Rs. r. Kol. 13′	3	[p]a-la-a za-a-ri-ú-un eš-zi-ia-ú-i	za-a-ri-ú-un eš-zi-ia-ú-i
735	KUB 28.18	Rs. r. Kol. 14′	3	[k]a-at-te-e eš-ta-a-wa-ar-wa si-i-ú-i-nu	eš-ta-a-wa-ar-wa si-i-ú-i-nu
735	KUB 28.18	Rs. r. Kol. 15′	2	[š]e-el-le-e-en ta-ba-ar-na	ta-ba-ar-na
735	KUB 28.19	Vs. lk. Kol. 1′	7	] x [ [ x-x[ [ x	
735	KUB 28.19	Vs. lk. Kol. 2′	2	]-ti-i-ta wa-a-aš-ḫa-ap	wa-a-aš-ḫa-ap
735	KUB 28.19	Vs. lk. Kol. 3′	2	]x(-)i-pí-iš wa-wa-aḫ-du	wa-wa-aḫ-du
735	KUB 28.19	Vs. lk. Kol. 4′	1	](-)e-nu(-)zi-i-pé-e-nu	e-nuzi-i-pé-e-nu
735	KUB 28.19	Vs. lk. Kol. 5′	1	-u]n-pa-a-aš-ḫa-pu-u-ri	
735	KUB 28.19	Vs. lk. Kol. 6′	3	gi-iz]-ḫa-a ša-i-il ip-ku-wa-at	gi-iz-ḫa-a ša-i-il ip-ku-wa-at
735	KUB 28.19	Vs. lk. Kol. 7′	2	]x ip-ga-az-zu-e-ma-aḫ	ip-ga-az-zu-e-ma-aḫ
735	KUB 28.19	Vs. lk. Kol. 8′	2	]x-aš ta-a-ga-mi-ša-a-ru-na	ta-a-ga-mi-ša-a-ru-na
735	KUB 28.19	Vs. lk. Kol. 9′	4	]-x ma-a du-ú-x[ [	ma-a
735	KUB 28.19	Vs. lk. Kol. 10′	2	](-)x(-)l[i [	
735	KUB 28.19	Rs. lk. Kol. 1′	2	]x x[	
735	KUB 28.19	Rs. lk. Kol. 2′	2	[ [i]n-ap-[	
735	KUB 28.19	Rs. lk. Kol. 3′	2	[ x-z[i	
735	KUB 28.19	Rs. lk. Kol. 4′	3	[ x m[a	
735	KUB 28.19	Rs. lk. Kol. 5′	3	[ [n]a [	
735	KUB 28.19	Rs. lk. Kol. 6′	2	[ x[	
735	KUB 28.19	Rs. lk. Kol. 7′	2	[ x-wa-[	
735	KUB 28.19	Rs. lk. Kol. 8′	4	[ x-a-nu-un te-wu-[u- [	
735	KUB 28.19	Rs. lk. Kol. 9′	3	[ x-ú-un te-wu-u-x[	
735	KUB 28.19	Rs. lk. Kol. 10′	5	[ -ša-a-[ [ x-nu-un te-wu-u-[	
735	KUB 28.19	Rs. lk. Kol. 11′	6	[ x x[ [ -in te-wu-u-[	
735	KUB 28.19	Rs. lk. Kol. 12′	5	[ x[ [ [x-nu-u]n te-wu-u-[x	
735	KUB 28.19	Rs. lk. Kol. 13′	5	[ x[ [ x te-wu-[u-	
735	KUB 28.19	Rs. lk. Kol. 14′	6	[ ma-a [ [ te-wu-u-un te-wu-u-u[n	ma-a te-wu-u-un
735	KUB 28.19	Rs. lk. Kol. 15′	5	[ x-aš [ [ x-zi-il(-)[	
735	KUB 28.19	Rs. lk. Kol. 16′	4	[ x-u-w[a [ -u-iš(-)[	
735	KUB 28.19	Rs. lk. Kol. 17′	2	[ x[	
735	KUB 28.19	Rs. lk. Kol. 18′	4	[ x[ [ x-wa-aḫ(-)[	
735	KUB 28.20	Vs.(?) r. Kol. 1	2	ta-a-ḫa-ša-i-li-ma x[	ta-a-ḫa-ša-i-li-ma
735	KUB 28.20	Vs.(?) r. Kol. 2	2	[wa-aḫ-zi-iš-ma [ma-[x	
735	KUB 28.20	Vs.(?) r. Kol. 3	2	[ta-a-ga-az-zu-i-ma [i[š-	
735	KUB 28.20	Vs.(?) r. Kol. 4	2	[pa-la-a-ap [mu-ú-[x	
735	KUB 28.20	Vs.(?) r. Kol. 5	2	[ka-at-te [ta-a-li-pí-i-[nu]	
735	KUB 28.20	Vs.(?) r. Kol. 6	4	li-iš-du-uš pa-a-ma eš-ti-ip ḫa-ša-a-aḫ	li-iš-du-uš pa-a-ma eš-ti-ip ḫa-ša-a-aḫ
735	KUB 28.20	Vs.(?) r. Kol. 7	2	ka-at-te-e ta-a-li-pí-i-nu	ka-at-te-e ta-a-li-pí-i-nu
735	KUB 28.20	Vs.(?) r. Kol. 8	2	ti-li-iš-ti-ip ḫa-a-i-ma-a[k-ku]-ú	ti-li-iš-ti-ip
735	KUB 28.20	Vs.(?) r. Kol. 9	3	ma-a ḫa-a-aš-ku-ú-mi-a-aš ka-a[t-te]	ma-a ḫa-a-aš-ku-ú-mi-a-aš
735	KUB 28.20	Vs.(?) r. Kol. 10	3	ḫa-a-ši-i-mi-li-i-ú-un [ [	ḫa-a-ši-i-mi-li-i-ú-un
735	KUB 28.20	Vs.(?) r. Kol. 11	3	ḫa-a-aš-ku-um-mi-ia-aš ka-a[t-te [	ḫa-a-aš-ku-um-mi-ia-aš
735	KUB 28.20	Vs.(?) r. Kol. 12	3	ḫa-az-za-ar-zu-ma ga-[x [	ḫa-az-za-ar-zu-ma
735	KUB 28.20	Vs.(?) r. Kol. 13	5	a-aš-wu-u-ur pa-a-ma a-aš-ḫa-i-u [ [	a-aš-wu-u-ur pa-a-ma a-aš-ḫa-i-u
735	KUB 28.20	Vs.(?) r. Kol. 14	3	ta-a-li-i-pí-in a-an-ga-nu-ša-at-x[ [	ta-a-li-i-pí-in
735	KUB 28.20	Vs.(?) r. Kol. 15	4	zu-u-li li-mu-na-mu-na [ [	zu-u-li li-mu-na-mu-na
735	KUB 28.20	Vs.(?) r. Kol. 16	4	[ [te-d]u-ú-up za-a-ḫe-el ḫa-an-ni-iš-šu-ú-i	za-a-ḫe-el ḫa-an-ni-iš-šu-ú-i
735	KUB 28.20	Vs.(?) r. Kol. 17	6	[ [ x x[ [ ḫa-le-e-wu-u-ši	ḫa-le-e-wu-u-ši
735	KUB 28.20	Vs.(?) r. Kol. 18	5	[ [ x 〈〈x〉〉 ta-a-ḫar-wa	ta-a-ḫar-wa
735	KUB 28.20	Vs.(?) r. Kol. 19	3	[ [ [-k]u-wa-i-ú-i-eš	
735	KUB 28.20	Vs.(?) r. Kol. 20	4	[ [ -ta-nu [	
735	KUB 28.20	Rs.(?) r. Kol. 1′	3	[ [ ta-a-li-pí-i-[nu	
735	KUB 28.20	Rs.(?) r. Kol. 2′	4	[[ [ x-ma iz-zi-u-ku-u-ul	iz-zi-u-ku-u-ul
735	KUB 28.20	Rs.(?) r. Kol. 3′	4	[ [ wa-aš-ḫa-wu-un up-ḫu-pu-ú-ši	wa-aš-ḫa-wu-un up-ḫu-pu-ú-ši
735	KUB 28.20	Rs.(?) r. Kol. 4′	1	[e]š-ta-pár-wa-si-i-ú-i-nu	
735	KUB 28.20	Rs.(?) r. Kol. 5′	3	a-aš-wu-u-ur pa-a-ma a-aš-ša-la-aḫ-za-a-an	a-aš-wu-u-ur pa-a-ma a-aš-ša-la-aḫ-za-a-an
735	KUB 28.20	Rs.(?) r. Kol. 6′	2	e-re-eš-ma-ḫu-li-ia ma-am-pí-tu-u	e-re-eš-ma-ḫu-li-ia ma-am-pí-tu-u
735	KUB 28.20	Rs.(?) r. Kol. 7′	2	ma-a-i-tu te-wu-u-te-wu-u-uš	ma-a-i-tu te-wu-u-te-wu-u-uš
735	KUB 28.20	Rs.(?) r. Kol. 8′	2	ma-a-an-ni-i-ma at-ḫa-wa-al-wa-la-at	ma-a-an-ni-i-ma at-ḫa-wa-al-wa-la-at
735	KUB 28.20	Rs.(?) r. Kol. 9′	2	ma-a-le-e tu-li-ia-nu	ma-a-le-e tu-li-ia-nu
735	KUB 28.20	Rs.(?) r. Kol. 10′	3	ma-a wu-ru-na-a-an te-wa-a-aš-ḫa-pí	ma-a wu-ru-na-a-an te-wa-a-aš-ḫa-pí
735	KUB 28.20	Rs.(?) r. Kol. 11	2	te-du-ú-uz-pí-i ka-az-zi-ra-pu	te-du-ú-uz-pí-i ka-az-zi-ra-pu
735	KUB 28.20	Rs.(?) r. Kol. 12′	2	te-du-ú-uz-pí-i zu-ú-šu-un-ni-i-u	te-du-ú-uz-pí-i zu-ú-šu-un-ni-i-u
735	KUB 28.20	Rs.(?) r. Kol. 13′	2	[m]a-a-le-e tu-li-ia-nu	tu-li-ia-nu
735	KUB 28.20	Rs.(?) r. Kol. 14′	2	[m]a-a-an-ni-i-ma at-ḫa-wa-al-wa-la-[a]t	
735	KUB 28.20	Rs.(?) r. Kol. 15′	3	[m]a-a wu-u-ru-na-a-an [te-wa-a-aš-ḫa-pí]	wu-u-ru-na-a-an
735	KUB 28.20	Rs.(?) r. Kol. 16′	3	[t]u-ú-ḫi-ip sa-a-x[ [	
735	KUB 28.20	Rs.(?) r. Kol. 17′	4	x ku-ut-ta-ri-šu-un [ [	ku-ut-ta-ri-šu-un
735	KUB 28.21	Vs. lk. Kol. 1′	2	]x x	
735	KUB 28.21	Vs. lk. Kol. 2′	1	]x-na	
735	KUB 28.21	Vs. lk. Kol. 3′	1	]x-up	
735	KUB 28.21	Vs. lk. Kol. 4′	2	]x ḫa-a-i-ši-i-im	ḫa-a-i-ši-i-im
735	KUB 28.21	Vs. lk. Kol. 5′	1	]x-zi-iḫ-ba-li	
735	KUB 28.21	Vs. lk. Kol. 6′	1	]x-zi-iḫ-ba-l[i]	
735	KUB 28.21	Vs. lk. Kol. 7′	2	t]a-ḫa-an-ti [	ta-ḫa-an-ti
735	KUB 28.21	Vs. lk. Kol. 8′	2	] ta-am-mi-iš	ta-am-mi-iš
735	KUB 28.21	Vs. lk. Kol. 9′	1	](-)ḫa-i-ši-mu	ḫa-i-ši-mu
735	KUB 28.21	Vs. lk. Kol. 10′	1	-z]i-iḫ-ba-li	
735	KUB 28.21	Vs. lk. Kol. 11′	1	](-)ḫu-pa-a-aš	ḫu-pa-a-aš
735	KUB 28.21	Vs. lk. Kol. 12′	2	-z]a-aš-nu [	
735	KUB 28.21	Rs. lk. Kol. 1′	1	]-ul	
735	KUB 28.21	Rs. lk. Kol. 2′	1	]-AḪ	
735	KUB 28.21	Rs. lk. Kol. 3′	1	](-)i-šu-u-mi-in-na	i-šu-u-mi-in-na
735	KUB 28.21	Rs. lk. Kol. 4′	1	]-ši-iz-li	
735	KUB 28.21	Rs. lk. Kol. 5′	1	š]e-ez-zu-si-iz-li	še-ez-zu-si-iz-li
735	KUB 28.21	Rs. lk. Kol. 6′	1	]x-iš-šu-i	
735	KUB 28.21	Rs. lk. Kol. 7′	1	]x-ia	
735	KUB 28.21	Rs. lk. Kol. 8′	1	t]a-a-ḫi	ta-a-ḫi
735	KUB 28.22	(Vs.?) lk. Kol. 1′	2	]-na-ḫu-x[ [	
735	KUB 28.22	(Vs.?) lk. Kol. 2′	1	ḫu]-un-zi-ia-ar	ḫu-un-zi-ia-ar
735	KUB 28.22	(Vs.?) lk. Kol. 3′	1	]x-ta-na	
735	KUB 28.22	(Vs.?) lk. Kol. 4′	1	-n]u-i-〈〈x〉〉-li	
735	KUB 28.22	(Vs.?) lk. Kol. 5′	1	-ḫ]a-na-at-na-a-ḫu	
735	KUB 28.22	(Vs.?) lk. Kol. 6′	1	i]t-wa-ḫa-ḫa-az-ze-el	it-wa-ḫa-ḫa-az-ze-el
735	KUB 28.22	(Vs.?) lk. Kol. 7′	1	ḫ]a-an-na-at-na-ḫu	ḫa-an-na-at-na-ḫu
735	KUB 28.22	(Vs.?) lk. Kol. 8′	1	i]t-wa-ḫa-ḫa-az-ze-el	it-wa-ḫa-ḫa-az-ze-el
735	KUB 28.22	(Vs.?) lk. Kol. 9′	1	ḫa-n]a-at-na-ḫu	ḫa-na-at-na-ḫu
735	KUB 28.22	(Vs.?) lk. Kol. 10′	1	it-wa-ḫa-ḫa-az-z]e-el	it-wa-ḫa-ḫa-az-ze-el
735	KUB 28.31	Vs.(?) lk. Kol. 1′	2	ka-at-taḫ a-[an-ta-ap-pu	ka-at-taḫ
735	KUB 28.31	Vs.(?) lk. Kol. 2′	2	[pé-el-wa-a-ḫi-ši [a-a[n-ta-ap-pu	
735	KUB 28.31	Vs.(?) lk. Kol. 3′	2	[šu-ú-le-en-kat-te [a-an-t[a-ap-pu	
735	KUB 28.31	Vs.(?) lk. Kol. 4′	2	[šu-ú-wu-u-ri-in [a-an-ta-a[p-pu	
735	KUB 28.31	Vs.(?) lk. Kol. 5′	2	[šu-ú-wa-a-ru-un [a-an-ta-a[p-pu	
735	KUB 28.31	Vs.(?) lk. Kol. 6′	4	[[ [ x-ka-x-i-iš a-an-t[a-ap-pu	
735	KUB 28.31	Vs.(?) lk. Kol. 7′	4	[[ [ x x[	
735	KUB 28.31	Rs.(?) r. Kol. 1′	4	[[ [ -ip [	
735	KUB 28.31	Rs.(?) r. Kol. 2′	3	[[ [ ka-al-pu-u-[	
735	KUB 28.31	Rs.(?) r. Kol. 3′	2	[[ḫa-a-aš-ša-la-m]a-a a-ap-ḫa-a[š	
735	KUB 28.31	Rs.(?) r. Kol. 4′	2	[[ḫa-a-aš-š]a-la-ma-a a-ap-ḫa-[aš	
735	KUB 28.31	Rs.(?) r. Kol. 5′	2	[ḫa-a-aš-ša-a-la-ma [a-ap-[ḫa-aš	
735	KUB 28.31	Rs.(?) r. Kol. 6′	2	[ḫa-a-aš-ša-a-la-[m]a a-ap-ḫ[a-aš	
735	KUB 28.31	Rs.(?) r. Kol. 7′	2	[ḫu-up-pu-ú-d[u] pa-a-m[a	
735	KUB 28.31	Rs.(?) r. Kol. 8′	2	[x-i-id-x[ x[	
735	KUB 28.40	Vs. I 1	3	[ [ x-li-i-pí-in	
735	KUB 28.40	Vs. I 2	3	[ [ [l]e-e-ša-ki-il	
735	KUB 28.40	Vs. I 3	3	[ [ x-ki-i-ip	
735	KUB 28.40	Vs. I 4	5	[ [ x-tu ma-a tu-ḫa-wu-u-ur	ma-a tu-ḫa-wu-u-ur
735	KUB 28.40	Vs. I 5	3	[ [ -tu	
735	KUB 28.40	Vs. I 6	3	[ [ [t]a-a-aš-wu-ú-ul	
735	KUB 28.40	Vs. I 7	3	[ [ -ši	
735	KUB 28.40	Vs. I 8	3	[ [ [l]e-e-ša-ak-ki-il	
735	KUB 28.40	Vs. I 9	3	[ [ x-ta-i-ia	
735	KUB 28.40	Vs. I 10	3	[ [ [m]a-an-na-ša-ak-ki-li	
735	KUB 28.40	Vs. I 11	3	[ [ [w]u-un	
735	KUB 28.40	Vs. I 12	5	[ [ -aš ma-a li-ip-šu-un-na-a-an	ma-a li-ip-šu-un-na-a-an
735	KUB 28.40	Vs. I 13	3	[ [ -ú	
735	KUB 28.40	Vs. I 14	4	[ [ x-ma te-tu-ut-ḫu-ru-up	te-tu-ut-ḫu-ru-up
735	KUB 28.40	Vs. I 15	3	[ [ -al-wa-la-[at]	
735	KUB 28.40	Vs. II 1	4	tu-u[p-ḫa-zi-il [DINGIRMEŠ-un [ x-zi-it	
735	KUB 28.40	Vs. II 2	3	tu-up-ḫa-z[i-il [DINGIRMEŠ-un [ip-pu-l]a-aš-ni	
735	KUB 28.40	Vs. II 3	3	tu-up-ḫa-zi-i[l [DINGIRMEŠ-un [i]p-te-wu-u-uš-ni	
735	KUB 28.40	Vs. II 4	3	tu-up-ḫa-zi-il [DINGIRMEŠ-un] ip-pa-ra-a-aš-ni	tu-up-ḫa-zi-il ip-pa-ra-a-aš-ni
735	KUB 28.40	Vs. II 5	3	tu-up-ḫa-zi-il [DINGIRME]Š-un ip-wa-ḫa-ti	tu-up-ḫa-zi-il ip-wa-ḫa-ti
735	KUB 28.40	Vs. II 6	3	tu-up-ḫa-zi-il DINGIRMEŠ-un ip-wi-wa-ra-ak	tu-up-ḫa-zi-il ip-wi-wa-ra-ak
735	KUB 28.40	Vs. II 7	3	tu-up-ka-a-tu-u[ḫ] za-aš-ša-a-ru-ú-un a-aš-ma-a-i-ú	za-aš-ša-a-ru-ú-un a-aš-ma-a-i-ú
735	KUB 28.40	Vs. II 8	3	tu-up-ka-a-tu-uḫ wa-šu-wu-ú-un a-aš-ma-a-i-ú	tu-up-ka-a-tu-uḫ wa-šu-wu-ú-un a-aš-ma-a-i-ú
735	KUB 28.40	Vs. II 9	4	tu-up-ka-a-tu-u[ḫ] ga-am-ma-am-ma-a-an te-wa-aš-ta-wa-ar a-aš-ma-a-i-ú	ga-am-ma-am-ma-a-an te-wa-aš-ta-wa-ar a-aš-ma-a-i-ú
735	KUB 28.40	Vs. II 10	3	ta-we-e-eš t[u]-up-ka-a-tu-uḫ ma-a-ši-lu-e-lu-u	ta-we-e-eš ma-a-ši-lu-e-lu-u
735	KUB 28.40	Vs. II 11	6	ti-i-li-ma wu-u-ur ma-a-x [ [ x-ap-tu-u-ni-ip	ti-i-li-ma wu-u-ur
735	KUB 28.40	Vs. II 12	5	tu-up-pu tu-ú-ḫa-ap-ga-an [ [ x-eš-tu	tu-up-pu tu-ú-ḫa-ap-ga-an
735	KUB 28.40	Vs. II 13	3	zi-lu-ú-mu-u[l] a-an-t[u [	
735	KUB 28.40	Vs. II 14	3	tu-up-pu un-t[u-ḫa]-a-a[p- [	tu-up-pu
735	KUB 28.40	Vs. II 15	2	wa-ra-a-e-t[u- [	
735	KUB 28.40	Vs. II 16	1	x[	
735	KUB 28.40	Rs. III 1′	2	[[t]aḫ-ku-un-pa-[li(-) [	
735	KUB 28.40	Rs. III 2′	3	[t]aḫ-ku-un wa-r[a- [	
735	KUB 28.40	Rs. III 3′	2	[t]u-up-za-ga-šar-tu-[ [	
735	KUB 28.40	Rs. III 4′	3	[w]a-at-te-wa-aš-ḫa-ap z[a- [	
735	KUB 28.40	Rs. III 5′	4	wa-az-zi-iz-aḫ za-we-e-nu-u t[e-x [	wa-az-zi-iz-aḫ za-we-e-nu-u
735	KUB 28.40	Rs. III 6′	4	za-ni-iš-ḫa-ap pa-la-ma a-a[p- [	za-ni-iš-ḫa-ap pa-la-ma
735	KUB 28.40	Rs. III 7′	4	lu-u-ul wa-aš-ḫa-wi gi-iz-ḫi-i[p [	lu-u-ul wa-aš-ḫa-wi
735	KUB 28.40	Rs. III 8′	4	[g]i-iz-ḫi-ip ša-i-il at-ta-[li-ip [	ša-i-il
735	KUB 28.40	Rs. III 9′	5	x x-ḫi-ip at-ta-a-li-ip [ [	at-ta-a-li-ip
735	KUB 28.40	Rs. III 10′	7	[ [ x x x x x[ [	
735	KUB 28.40	Rs. III 11′	7	[ [ x x[ [ x[ [	
735	KUB 28.40	Rs. III 12′	2	wa-aš-ḫ[a-ap [	
735	KUB 28.40	Rs. III 13′	5	a-wa-a[p [ x la-ku-sa-[ [	
735	KUB 28.40	Rs. III 14′	6	wa-tu-ú-[ia [ -i-il 〈〈li〉〉 at-[ [	
735	KUB 28.40	Rs. III 15′	4	wa-tu-ú-i[a [wu-u-u]r-du wa-i-il-lu-mu(-)[ [	
735	KUB 28.40	Rs. III 16′	3	i-tu-ú-ia [wu-u-u]r-du ta-ḫa-wa-i-u-uš-ni	i-tu-ú-ia ta-ḫa-wa-i-u-uš-ni
735	KUB 28.40	Rs. III 17′	3	wa-at-túḫ [DI]NGIR[M]EŠ-un ip-pu-la-aš-ni	wa-at-túḫ ip-pu-la-aš-ni
735	KUB 28.40	Rs. III 18′	3	wa-at-túḫ [DI]NGIRMEŠ-un ip-te-wu-u-uš-ni	wa-at-túḫ ip-te-wu-u-uš-ni
735	KUB 28.40	Rs. III 19′	6	tu-ú-wa ku-x[ [ x-ḫu wa-az-za-ri-un a-aš-ši-ia-ú-i	tu-ú-wa wa-az-za-ri-un a-aš-ši-ia-ú-i
735	KUB 28.40	Rs. III 20′	8	wa-tu-up-pu [ [ x[ [ x-ḫa-ap ki-i-ta-at ga-a-pa-az-za-ri-[un]	wa-tu-up-pu ki-i-ta-at
735	KUB 28.40	Rs. III 21′	5	i-mi-iš-wa wu-u-ur kat-ti-wa-la-an-ni [ [	i-mi-iš-wa wu-u-ur kat-ti-wa-la-an-ni
735	KUB 28.40	Rs. III 22′	4	i-ia pa-la ma-i-ta-wa-al-li-ia-x[ [	i-ia pa-la
735	KUB 28.40	Rs. III 23′	4	ma-al-ḫi-ip-ga t[u]-u-mi-i-il wu-u-ur-du-k[a [	ma-al-ḫi-ip-ga
735	KUB 28.40	Rs. IV 1′	5	[ [ x-tu [ [	
735	KUB 28.52	Vs.(?) r. Kol. 2′	5	]x-ú-x x[ [ x [	
735	KUB 28.52	Vs.(?) r. Kol. 3′	3	[ -ma-a ḫa-a-al-l[e-e-eš-ta-a-ú	
735	KUB 28.52	Vs.(?) r. Kol. 4′	3	[ [(-)d]u-ú-ḫa-a-nu-un [	
735	KUB 28.52	Vs.(?) r. Kol. 5′	4	[ [-m]a-ne-e la-ma-a [	la-ma-a
735	KUB 28.52	Vs.(?) r. Kol. 6′	3	[ [eš]-ta-a-wa-ar-wa si-i-ú-[i-nu	
735	KUB 28.52	Vs.(?) r. Kol. 7′	3	[ [ḫ]a-al-le-e-eš-ta-a-ú [	
735	KUB 28.52	Vs.(?) r. Kol. 8′	3	[ [-w]a [w]a-aḫ-ta-aš-k[u-un-ni-il	
735	KUB 28.52	Vs.(?) r. Kol. 9′	3	[ x x[	
735	KUB 28.52	Vs.(?) r. Kol. 10′	2	[ [wa-t]a-aḫ-[ta-aš]-ku-un-ni-i[l	
735	KUB 28.52	Vs.(?) r. Kol. 11′	3	[ x-ma ḫa-a-ni-wa-[aš	
735	KUB 28.52	Vs.(?) r. Kol. 12′	2	[ wa-ta-aḫ-ta-aš-ku-un-ni-i[l	
735	KUB 28.52	Vs.(?) r. Kol. 13′	2	[ [z]i-i-in-nu-ni-iš-ḫa-w[i	
735	KUB 28.52	Vs.(?) r. Kol. 14′	3	[ [m]a-a wa-ta-aḫ-ta-aš-ku-un-ni-[il	
735	KUB 28.52	Vs.(?) r. Kol. 15′	3	[ i-ta-a ta-na-a-i-[ia	i-ta-a
735	KUB 28.52	Vs.(?) r. Kol. 16′	2	[te-eš-t]e-ep ta-ta-aš-ku-un-ni-[il	
735	KUB 28.52	Vs.(?) r. Kol. 17′	2	[eš-ta-wa]-ar-wa si-i-ú-i-[nu	
735	KUB 28.52	Vs.(?) r. Kol. 18′	3	[ [š]a-a-ki-il-du a-an-pí(-)[	
735	KUB 28.52	Vs.(?) r. Kol. 19′	3	[ [ḫa]-al-le-e-eš-ta-a-ú [	
735	KUB 28.52	Vs.(?) r. Kol. 20′	2	[pa]-a-ma li-mi-i-il-la-[wu	
735	KUB 28.52	Vs.(?) r. Kol. 21′	4	[ [l]a-ma-a iš-ta-na-a-ḫi [	iš-ta-na-a-ḫi
735	KUB 28.52	Vs.(?) r. Kol. 22′	3	[ [t]e-e-eš-te-ep wa-aḫ-ta-aš-ku-u[n-ni-il	
735	KUB 28.52	Vs.(?) r. Kol. 23′	6	[ x-ma-a [ [ x-ia [	
735	KUB 28.52	Vs.(?) r. Kol. 24′	3	[ [za-r]i-ú-un te-pí-i-[in	
735	KUB 28.52	Vs.(?) r. Kol. 25′	3	[ x at-ka-ma-a-ri-[il	
735	KUB 28.52	Vs.(?) r. Kol. 26′	4	[ x za-ri-ú-un te-pí-i-[in	za-ri-ú-un
735	KUB 28.52	Vs.(?) r. Kol. 27′	3	[ x-ap-ta-ki-il-ma [	
735	KUB 28.52	Vs.(?) r. Kol. 28′	3	[ [p]a-a-ma mi-i-il-la-[wu	
735	KUB 28.52	Vs.(?) r. Kol. 29′	3	[ iš-ta-na-a-ḫi [	iš-ta-na-a-ḫi
735	KUB 28.52	Vs.(?) r. Kol. 30′	3	[ [-k]a zé-el-le-e-zu-[uḫ	
735	KUB 28.52	Vs.(?) r. Kol. 31′	3	[ma-te-e] su-ú-uk wa-al-wa-la-[at	su-ú-uk
735	KUB 28.52	Vs.(?) r. Kol. 32′	4	[ú-e [gi-iz-ḫa]-a en-te-e-ep ku-a-[at	en-te-e-ep
735	KUB 28.52	Vs.(?) r. Kol. 33′	2	[tu-ḫa-sa-ma]-a-an ip-wa-li-[pu	
735	KUB 28.52	Vs.(?) r. Kol. 34′	4	[ [ta-ru-u]n li-ip-šu-un [	li-ip-šu-un
735	KUB 28.52	Vs.(?) r. Kol. 35′	4	[ x ta-a-ru [	ta-a-ru
735	KUB 28.52	Vs.(?) r. Kol. 36′	4	[ x ta-a-ru [	ta-a-ru
735	KUB 28.52	Vs.(?) r. Kol. 37′	3	[ [mi-i]l-la-wu te-u-[	
735	KUB 28.52	Vs.(?) r. Kol. 38′	3	[ [m]i-il-la-wu te-u-[	
735	KUB 28.52	Vs.(?) r. Kol. 39′	4	[ x li-ip-šu-un [	li-ip-šu-un
735	KUB 28.52	Vs.(?) r. Kol. 40′	4	[ [-w]u ma-a ta-a-[ru	ma-a
735	KUB 28.52	Vs.(?) r. Kol. 41′	3	[ x te-du-ú-ut-ḫu-r[u-up	
735	KUB 28.52	Vs.(?) r. Kol. 42′	2	[ li-x[	
735	KUB 28.52	Rs.(?) r. Kol. 1′	1	[[š]a-a-i-[il	
735	KUB 28.52	Rs.(?) r. Kol. 2′	2	[[i]š-ti-e ba-a-[ma	
735	KUB 28.52	Rs.(?) r. Kol. 3′	5	[[u-u]l la-ma-a [ [ -iš-ku-[	la-ma-a
735	KUB 28.52	Rs.(?) r. Kol. 4′	3	[[m]a-te-e su-ú-uk wa-al-wa-l[a-at	su-ú-uk
735	KUB 28.52	Rs.(?) r. Kol. 5′	4	[[ú]-e gi-iz-ḫa-a [e]n-te-e-ep ku-a-[at	gi-iz-ḫa-a
735	KUB 28.52	Rs.(?) r. Kol. 6′	4	[[tu-ḫa]-a-sa-ma-a [ [ ip-wa-a-li-[pu	
735	KUB 28.52	Rs.(?) r. Kol. 7′	4	[[ [ x-a-si-mu-ú-i [	
735	KUB 28.52	Rs.(?) r. Kol. 8′	3	[[ [ x	
735	KUB 28.52	Rs.(?) r. Kol. 9′	4	[ [ [k]a-[i]a-ri-il-e-ez-aš [	
735	KUB 28.52	Rs.(?) r. Kol. 10′	4	[[ [ [ma]-a le-e-ku-ru-ú-[un	
735	KUB 28.52	Rs.(?) r. Kol. 11′	4	[[ [ [l]a-[m]a-a ú-du-ú-ut-ḫu-r[u-up	
735	KUB 28.52	Rs.(?) r. Kol. 12′	4	[[ [ -i u-[x	
735	KUB 28.52	Rs.(?) r. Kol. 13′	4	[[ [ x ḫal-le-e-nu-[ú-uḫ	
735	KUB 28.52	Rs.(?) r. Kol. 14′	4	[[ [ [la-m]a-a [	
735	KUB 28.52	Rs.(?) r. Kol. 15′	5	[[ [ x x x x[	
735	KUB 28.52	Rs.(?) r. Kol. 16′	4	[[ [ -zu [	
735	KUB 28.52	Rs.(?) r. Kol. 18′	3	[[ [ l[i-x	
735	KUB 28.52	Rs.(?) r. Kol. 19′	4	[[ [ x x[	
735	KUB 28.52	Rs.(?) r. Kol. 20′	4	[[ [ [k]a-le-eš-du x[	
735	KUB 28.52	Rs.(?) r. Kol. 21′	5	[[ [ [-m]a-a le-e-ku-ru-ú [	le-e-ku-ru-ú
735	KUB 28.52	Rs.(?) r. Kol. 22′	4	[[ [ pa-a-ma wa-a-ar-wa-ri-x[	pa-a-ma
735	KUB 28.52	Rs.(?) r. Kol. 23′	5	[[ [ [-e]n ma-a te-du-ú-ut-ḫu-ru-[up	ma-a
735	KUB 28.52	Rs.(?) r. Kol. 24′	5	[[ [ x ma-a li-ia-a-li-[ip	ma-a
735	KUB 28.52	Rs.(?) r. Kol. 25′	3	[[ [ ḫa-a-ši-mu-ú-i-[li	
735	KUB 28.52	Rs.(?) r. Kol. 26′	5	[[ [ -du ma-a ḫal-le-e-nu-[ú	ma-a
735	KUB 28.52	Rs.(?) r. Kol. 27′	6	[[ [ x-ul-tu ma-a ta-a-ru [	ma-a ta-a-ru
735	KUB 28.52	Rs.(?) r. Kol. 28′	5	[[ [ [pa-la]-a u-mi-i-il-la-wu(-)ti-u [	u-mi-i-il-la-wuti-u
735	KUB 28.52	Rs.(?) r. Kol. 29′	5	[[ [ [-i]t mi-i-il-la-wu(-)ti-u [	mi-i-il-la-wuti-u
735	KUB 28.52	Rs.(?) r. Kol. 30′	2	[[eš-ta-a-wa-a]r-wa si-i-ú-i-[nu	
735	KUB 28.52	Rs.(?) r. Kol. 31′	3	[[ḫ]a-a-ša-i-l[i [ le-e-ša-a-ki-i[l	
735	KUB 28.52	Rs.(?) r. Kol. 32′	2	[ma-a [ḫa-a-š[i-mu]-ú-[i]-l[i	
735	KUB 28.52	Rs.(?) r. Kol. 33′	3	[ki-wu-u-ud-du [ma-a [ḫal-l[i]-e-nu-ú-[uḫ	
735	KUB 28.52	Rs.(?) r. Kol. 34′	3	[ša-a-i-il [ma-a [li-ia-a-[li-ip	
735	KUB 28.52	Rs.(?) r. Kol. 35′	3	[a-ri-i [gi-iz-ḫa-a [ta-a-at-ku-ú-a-[	
735	KUB 28.52	Rs.(?) r. Kol. 36′	2	[tu-ú-ḫa-sa-ma-a-an [at-ta-a-[li-ip	
735	KUB 28.52	Rs.(?) r. Kol. 37′	2	[pa-la-ma-a [at-ka-[	
735	KUB 28.52	Rs.(?) r. Kol. 38′	3	[pa-la-a [za-ri-i-un [[	
735	KUB 28.52	Rs.(?) r. Kol. 39′	2	[se-e-et [gi-zé-e-eḫ-x[	
735	KUB 28.53+	 {€2} Vs. 1′	3	[ [ x[	
735	KUB 28.53+	 {€2} Vs. 2′	5	[[ [ x[ [ x[	
735	KUB 28.53+	 {€2} Vs. 3′	3	[[ [ x[	
735	KUB 28.53+	 {€2} Vs. 4′	5	[[ [ [pa]-ma-[a [ x[	
735	KUB 28.53+	 {€2} Vs. 5′	7	[[ [ x-a[ [ x[ [ x[	
735	KUB 28.53+	 {€2} Vs. 6′	5	[[ [ x(-)t[e [ x[	
735	KUB 28.53+	 {€2} Vs. 7′	4	[[ [ x-pí [	
735	KUB 28.53+	 {€2} Vs. 8′	12	[[a-am-pí-i-d]u te[ [ x x[ [ x x[ [ x[ [ x[	
735	KUB 28.53+	 {€2} Vs. 9′	5	[[ti-i-ma-a-n]i du-x[ x[ [ x[	
735	KUB 28.53+	 {€2} Vs. 10′	3	[[pí-e-ḫa-a-p]í-iš [ x[	
735	KUB 28.53+	 {€2} Vs. 11′	2	[[a-aš-du-ú-z]a-ak p[a-la-ma	
735	KUB 28.53+	 {€2} Vs. 12′	2	[[up-ta-a-ḫ]a-ru-ri-i [	
735	KUB 28.53+	 {€2} Vs. 13′	3	[[ḫa-a-i-n]i-ti wu-u-ur [	wu-u-ur
735	KUB 28.53+	 {€2} Vs. 14′	2	[[la-m]a-a ga-li-i-im-p[í	
735	KUB 28.53+	 {€2} Vs. 15′	2	[[a-aš-d]u-ú-za-ak pa-la-m[a	
735	KUB 28.53+	 {€2} Vs. 16′	2	[[mu-úr]-mu-úr a-aš-du-w[a-ta-a-	
735	KUB 28.53+	 {€2} Vs. 17′	5	[[ [ x-ri [ pa-la-m[a	
735	KUB 28.53+	 {€2} Vs. 18′	3	[[ [ x[	
735	KUB 28.53+	 {€1} Rs. IV 1′	4	[[ [ x-d[u [	
735	KUB 28.53+	 {€1} Rs. IV 2′	4	[ [ [-i]n-n[a [	
735	KUB 28.53+	 {€1} Rs. IV 3′	6	[ [ x-a ma-a z[i [	ma-a
735	KUB 28.53+	 {€1} Rs. IV 4′	6	[ [ [-u]n ma-a t[ák- [	ma-a
735	KUB 28.53+	 {€1} Rs. IV 5′	7	[ [ [-m]i-iš-x x ši-ip-zi-il [ [	ši-ip-zi-il
735	KUB 28.53+	 {€1} Rs. IV 6′	5	[ [ x-it-ḫa-a-la a-wa-an-ni a-ša-at-pí-[iš]	a-wa-an-ni
735	KUB 28.53+	 {€1} Rs. IV 7′	4	[ [ [ma]-a ták-ki-ḫa-[aš]	
735	KUB 28.53+	 {€1} Rs. IV 8′	3	[a-wa-a]n-ni a-ša-at-pí-iš ša-il(-)du-uš-ta-l[i]	a-ša-at-pí-iš
735	KUB 28.53+	 {€1} Rs. IV 9′	3	[iš-t]a-a-lu-mu-ul a-wa-am-pí ki-ša-an-du-mu-li	a-wa-am-pí ki-ša-an-du-mu-li
735	KUB 28.53+	 {€1} Rs. IV 10′	3	[se-e-e]t ta-aḫ-ku-um-pa-li pé-e-en-pé-ra-at	ta-aḫ-ku-um-pa-li pé-e-en-pé-ra-at
735	KUB 28.53+	 {€1} Rs. IV 11′	2	[šu-up-z]a-aš-ga-a-tar zi-li-ku-u-ru-un	zi-li-ku-u-ru-un
735	KUB 28.53+	 {€1} Rs. IV 12′	5	[ [ -aš-du la-ma-a t[ák-k]i-ḫa-aš	la-ma-a
735	KUB 28.53+	 {€1} Rs. IV 13′	3	[du-u-u]t-wa pa-ma-a zi-l[i-ku-u]-ru-un	pa-ma-a
735	KUB 28.53+	 {€1} Rs. IV 14′	5	[ [ x[ [ at-na	
735	KUB 28.53+	 {€1} Rs. IV 15′	4	[ [ x x x	
735	KUB 28.53+	 {€1} Rs. IV 16′	3	[ [ x	
735	KUB 28.53+	 {€1} Rs. IV 17′	3	[ [ x-ši-l[i	
735	KUB 28.53+	 {€1} Rs. IV 18′	3	[[ [ [-r]u-x[	
735	KUB 28.53+	 {€1} Rs. III 1′	3	[tu-i-ú-ša-te-e-un [x [[	
735	KUB 28.53+	 {€1} Rs. III 2′	3	[se-e-et [ga-az-zi-iḫ-pé-[l]i pé-e-e[n-pé-ra-at	
735	KUB 28.53+	 {€1} Rs. III 3′	3	[du-ú-uš-pé-e-eš [du-ú-da-nu-un [ta-[	
735	KUB 28.53+	 {€1} Rs. III 4′	3	[a-wa-am-pí-iš-ma-a [pé-e-ia-li-pé-e [[	
735	KUB 28.53+	 {€1} Rs. III 5′	2	[du-ú-wa-ta-aḫ-ḫa-az [ta-a-ú-le-e[l	
735	KUB 28.53+	 {€1} Rs. III 6′	3	[ti-i-ú-uš [ti-i-li [ti-du-up(-)ta-[	
735	KUB 28.53+	 {€1} Rs. III 7′	3	[i-ta-a [pa-a-ma [pé-e-wa-ri-id-d[u	
735	KUB 28.53+	 {€1} Rs. III 8′	3	[pí-i-tu-u [zi-ra-a-aḫ [ta-at-te-w[u	
735	KUB 28.53+	 {€1} Rs. III 9′	3	[a-wa-an-zi-ra-aḫ [za-la-a-pu [at-t[a	
735	KUB 28.53+	 {€1} Rs. III 10′	3	[se-e-et [ta-aḫ-ku-um-pa-li [[	
735	KUB 28.53+	 {€1} Rs. III 11′	3	[du-ú-ḫi [du-uz-za-nu [li-iz-z[i	
735	KUB 28.53+	 {€1} Rs. III 12′	4	[[ [ x-i-in-šu-ú ta-a-ga-aš-k[u-ni-il	
735	KUB 28.53+	 {€1} Rs. III 13′	3	[[ [ [t]a-ag-ga-aš-ku-n[i-il	
735	KUB 28.53+	 {€1} Vs. II 1′	7	[[ [ -x x x-ḫu x z[i-	
735	KUB 28.53+	 {€1} Vs. II 2′	2	[s[e-e-et] ta-aḫ-ku-um-pa-l[i	
735	KUB 28.53+	 {€1} Vs. II 3′	2	[ta-[ak-k]e-e-ḫal [	
735	KUB 28.53+	 {€1} Vs. II 4′	3	[du-ú-ḫi [du-ú-i-ma-ak-ku [x[	
735	KUB 28.53+	 {€1} Vs. II 5′	2	[ta-a-le-eš-du-u-uš [du-up-ta[ḫ-ḫi-il	
735	KUB 28.53+	 {€1} Vs. II 6′	2	[ši-ip-zi-il [li-ú-mi-i-x[	
735	KUB 28.53+	 {€1} Vs. II 7′	3	[du-ú-ḫa-a-pa [ma-a [ga-li-pí-x[	
735	KUB 28.53+	 {€1} Vs. II 8′	2	[du-ú-ḫa-pa-a [le-e-ḫa-ip-pu-n[a	
735	KUB 28.53+	 {€1} Vs. II 9′	2	[si-it [ga-az-zi-iḫ-ba(-)l[i-	
735	KUB 28.53+	 {€1} Vs. II 10′	3	[ták-ki-ḫal [du-ú-ḫa-du-ú-up [ša-a[k-	
735	KUB 28.53+	 {€1} Vs. II 11′	2	[le-e-a-li-ip [du-ú-up-ḫa(-)[	
735	KUB 28.53+	 {€1} Vs. II 12′	2	[ša-ma-a [li-ia-li-i[p	
735	KUB 28.53+	 {€1} Vs. II 13′	2	[ti-ia-ap-pa-a [iš-ti-i-pa-g[a	
735	KUB 28.53+	 {€1} Vs. II 14′	2	[se-e-et [ta-aḫ-ku-un-pa-l[i	
735	KUB 28.53+	 {€1} Vs. II 15′	3	[pé-e-pé-ra-at [a-wa-ap-taḫ [[	
735	KUB 28.53+	 {€1} Vs. II 16′	2	[ši-ip-zi-il [ú-ú-mi-i[t	
735	KUB 28.53+	 {€1} Vs. II 17′	3	[ti-ia-ap-pa [an-na-pa-a [ta-ḫa-[	
735	KUB 28.53+	 {€1} Vs. II 18′	3	[se-e-e[t [ x-li(-)[	
735	KUB 28.53+	 {€1} Vs. I 1′	6	[[ [ x ma-a ga-li-ig-pí-it [	ma-a ga-li-ig-pí-it
735	KUB 28.53+	 {€1} Vs. I 2′	4	[[ [ [-z]i-ú-ul li-iz-zu-ú-ga-ru-na-aš	li-iz-zu-ú-ga-ru-na-aš
735	KUB 28.53+	 {€1} Vs. I 3′	3	[ḫa-l]i-ik-ku-u-un pa-la ḫa-le-e-pí-ir-pí-ir	pa-la ḫa-le-e-pí-ir-pí-ir
735	KUB 28.53+	 {€1} Vs. I 4′	4	[ [ -ir-pí-i-ra-ia un-du-ú-ia-ma-ak-ku	un-du-ú-ia-ma-ak-ku
735	KUB 28.53+	 {€1} Vs. I 5′	3	[i-t]a-a-u pa-a-ma zi-iz-za-al-mi-i-ti	pa-a-ma zi-iz-za-al-mi-i-ti
735	KUB 28.53+	 {€1} Vs. I 6′	3	[i-ta]-a-u pa-a-ma ka-aḫ-tap-pu-un-zi	pa-a-ma ka-aḫ-tap-pu-un-zi
735	KUB 28.53+	 {€1} Vs. I 7′	2	[ti-m]a-a-ni pí-iš-šu-ú-zi-i-pí-nu-ú	pí-iš-šu-ú-zi-i-pí-nu-ú
735	KUB 28.53+	 {€1} Vs. I 8′	5	[ [ [-p]í a-an-ga-aš-ša-an li-i-ši-i-ti-it	a-an-ga-aš-ša-an li-i-ši-i-ti-it
735	KUB 28.53+	 {€1} Vs. I 9′	4	[ [ x-ke-e-eš li-ki-wu-u-ut	li-ki-wu-u-ut
735	KUB 28.53+	 {€1} Vs. I 10′	4	[ [ [ma-a]ḫ-zi-in-ku-ru-wa-aš ḫa-a-šu-mar	ḫa-a-šu-mar
735	KUB 28.53+	 {€1} Vs. I 11′	4	[ [ x-a-ma li-ki-wu-u-ud-du	li-ki-wu-u-ud-du
735	KUB 28.53+	 {€1} Vs. I 12′	4	[ [ [-d]u-ma te-du-ú-ta-ka-za-pa-aḫ	te-du-ú-ta-ka-za-pa-aḫ
735	KUB 28.53+	 {€1} Vs. I 13′	7	[ [ x x x[ [ x-i-it	
735	KUB 28.53+	 {€1} Vs. I 14′	3	[ [ wa-am-pí-du	
735	KUB 28.53+	 {€1} Vs. I 15′	3	[ [ [-n]i	
735	KUB 28.53+	 {€1} Vs. I 16′	5	[ [ x-pu [ [	
735	KUB 28.53+	 {€1} Vs. I 17′	4	[ [ [l]a-ma-a za-a-ru-ú-zi-il	za-a-ru-ú-zi-il
735	KUB 28.53+	 {€1} Vs. I 18′	6	[ [ x-ma-a ta-a-[ [ x-il-lu	
735	KUB 28.53+	 {€1} Vs. I 19′	3	[ [ (-)ú-ša-am-ma-a	
735	KUB 28.53+	 {€1} Vs. I 20′	3	[ [ -i-ti-ú-li	
735	KUB 28.53+	 {€1} Vs. I 21′	5	[ [ x-ma [ [	
735	KUB 28.53+	 {€1} Vs. I 22′	6	[ [ x x[ [ x	
735	KUB 48.27	1′	2	]x-wu-u-ur [	
735	KUB 48.27	2′	3	[ le-e ma-x[	le-e
735	KUB 48.27	3′	2	[ [l]i-i-ki-i-ta-a[n	
735	KUB 48.27	4′	4	[ x ši-ip-zi-il [	ši-ip-zi-il
735	KUB 48.27	5′	3	[ [m]a-a zi-li-k[u-ú-ru-un	
735	KUB 48.27	6′	3	[ il-lu x[	il-lu
735	KUB 48.27	7′	3	[ x x[	
736	CHDS 2.85	Vs. II? 2′	3	[ [ -un	
736	CHDS 2.85	Vs. II? 3′	3	[ [ [wu-u]-ur-te-pu-uš	
736	KBo 17.22	Rs. IV 5′	3	[ [ x	
736	KBo 17.22	Rs. IV 6′	2	[ [	
736	KBo 17.22	Rs. IV 7′	3	[ [ x	
736	KBo 17.22	Rs. IV 8′	3	[ [ [-i]a	
736	KBo 17.22	Rs. IV 9′	3	[ [ x	
736	KBo 17.22	Rs. IV 10′	3	[ [ -ḫu	
736	KBo 17.22	Rs. IV 18″	3	[ [ x	
736	KBo 25.131	Rs.? 9′	1	[k]a-a-ta-ru-[u	
736	KBo 25.131	Rs.? 10′	2	[[t]e-wu-ú-uš [	
736	KBo 25.131	Rs.? 11′	2	[[l]e-e-wu-u-ur m[a-	
736	KBo 25.131	Rs.? 12″	2	[[ [	
736	KBo 25.131	Rs.? 13″!	3	[[ [ [	
736	KBo 25.131	Vs.? 1′	1	[[zi-l]u-u-wa-[lu-wa	
736	KBo 25.131	Vs.? 2′	1	[[t]a-ba-ar-n[a	
736	KBo 25.131	Vs.? 3′	2	[[wu]-u-ru-un te-eš-t[e-eš	
736	KBo 25.131	Vs.? 4′	3	[[KI].3 te-ḫa-lu-uḫ-ḫa [	te-ḫa-lu-uḫ-ḫa
736	KBo 25.131	Vs.? 5′	2	[[eš-t]a-an ka-a-a[t-taḫ	
736	KBo 25.131	u. Rd. 6′	2	[[ta]-ba-ar-na k[a-at-ti	
736	KBo 25.131	u. Rd. 7′	2	[[pa]-la DIŠKUR-u[n	
736	KBo 37.48+	{€2} Vs. lk. Kol. 1′a	3	[ [ [zi-i]z-za-aš-du	
736	KBo 37.48+	{€2} Vs. lk. Kol. 2′a	3	[ [ x-ti-i	
736	KBo 37.48+	{€2} Vs. lk. Kol. 3′a	3	[ [ -ḫu	
736	KBo 37.48+	{€2} Vs. lk. Kol. 6′a	3	[ [ -pé-en	
736	KBo 37.48+	{€2} Vs. lk. Kol. 7′a	3	[ [ x-ne	
736	KBo 37.48+	{€2} Vs. lk. Kol. 8′a	3	[ [ x-ḫa-ag-ga-wa	
736	KBo 37.48+	{€2} Vs. lk. Kol. 9′a	3	[ [ [ta-b]a-ar-na	
736	KBo 37.48+	{€2} Vs. lk. Kol. 10′a	2	[ [	
736	KBo 37.48+	{€2} Rs. lk. Kol. 2′a	3	[ [ x	
736	KBo 37.48+	{€2} Rs. lk. Kol. 3′a	2	[ [	
736	KBo 37.48+	{€2} Rs. lk. Kol. 4′a	3	[ [ [te-e-ḫa-a-ar]-ki-ma-a-aḫ-ḫa	
736	KBo 37.48+	{€2} Rs. lk. Kol. 5′a	2	[ [	
736	KBo 37.48+	{€2} Rs. lk. Kol. 6′a	2	[ [	
736	KBo 37.48+	{€2} Rs. lk. Kol. 7′a	4	[ [ [ḫ]a-ša-a-aḫ-ḫu pu-lu-u-ku-up-e	pu-lu-u-ku-up-e
736	KBo 37.48+	{€2} Rs. lk. Kol. 8′a	2	[ [	
736	KBo 37.48+	{€2} Rs. lk. Kol. 9′a	2	[ [	
736	KBo 37.48+	{€2} Rs. lk. Kol. 10′a	5	[ [ [w]u-u-ru-un te-eš-te-eš KI.MIN	te-eš-te-eš
736	KBo 37.48+	{€2} Rs. lk. Kol. 11′a	4	[ [ x-ri-a eš-ta-a-an	eš-ta-a-an
736	KBo 37.48+	{€2} Rs. lk. Kol. 12′a	4	[ [ [ta-b]a-ar-na ka-a-at-ti	ka-a-at-ti
736	KBo 37.48+	{€2} Rs. lk. Kol. 13′a	3	[ [ ḫa-a-li-tu-ni-ib	ḫa-a-li-tu-ni-ib
736	KBo 37.48+	{€2} Rs. lk. Kol. 14′a	2	[ [	
736	KBo 37.49	Vs. 1′	1	]x[	
736	KBo 37.49	Vs. 2′	2	[ -pu-ut-t[e-	
736	KBo 37.49	Vs. 3′	3	[ [-i]l le-[	
736	KBo 37.49	Vs. 4′	2	[ (-)le-el-[	
736	KBo 37.49	Vs. 5′	5	[ [URUḫa-a]t-tu-uš-x[ [ x aš-pu-ú-ut-t[u-u	
736	KBo 37.49	Vs. 6′	4	[ [-i]p-zi-il [ le-e-mu-na-m[u-na-ši(-)]	
736	KBo 37.49	Vs. 7′	2	we-e]t-ta-ri e-l[e]-el-li-wa(-)x[	we-et-ta-ri
736	KBo 37.49	Vs. 8′	4	[ [URU]ta-a-wa-na-ma aš-pu-ú-ut-tu-u ma-a-z[i-	aš-pu-ú-ut-tu-u
736	KBo 37.49	Vs. 9′	3	[ ú(-)ši-ip-zi-il le-e-mu-na-mu-na-ši(-)[	úši-ip-zi-il
736	KBo 37.49	Vs. 10′	5	[ [-we]-e-et-ta-ri le-el-[l]i-wa wu-u-ru-un [	wu-u-ru-un
736	KBo 37.49	Vs. 11′	4	[ Dwa-šu-ú-ul URUḫa-[a]t-tu-uš t[u-ḫ]a-nu(-)[	wa-šu-ú-ul
736	KBo 37.49	Vs. 12′	6	[ [li]-i-na li-i-na la-ia-li-na l[a-ia-l]i-na ta-ḫu-[ḫi-in-na	li-i-na la-ia-li-na
736	KBo 37.49	Vs. 13′	5	[ [a-a]l-la ta-a-wi-en ta-a-ḫu-ḫi-[in-n]a a-al-l[a	ta-a-wi-en
736	KBo 37.49	Vs. 14′	5	[ [UR]Uḫa-at-tu-uš ta-a-ḫu-u-ḫi-in-n[a [a-al-l]a UR[Uta-a-wa-na-ma	
736	KBo 37.49	Vs. 15′	3	[URUt]a-a-ḫu-ḫi-in-na a-al-le-e wu-u-[ur	a-al-le-e
736	KBo 37.49	Vs. 16′	4	[ [-w]u-ri ma-tu-ú-ḫa-wi-il-nu kat-t[i-	ma-tu-ú-ḫa-wi-il-nu
736	KBo 37.49	Vs. 17′	3	[ x-i-ši-i-ú-i-nu le-e-tu-ú-ḫa-w[u-	
736	KBo 37.49	Vs. 18′	3	[a]-li-i-na li-i-na wa-a-wa-zi-il[	li-i-na
736	KBo 37.49	Vs. 19′	3	[ka]t-te-eš-ta-pa-ar wa-wa-a-aḫ pa-li-i-li-x[	wa-wa-a-aḫ
736	KBo 37.49	Vs. 20′	3	[t]a-a-ni-it ta-a-ni-ta ta-a-ni-t[a	ta-a-ni-ta
736	KBo 37.49	Vs. 21′	3	[l]e-eš-ti-it ku-u-ur-[ku-pu]-ú-un-tu [	
736	KBo 37.49	Vs. 22′	4	[ x x[ [	
736	KBo 37.49	Rs. 1′	3	[ [pí-i]l-[lu [	
736	KBo 37.49	Rs. 2′	2	[ [ni-i]m-ḫu-u-[tu-un	
736	KBo 37.49	Rs. 3′	3	[ [t]a-ta-a-i-li-u ta-ta-a-i-li-u[	
736	KBo 37.49	Rs. 4′	4	[ [m]a-a-an-ta-il ma-a-te(-)ka-a-ú-le-el x[	ma-a-teka-a-ú-le-el
736	KBo 37.49	Rs. 5′	3	[ [l]e-e-wa-ḫa-i-ip-pí-in ka-a-du-t[a	
736	KBo 37.49	Rs. 6′	5	[ [eš-t]a-a-an ka-at-taḫ wi-e-ep-ḫi-tu-u ta-x[	ka-at-taḫ wi-e-ep-ḫi-tu-u
736	KBo 37.49	Rs. 7′	4	[ -aḫ-ta-i-il te-et-ḫu-nu-up wa-ta-a-i-i[l(-)	te-et-ḫu-nu-up
736	KBo 37.49	Rs. 8′	4	[ -zi-ip wa-iš-taḫ-ḫa-ar-ma u-ni-i-ma-a[ḫ	wa-iš-taḫ-ḫa-ar-ma
736	KBo 37.49	Rs. 9′	4	[ [-p]í-il wa-ra-a-i-tu-u [	wa-ra-a-i-tu-u
736	KBo 37.49	Rs. 10′	4	[ [-e]š-taḫ-ha-ar-ma te-tu-u-ni-ip tu-u-[	te-tu-u-ni-ip
736	KBo 37.49	Rs. 11′	8	[ x-e-ú ka-a-at-ti pa-la ka-a-at-[taḫ [ x x[	ka-a-at-ti pa-la
736	KBo 37.49	Rs. 12′	4	[eš-t]a-a-an tu-ut-ḫe-el wu-u-ur-te-pu-uš tu-u-wa-a[p-	tu-ut-ḫe-el wu-u-ur-te-pu-uš
736	KBo 37.49	Rs. 13′	2	[wu]-ru-un te-wa-ka-at-ti	te-wa-ka-at-ti
736	KBo 37.49	Rs. 14′	4	tu]-ú-mi-iš ta-ba-ar-na li-wu-u-ur tu-〈〈x〉〉ú-[mi-iš	tu-ú-mi-iš ta-ba-ar-na li-wu-u-ur
736	KBo 37.49	Rs. 15′	3	[ta-b]a-ar-na le-e-li-i-iš ta-ba-ar-n[a-an	le-e-li-i-iš
736	KBo 37.49	Rs. 16′	2	[le-e]-li-iš-te-wu-u-ti-ia te-e-ḫa-a-ar-ki-m[a-a-aḫ-ḫa	
736	KBo 37.49	Rs. 17′	4	[ x-li-in te-ep-pu-ú-ut [	te-ep-pu-ú-ut
736	KBo 37.49	Rs. 18′	4	[ta-ba-a]r-na-an le-eš-tu-up ḫa-a-an-wa ḫa-š[a-a-aḫ-ḫu	le-eš-tu-up ḫa-a-an-wa
736	KBo 37.49	Rs. 19′	4	[pu-u-lu-ku-p]é-e zi-ia-aḫ-du an-za-aš-nu-u [	zi-ia-aḫ-du an-za-aš-nu-u
736	KBo 37.49	Rs. 20′	5	[ta-ba-ar-na [ku-u]r-ku-we-en-na wu-ru-u[n [te-eš [KI.MIN	
736	KBo 37.49	Rs. 21′	6	[ x-wa KI.3 te-ḫa-lu-uḫ-ḫa K[I.4 [te-x	te-ḫa-lu-uḫ-ḫa
736	KBo 37.49	Rs. 22′	4	[ [eš-t]a-a-an ka-a-at-taḫ ti-ú-[	ka-a-at-taḫ
736	KBo 37.49	Rs. 23′	3	[ [k]a-a-at-ti eš-ta-a-nu-u[n	
736	KBo 37.49	Rs. 24′	3	[ [ḫa-a-le]-e-tu-u-ni-ip wu-u-u[r-ša-a-	
736	KBo 37.49	Rs. 25′	3	[ x x[	
736	KBo 56.187	lk. Kol. 1′	3	[ [ x-el	
736	KBo 56.187	lk. Kol. 2′	3	[ [ x-ši	
736	KUB 28.59	Vs. I 1′	4	[ [ x[ [	
736	KUB 28.59	Vs. I 2′	7	[URU]ta-a-wa-na-ma [ [ x[ [ (-)ú(-)x[ [	
736	KUB 28.59	Vs. I 3′	6	[ [ x ú(-)ši-ip-zi-il l[e- [	úši-ip-zi-il
736	KUB 28.59	Vs. I 4′	5	[ [ -we-et-ta-ri i-le-e[l-li-wa [	
736	KUB 28.59	Vs. I 5′	4	[UR]Uḫa-at-tu-uš x [ [	
736	KUB 28.59	Vs. I 6′	4	[l]a-ia-li-na la-ia-li-na t[a- [	la-ia-li-na
736	KUB 28.59	Vs. I 7′	5	[al-l]a te-ta-wa-en ta-ḫu-ḫi-in-na [ [	te-ta-wa-en ta-ḫu-ḫi-in-na
736	KUB 28.59	Vs. I 8′	6	[ [ [t]a-ḫu-ḫe-en-na a-la-al URUta-ú-wa-[na-ma [	a-la-al
736	KUB 28.59	Vs. I 9′	4	[a-a]l-le-e wu-u-ur ma-[ [	wu-u-ur
736	KUB 28.59	Vs. I 10′	3	[kat-t]e(-)eš-ta-wa-ar wa-ši-ú-[i-nu [	
736	KUB 28.59	Vs. I 11′	4	a-li-na li-i-na wa-wa-zi-[il [	a-li-na li-i-na
736	KUB 28.59	Vs. I 12′	3	wa-wa-aḫ ša-pa-li-i-l[i- [	wa-wa-aḫ
736	KUB 28.59	Vs. I 13′	4	ta-a-ni-ta ta-a-ni-ta [ [	ta-a-ni-ta ta-a-ni-ta
736	KUB 28.59	Vs. I 14′	3	ku-u-ur-ku-pu-ú-un-tu-u ta-[ [	ku-u-ur-ku-pu-ú-un-tu-u
736	KUB 28.59	Vs. I 15′	4	a-an-ta-nu-ma eš-ka-a-at-taḫ [ [	a-an-ta-nu-ma eš-ka-a-at-taḫ
736	KUB 28.59	Vs. I 16′	3	a-wa-an-ta-nu-ma aš-ka-a-at-[taḫ [	a-wa-an-ta-nu-ma
736	KUB 28.59	Vs. I 17′	2	le-e-wa-ḫa-a-x[ [	
736	KUB 28.59	Vs. I 18′	4	la-a-ta-i la-a-ta-a-i-e [ [	la-a-ta-i la-a-ta-a-i-e
736	KUB 28.59	Vs. I 19′	3	Dḫu-ul-la le-e-[ [	ḫu-ul-la
736	KUB 28.59	Vs. I 20′	3	ma-aḫ-ḫu-uš-ḫu-un-tu-u-ma [ [	ma-aḫ-ḫu-uš-ḫu-un-tu-u-ma
736	KUB 28.59	Vs. I 21′	4	la-a-ta-i-e la-a-ta-i-e [ [	la-a-ta-i-e la-a-ta-i-e
736	KUB 28.59	Vs. I 22′	3	Dḫu-ul-la [ [	ḫu-ul-la
736	KUB 28.59	Rs. IV 1	5	[ [ x-ta-ni-ta mu-ú-ta-n[i- [	
736	KUB 28.59	Rs. IV 2	5	[ [ [ši]-ip-zi-il te-e-k[a- [	
736	KUB 28.59	Rs. IV 3 	4	ma-a-i-e ta-a-i-e ta-wa-nu-x[ [	ma-a-i-e ta-a-i-e
736	KUB 28.59	Rs. IV 4	3	le-e-el-wa-a-at-pa [ [	le-e-el-wa-a-at-pa
736	KUB 28.59	Rs. IV 5	3	URUḫa-at-tu-uš te-e-ka-a-at-taḫ(-)[ [	ḫa-at-tu-uš
736	KUB 28.59	Rs. IV 6	5	ma-a-i ta-a-i-e URUta-a-wa-na [ [	ma-a-i ta-a-i-e ta-a-wa-na
736	KUB 28.59	Rs. IV 7	4	ti-na-ḫi-iz-ti wu-ru-u-un te-wa-[ [	ti-na-ḫi-iz-ti wu-ru-u-un
736	KUB 28.59	Rs. IV	2	[ [	
736	KUB 28.59	Rs. IV 8	4	la-a-i-li-na i-ia-li-na [ [	la-a-i-li-na i-ia-li-na
736	KUB 28.59	Rs. IV 9	4	ni-im-ḫu-tu-un zi-lu-wa-lu-wa [ [	ni-im-ḫu-tu-un zi-lu-wa-lu-wa
736	KUB 28.59	Rs. IV 10	4	ni-im-ḫu-tu-un zi-lu-wa-lu-wa [ [	ni-im-ḫu-tu-un zi-lu-wa-lu-wa
736	KUB 28.59	Rs. IV 11	4	ni-im-ḫu-tu-un zi-lu-wa-lu-wa [ [	ni-im-ḫu-tu-un zi-lu-wa-lu-wa
736	KUB 28.59	Rs. IV 12	3	[t]e-ka-a(-)ták-zu-ú pí-il-lu[ [	
736	KUB 28.59	Rs. IV 13	3	[t]e-e-ka-me-e le-e-[ [	
736	KUB 28.59	Rs. IV 14	3	[t]e-e-ḫa-pa-aš-ti te-e-[ [	
736	KUB 28.59	Rs. IV 15	3	[pí-i]l-lu zi-[ [	
736	KUB 28.59	Rs. IV 16	3	[ni-i]m-ḫu-tu-un zi-[ [	
736	KUB 28.59	Rs. IV 17	6	[ [ x ta-a-i-tu-u [ [	ta-a-i-tu-u
736	KUB 28.59	Rs. IV 18	5	[ [ [-a]n-ta-i-il [ [	
736	KUB 28.59	Rs. IV 19	2	[le-e]-wa-ḫa-i-[ip-pí-in [	
736	KUB 28.59	Rs. IV 22	5	[ [ [-t]a-ru ka-a-t[a-ru-u [	
736	KUB 28.59	Rs. IV 23	5	[ [ -ú-uš le-[ [	
736	KUB 28.7	Vs. lk. Kol. 1a	5	[ [ [(-)t]a-ru-u ka-a-ta-ru-u URUḫa-at-tu-ši-in	ka-a-ta-ru-u ḫa-at-tu-ši-in
736	KUB 28.7	Vs. lk. Kol. 2a	4	[te-w]u-ú-uš li-wu-ur ḫa-at-we-iš ka-a-te(-)ta-ru-u	li-wu-ur ḫa-at-we-iš ka-a-teta-ru-u
736	KUB 28.7	Vs. lk. Kol. 3a	2	[le]-e-wu-ur ma-az-zi-ip-li-li-ia-ḫu-un	ma-az-zi-ip-li-li-ia-ḫu-un
736	KUB 28.7	Vs. lk. Kol. 4a	2	[ [	
736	KUB 28.7	Vs. lk. Kol. 5a	2	[ [	
736	KUB 28.7	Vs. lk. Kol. 6a	5	[ [ [-z]e-e la-a-i-ia(-)x[ [	
736	KUB 28.7	Vs. lk. Kol. 7a	5	[ [ -ze-e i-[ [	
736	KUB 28.7	Vs. lk. Kol. 8a	4	[ [ (-)zi(-)[ [	
736	KUB 28.84	Rs. IV 1′	2	]x[ [	
736	KUB 28.84	Rs. IV 2′	4	] KI.4 te-g[a-lu-uḫ-ḫa [	
736	KUB 28.84	Rs. IV 3′	3	k]a-a-at-taḫ [ [	ka-a-at-taḫ
736	KUB 28.84	Rs. IV 4′	4	la-ba-a]r-na ka-at-ti e[š-ta-a-nu-un [	la-ba-ar-na ka-at-ti
736	KUB 28.84	Rs. IV 5′	4	]x-ri-ri-ip pa-la DIŠKUR[ [	pa-la
736	KUB 28.84	Rs. IV 6′	3	ḫa-a-li-t]u-u-ni-ip wu-ur-ša-a-[il [	ḫa-a-li-tu-u-ni-ip
736	KUB 28.84	Rs. IV 7′	3	] [ [	
737	KUB 28.80	Vs. I 1′	4	[ [ x[ [	
737	KUB 28.80	Vs. I 2′	4	[ [ [wa]-tu-u[ḫ-ka-a]n-te-e[n [	
737	KUB 28.80	Vs. I 3′	6	[ [ [li]-te-we-e [ [ [l]i-e-ui-eš-n[u-ui-iš-nu]	
737	KUB 28.80	Vs. I 4′	5	[ [ li-ip-ša-at-ta-i li-iḫ-z[a-ka-il [	li-ip-ša-at-ta-i
737	KUB 28.80	Vs. I 5′	5	[ [ ḫa-an-wa-a-aš ḫa-zu-li-ia-an wa-a-[aḫ-ui-eš]	ḫa-an-wa-a-aš ḫa-zu-li-ia-an
737	KUB 28.80	Vs. I 7′	5	[ú-ri-i]l ka-at-ti a-na-a mu-uš-tu-up pa-a-i	ka-at-ti a-na-a mu-uš-tu-up pa-a-i
737	KUB 28.80	Vs. I 8′	2	[ta]-aš-te-e-ia-ia zi-iš-ši-wa-i(-)li-iš-ta-a-an	zi-iš-ši-wa-ili-iš-ta-a-an
737	KUB 28.80	Vs. I 9′	4	[ -x-ka-wa-ru-up ta-aš-te-e-ia-ia ḫa-wa-ni-iš	ta-aš-te-e-ia-ia ḫa-wa-ni-iš
737	KUB 28.80	Vs. I 10′	4	[t]u-ú-ti še-eš-ḫa-ap-ḫe-en ta-aš-te-ia-ia zi-na-i-ú	še-eš-ḫa-ap-ḫe-en ta-aš-te-ia-ia zi-na-i-ú
737	KUB 28.80	Vs. I 11′	4	[š]e-e-wa-al še-eš-ḫa-lu-u-it a-ku-u ḫa-a-x-nu	še-eš-ḫa-lu-u-it a-ku-u
737	KUB 28.80	Vs. I 12′	5	i-me-et-te-en ta-ia-ia a-ku-u še-e-wu-u-ia i-me-et-te-en	i-me-et-te-en ta-ia-ia a-ku-u še-e-wu-u-ia i-me-et-te-en
737	KUB 28.80	Vs. I 13′	5	ta-ia-ia a-ku-u ša-a-i-il i-me-et-te-en ta-ia-ia	ta-ia-ia a-ku-u ša-a-i-il i-me-et-te-en ta-ia-ia
737	KUB 28.80	Vs. I 14′	4	a-ku-u DINGIRMEŠ-ap eš-ku-uk-ki-iš še-ep-taḫ-ḫu-ta-ši	a-ku-u eš-ku-uk-ki-iš še-ep-taḫ-ḫu-ta-ši
737	KUB 28.80	Vs. I 15′	4	i-me-et-te-en ta-ia-ia wa-tu-uḫ-ši-in wa-tu-uḫ-ka-an-te-en	i-me-et-te-en ta-ia-ia wa-tu-uḫ-ši-in wa-tu-uḫ-ka-an-te-en
737	KUB 28.80	Vs. I 16′	4	[t]a-ba-ar-na-an ka-te-e wa-tu-uk-ka₄-am li-te-we-e	ka-te-e wa-tu-uk-ka-am li-te-we-e
737	KUB 28.80	Vs. I 17′	3	wa-tu-uk-ka-am le-e-we-iš-nu-ui-iš-nu wa-tu-uk-ka-am	wa-tu-uk-ka-am le-e-we-iš-nu-ui-iš-nu wa-tu-uk-ka-am
737	KUB 28.80	Vs. I 18′	3	li-ip-ša-at-ta-i wa-tu-uk-kam li-iḫ-za-ka-il	li-ip-ša-at-ta-i wa-tu-uk-kam li-iḫ-za-ka-il
737	KUB 28.80	Vs. I 19′	3	[w]a-tu-uk-kam li-ḫa-an-ta-aš-ki-il wa-tu-uḫ-ši-in	li-ḫa-an-ta-aš-ki-il wa-tu-uḫ-ši-in
737	KUB 28.80	Vs. I 20′	3	[ḫa]-an-wa-aš ḫa-zu-[l]i-ia wa-aḫ-ui-eš	wa-aḫ-ui-eš
737	KUB 28.80	Vs. I 22′	5	ú-re-e-et ka-a[t-t]aḫ a-na-a ú-i-pí-n[u]-ú ta-aš-te-ia-ia	ú-re-e-et a-na-a ta-aš-te-ia-ia
737	KUB 28.80	Vs. I 23′	4	wa-aš-du-uš-ta-x[ [ -ip-pí-i-nu ta-aš-te-ia-ia	ta-aš-te-ia-ia
737	KUB 28.80	Vs. I 24′	6	wa-ak-ku-ka-x x [ [ [-i]p-pí-i-nu ta-aš-te-e-ia-ia	ta-aš-te-e-ia-ia
737	KUB 28.80	Vs. I 25′	3	wa-ak-ka-li-iš-ša x-pí-i-nu ta-a-ḫa-ia-ia	wa-ak-ka-li-iš-ša ta-a-ḫa-ia-ia
737	KUB 28.80	Vs. I 26′	5	ú-ta-wuₓ-ú-e [x [x]-ta-pí-i-nu a-ku-u ḫa-ni-nu-uḫ	ú-ta-wu-ú-e a-ku-u ḫa-ni-nu-uḫ
737	KUB 28.80	Vs. I 27′	3	ḫa-ap-tu-li-ú x-x-x-en ta-ia-ia	ḫa-ap-tu-li-ú ta-ia-ia
737	KUB 28.80	Vs. I 28′	4	wa-tu-uḫ-ši-in wa-tu-uḫ-ka-an-te-en ta-ba-ar-na-an ka-te-e	wa-tu-uḫ-ši-in wa-tu-uḫ-ka-an-te-en ta-ba-ar-na-an ka-te-e
737	KUB 28.80	Vs. I 29′	7	wa-tu-uk-ka-a[m [ x x[ [ [wa-tu]-uk-kam le-we-iš-nu-wi-iš-nu	le-we-iš-nu-wi-iš-nu
737	KUB 28.80	Vs. I 30′	4	wa-tu-uk-kam li-[ip-ša-t]a-e wa-tu-uk-kam le-eḫ-za-ka-il	wa-tu-uk-kam wa-tu-uk-kam le-eḫ-za-ka-il
737	KUB 28.80	Vs. I 31′	3	wa-tu-uk-kam [li-ḫa-an-t]a-aš-k[i-i]l wa-tu-uḫ-ši-in	wa-tu-uk-kam wa-tu-uḫ-ši-in
737	KUB 28.80	Vs. I 32′	6	ḫa-an-wa-aš ḫa-zu-[li-ia] x x[ [ wa-[a-aḫ-wi]-eš	ḫa-an-wa-aš
737	KUB 28.80	Vs. I 35′	7	ta-x x ḫa-i-x[ [ x x-pí-ši li-wa-ša-aḫ	li-wa-ša-aḫ
737	KUB 28.80	Vs. I 36′	9	[ [ x x[ [ x[ x[ [ [š]u-uk-ka₄-ti	
737	KUB 28.80	Vs. I 37′	10	[ [ li-[ [ x x x[ [ x li-ḫi-na-aš	li-ḫi-na-aš
737	KUB 28.80	Vs. I 38′	8	[ [ x[ x[ [ -wa-aš-ḫa-ap ta-aš-te-[ -x	
737	KUB 28.80	Vs. I 39′	9	[ [ x x x[ x x[ x x	
737	KUB 28.80	Vs. I 40′	5	[ [ [-r]u/-r]i-un [ x-ri-ú-un	
737	KUB 28.80	Vs. I 41′	4	[ [ x[ x-iš-ta	
737	KUB 28.80	Vs. I 42′	3	[ [ [l]i-ḫa-na-a-il	
737	KUB 28.80	Vs. I 43′	3	[ [ -ḫa	
737	KUB 28.80	Vs. I 44′	3	[ [ -it	
737	KUB 28.80	Vs. I 45′	4	[ [ x-ši-in [	
737	KUB 28.80	Vs. I 46′	4	[ [ x[ [	
737	KUB 28.80	Vs. II 1′	2	[ x-ḫa-[	
737	KUB 28.80	Vs. II 2′	2	[pa-la [i-d[u-	
737	KUB 28.80	Vs. II 5′	1	[MUNUSka-ú-wa-ti-i[n	
737	KUB 28.80	Vs. II 6′	1	[ta-aš-te-ta-li-P[I-	
737	KUB 28.80	Vs. II 7′	3	[ka-wa-ti-in [x x [x[	
737	KUB 28.80	Vs. II 8′	1	[zi-in-ti-ú(-)n[e-	
737	KUB 28.80	Vs. II 9′	3	[ta-a-ru [pa-la [ni-x[	
737	KUB 28.80	Vs. II 12′	2	[a-ak-ki-in-nu [uš-pí-x[	
737	KUB 28.80	Vs. II 13′	1	[ka-a-aš-du-wa-ar-wa-wa-x[	
737	KUB 28.80	Vs. II 14′	2	[ta-ap-ḫa-at-te-en [x[	
737	KUB 28.80	Vs. II 15′	2	[wa-ap-ḫa-tu-un-tu [l[i-	
737	KUB 28.80	Vs. II 18′	2	[ta-a-ru [zi-in-ti-iš-x[	
737	KUB 28.80	Vs. II 19′	2	[wa-tu-up-ḫi-il [wa-wa-aḫ-x[	
737	KUB 28.80	Vs. II 20′	2	[wa-tu-up-taḫ-ḫi-il [ḫa-aš-x[	
737	KUB 28.80	Vs. II 21′	2	[t[u]-uḫ-ḫa-ia-ma ta-a[z	
737	KUB 28.80	Vs. II 22′	3	[x [x-li-ia-ma [te-ši-[	
737	KUB 28.80	Vs. II 23′	2	[Dwa-ši-ú-un [te-x[	
737	KUB 28.80	Vs. II 24′	2	[te-ek-za-šu-u-la [pa-l[a	
737	KUB 28.80	Vs. II 27′	2	[ta-a-ru [ka-a-x[	
737	KUB 28.80	Vs. II 28′	2	[wa-a-ḫu [eš-te-x[	
737	KUB 28.80	Vs. II 29′	1	[eš-te-ek-uk-[	
737	KUB 28.80	Vs. II 30′	1	[te-wu-u-uš-n[e	
737	KUB 28.80	Vs. II 31′	2	[pa-la [ka-at-[te	
737	KUB 28.80	Vs. II 32′	1	[li-ša-ḫa-i[p	
737	KUB 28.80	Vs. II 33′	2	[pa-la [we-e-tu-[	
737	KUB 28.80	Vs. II 34′	3	[nu [wa-x [ti-[	
737	KUB 28.80	Vs. II 35′	2	[x x [x[	
737	KUB 28.80	Vs. II 36′	2	[[ -waₓ-x[	
737	KUB 28.80	Vs. II 37′	2	[[ -a-[	
738	IBoT 2.28	Vs. II? 1	3	[ [ [a]r-lu-u	
738	IBoT 2.28	Vs. II? 2	4	[ [ [p]é-e-a ar-lu-u	ar-lu-u
738	IBoT 2.28	Vs. II? 5	3	[ [ [p]é-e-a	
738	IBoT 2.28	Vs. II? 7	3	[ [ [p]é-e-ma	
738	IBoT 2.43	Vs. II 11′	4	[ [ta-aš-š]a-ni-na ta-aš-ša-ni-na i-ia-x[	ta-aš-ša-ni-na
738	IBoT 2.43	Vs. II 12′	4	[[ta-aš-ša-n]i-in-na x x x [	
738	IBoT 2.43	Rs. III 9′	2	u-u-ḫu-u i-pu-u	u-u-ḫu-u i-pu-u
738	KBo 19.161	Rs. IV 15′	3	x[ [ da-a-ú-úr-wa-ra-ak	da-a-ú-úr-wa-ra-ak
738	KBo 19.161	Rs. IV 16′	6	[t]a-a-ú-úr-wa-ra-ak [ [ [t]a-ba-[a]r-na a-wa-ar-ru-pa wa-ru-wa	a-wa-ar-ru-pa wa-ru-wa
738	KBo 19.161	Rs. IV 17′	4	i-ia-az-zi-iz-zi wa-ar-ru-w[a(-)z]i-iz-zi te-x-mar tu-u-ḫa-a-ša-i-li	i-ia-az-zi-iz-zi tu-u-ḫa-a-ša-i-li
738	KBo 19.161	Rs. IV 18′	3	i-wa-pa-ar-wa mta-ba-ar-n[a-an [l]i-wa-el	i-wa-pa-ar-wa
738	KBo 19.161	Rs. IV 19′	3	i-ia-lu-ul-la-ma lu-ú-wa-i-ia i-ia-lu-ul-la	i-ia-lu-ul-la-ma lu-ú-wa-i-ia i-ia-lu-ul-la
738	KBo 19.161	Rs. IV 20′	6	a-az-za-ú-i a-az-za-az-za-al-ma [ [ x-at-ta Dte-li-pí-nu	a-az-za-ú-i a-az-za-az-za-al-ma te-li-pí-nu
738	KBo 19.161	Rs. IV 21′	9	[ [ x x x x x Dte-te-eš-ḫ[a-pí [ [m]a-aš-[t]a-ḫu-ur-wa a-zi-iz-zi-ia	a-zi-iz-zi-ia
738	KBo 19.161	Rs. IV 22′	7	[ [ x-la x[ [ x-mu-ú-na i-ia-ḫa-te-mu-wa-a-ti	i-ia-ḫa-te-mu-wa-a-ti
738	KBo 19.161	Rs. IV 23′	4	[ [ [(-)m]u-wa-la i-ia-aš-šu	i-ia-aš-šu
738	KBo 19.161	Rs. IV 24′	4	[ [ [MUNUSta-wa-n]a-an-na mi-i-li-ip	mi-i-li-ip
738	KBo 19.161	Rs. IV 25′	4	[ [ [mi-i-li-i]p MUNUSta-wa-na-an-na	ta-wa-na-an-na
738	KBo 19.161	Rs. IV 26′	4	[ [ [eš-ta-w]u-úr-wa ta-ba-a[r-na	
738	KBo 19.161d	3′	2	[ i-li-el-l[u-	
738	KBo 19.163	Vs. I 9′	4	[ta-aš-š]a-an-ni-[in-na] x [ [	
738	KBo 19.163	Vs. I 10′	3	[ta-aš-ša-a]n-ni-in-[na [ [ta-aš-ša-a]n-ni-in-na	
738	KBo 19.163	Vs. I 11′	4	[ [ x ma-a-az-ḫa	ma-a-az-ḫa
738	KBo 19.163	Rs. III 52	1	ta-aš-ša-an-ni-i[n-na]	
738	KBo 19.163	Rs. III 53	5	[ [ ta-aš-ša-an-ni-in-na [ [	ta-aš-ša-an-ni-in-na
738	KBo 19.163	Rs. III 54	4	[ [ [t]a-aš-ša-an-ni-in-na[ [	
738	KBo 19.163	Rs. III 55	5	[ [ x [ [	
738	KBo 20.79+	 {€1+2} 8′/6′	4	zi-i-ú-i-ia-ra zi-i-ú-i-ia-ra ta-aš-[t]e-i-mu [	zi-i-ú-i-ia-ra zi-i-ú-i-ia-ra
738	KBo 20.79+	 {€1} 12′	4	[ [ x-el wa-i-e-x[	
738	KBo 21.100	Vs. 12′	4	[ [ta]-aš-ša-ni-in-na ta-aš-ša-ni-in-na ša-x[	ta-aš-ša-ni-in-na
738	KBo 21.100	Vs. 13′	5	[ [t]a-aš-ša-ni-in-na te-ep-pí-in 〈〈x〉〉 ma-ša-a(-)[	te-ep-pí-in
738	KBo 21.101	Vs. 2′	4	t]i-i-ú-i-ia-a-ra ti-i-ú-i-ia-a-ra [ [	ti-i-ú-i-ia-a-ra ti-i-ú-i-ia-a-ra
738	KBo 21.101	Vs. 3′	2	a-ú-un-ni-i-i [	a-ú-un-ni-i-i
738	KBo 21.101	Vs. 4′	3	la-a-am-ma-a-i zi-ú-i-ia-za [	la-a-am-ma-a-i zi-ú-i-ia-za
738	KBo 21.101	Vs. 5′	2	a-ú-un-ni-i-i [	a-ú-un-ni-i-i
738	KBo 21.101	Vs. 7′	3	ma-a-ia-aš-ga-a-a ma-a-ia-aš-ga-a-a [	ma-a-ia-aš-ga-a-a ma-a-ia-aš-ga-a-a
738	KBo 21.101	Vs. 9′	2	za-aš za-aš	za-aš za-aš
738	KBo 21.102	Rs. 11′	5	[ x ta-aš-ša-ni-na ta-aš-ša-ni-na [	ta-aš-ša-ni-na ta-aš-ša-ni-na
738	KBo 21.102	Rs. 12′	3	[ -ip-pí-in ma-za-a-ta-aš-ša-ni-n[a	
738	KBo 21.102	Rs. 14′	4	[ma-a]-i-ú-un ḫa-an-te-eš ḫa-an-te-eš x[	ḫa-an-te-eš ḫa-an-te-eš
738	KBo 21.102	Rs. 15′	5	[ x Dte-te-eš-ḫa-pí ta x[	te-te-eš-ḫa-pí ta
738	KBo 21.102	Rs. 16′	2	[ -ḫi	
738	KBo 21.102	Rs. 17′	2	-n]i-mu a-i-ma[	
738	KBo 21.105	Vs. 3′	3	[ x-na da-aš-ku-w[a](-)ia(-)[	
738	KBo 21.105	Vs. 4′	4	[ x-pí ma-a-i-ú-un x[	ma-a-i-ú-un
738	KBo 21.105	Vs. 5′	3	[ [k]a-ma-am-ma-a-an an-d[a	
738	KBo 21.105	Vs. 6′	3	[ x URUzi-in-ku-ri-[	
738	KBo 21.105	Vs. 7′	3	[ [i]š-ta-a-an URUúr-[	
738	KBo 21.105	Vs. 8′	3	[ [i]š-ta-a-an a-an-ḫu-u(-)[	
738	KBo 21.105	Vs. 9′	3	[ [-n]e-e ma-a-ši-wu-u[r	
738	KBo 21.105	Vs. 10′	3	[ x-la ta-i-il-l[a	
738	KBo 21.106	Vs. 11′	6	[ta-aš-ša-a-ni-na [ta-aš-ša-ni-ia [ta-aš-ša-ni-i[a [t]e-ep-pí-in ma-az-za-a [	ma-az-za-a
738	KBo 21.106	Vs. 12′	5	ta-aš-ša-ni-in-na Dta-te-eš-ḫa-w[a [ [ma-a]-i-ú-un ma-a-i-ú-u[n]	ta-aš-ša-ni-in-na
738	KBo 21.106	Vs. 13′	7	[ [ [ḫ]a-an-te-eš tu-u[m- [ x-a-an Dta-te-eš-ḫ[a-wa]	
738	KBo 21.106	Vs. 14′	8	[ [ x x[ [ [-r]i-ia-ni-ia x[ [	
738	KBo 21.106	Vs. 15′	5	[ [ (-)ú-i-an-ti-it [ [	
738	KBo 21.106	Vs. 16′	5	[ [ x-an te-et-ḫa[r [	
738	KBo 21.106	Vs. 17′	4	[ [ [-w]u-ur-ni-x-x[ [	
738	KBo 21.106	Vs. 18′	4	[ [ x-ta-a-ḫa-i[a [	
738	KBo 21.106	Vs. 19′	4	[ [ [-z]i [	
738	KBo 21.90	Vs. 16′	7	[ [ x i-ia-ip-ti-i-pí-iš i-ia-ti-i-pí-iš tu-uš-ta-li tu-u-x-la-x-un-ne	i-ia-ip-ti-i-pí-iš i-ia-ti-i-pí-iš tu-uš-ta-li
738	KBo 21.90	Vs. 19′	4	[ [ [l]e-el-lu-wa-ia i-le-el-lu-wa-i-ia	i-le-el-lu-wa-i-ia
738	KBo 21.90	Vs. 26′	5	[ [ x ku-uk-ku-wa-i-ia ku-uk-ku-wa-i-ia	ku-uk-ku-wa-i-ia ku-uk-ku-wa-i-ia
738	KBo 21.90	Vs. 28′	4	[ [ [an-ni-i]z-zi-wa an-ni-iz-zi-wa	an-ni-iz-zi-wa
738	KBo 21.90	Rd. 31′	4	[ [ x ta-a-ú-úr-wa-ra-ak	ta-a-ú-úr-wa-ra-ak
738	KBo 21.90	Rd. 32′	4	[ [ [a]-wa-ar-ru-wa-u-wu-ru-ú-wa i-ia-zi-iz-z[i]	
738	KBo 21.90	Rd. 33′	6	[ [ [d]u-ḫa-a-ša-i-li te-e-ez-we-e-et l[i- [	te-e-ez-we-e-et
738	KBo 21.90	Rd. 34′	5	[ [ [i-wa-pa-a]r-wa ta-ba-ar-na li-we-e-el	ta-ba-ar-na li-we-e-el
738	KBo 21.90	Rs. 35′	7	[ [ [i-ia-lu-u]l-la a-a-az-za-da [a]-az-za-x x[ [	a-a-az-za-da
738	KBo 21.90	Rs. 36′	5	[ [ ma-aš-ta ḫu-ur-wa-an Dte-te-eš-ḫa-p[í	ma-aš-ta ḫu-ur-wa-an
738	KBo 21.90	Rs. 37′	6	[[ [ up-pa-te-ez-za-an-na ḫa-ar-ki-ia-la [ [	up-pa-te-ez-za-an-na ḫa-ar-ki-ia-la
738	KBo 21.90	Rs. 38′	7	[ [ [i-ia-aš]-šu ta-i-ia ú-wa-i-[i]a i-ia-ḫa-te-mu-[w]a-la i-ia-aš-šu	ta-i-ia i-ia-aš-šu
738	KBo 21.90	Rs. 39′	7	[ [ [mi-li]-ip MUNUSta-wa-na-an-na i-la-a mi-li-ip MUNUSta-wa-na-an-[n]a	ta-wa-na-an-na i-la-a mi-li-ip
738	KBo 21.90	Rs. 40′	5	[ [ [e]š-ta-wu-úr-wa ta-ba-ar-na eš-ta-wu-úr	ta-ba-ar-na eš-ta-wu-úr
738	KBo 21.90	Rs. 41′	7	[ [ [eš-ta-w]u-úr ma-a-aš-ki-wa ma-a-aš-ki-wa-i-u [ [	ma-a-aš-ki-wa ma-a-aš-ki-wa-i-u
738	KBo 21.90	Rs. 42′	5	[ [ [i-im-ma-t]a-a-pí-in i-im-ta-wi-in at-ta-a-ša-i-li	i-im-ta-wi-in at-ta-a-ša-i-li
738	KBo 21.90	Rs. 43′	6	[ [ [pa-la(-)mi]-i-in-zu-u 〈〈x〉〉 a-a-ḫa-a ḫal-ma-an-ta-aš-šu	a-a-ḫa-a ḫal-ma-an-ta-aš-šu
738	KBo 21.90	Rs. 44′	5	[ [ [an-ni-k]u-uz-ni ti-il-li-ia a-an-ni-ku-uz-ni-i	ti-il-li-ia a-an-ni-ku-uz-ni-i
738	KBo 21.95+	 {€1} Vs. I 9′	4	[[ [t]a-aš-ša-an-ni-in-na ta-aš-ša-an-ni-in-na [	ta-aš-ša-an-ni-in-na
738	KBo 21.95+	 {€1} Vs. I 10′	3	[x-ia-an-ni-in-na [ta-aš-ša-an-ni-in-na [te-[	
738	KBo 21.96	8′	4	[ [-l]i ta-aš-ša-an-ni-na ta-aš-š[a	ta-aš-ša-an-ni-na
738	KBo 21.96	9′	3	[ [-i-i]a-an-ni-na ta-aš-ša-an-ni-n[a	
738	KBo 21.96	10′	3	[ta-aš-š]a-an-ni-na Dte-te-eš-ḫa-wi [	te-te-eš-ḫa-wi
738	KBo 21.99+	 {€2} Vs.? II 12′	3	[ Dte-te-eš-ḫa-wi i-[i]a-i-i[p	te-te-eš-ḫa-wi
738	KBo 21.99+	 {€2} Vs.? II 13′	4	[ x tu-ú-wa-zi-i[k] [	
738	KBo 21.99+	 {€2} Vs.? II 14′	3	[ x-iš-ta-li tu-ul-la-al-x[	
738	KBo 21.99+	 {€2} Vs.? II 15′	2	[ -x	
738	KBo 21.99+	 {€2} Vs.? II 21′	3	[ x-ru wa-a-da-[	
738	KBo 21.99+	 {€2} Vs.? II 22′	2	[ la-ma-ia-x[	
738	KBo 25.48	Rs. III 5′	1	[i-li-lu-wa-a-i-[ia	
738	KBo 25.48	Rs. III 6′	1	[i-li-lu-wa-a-i-ia	
738	KBo 37.51+	 {€4} Vs. I 10′	3	[ [ [ta-ša-n]i-in-na	
738	KBo 37.51+	 {€4} Vs. I 11′	3	[ [ [ta-ša-ni-i]n-na	
738	KBo 37.51+	 {€4} Vs. I 12′	3	[ [ x-i	
738	KBo 37.51+	 {€2+4} Vs. I 1′/Vs. I 13′	5	[ [ x-zi(-)[ [ -pí	
738	KBo 37.51+	 {€4+3} Vs. II 2	1	ma-a-i-ia-aš-ta	ma-a-i-ia-aš-ta
738	KBo 37.51+	 {€4+3} Vs. II 3	2	ma-a-ia-aš-ta me-el-lu-wa-i-ia	ma-a-ia-aš-ta me-el-lu-wa-i-ia
738	KBo 37.51+	 {€4+3} Vs. II 7	2	a-wa-az-za a-wa-az-za-an-ga	a-wa-az-za a-wa-az-za-an-ga
738	KBo 37.51+	 {€4+3} Vs. II 10	1	a-wa-az-za	a-wa-az-za
738	KBo 37.51+	 {€4+3} Vs. II 11	2	a-wa-az-za-an-ni-ga ta-ru-ul-li-pa	a-wa-az-za-an-ni-ga ta-ru-ul-li-pa
738	KBo 37.51+	 {€4+3} Vs. II 12	2	a-wa-az-za a-wa-az-za-an-ni-ga	a-wa-az-za a-wa-az-za-an-ni-ga
738	KBo 37.51+	 {€4+3} Vs. II 13	1	ta-ga-aš-ga-ni-iš	ta-ga-aš-ga-ni-iš
738	KBo 37.51+	 {€3} Vs. II 17	2	[a]z-zi-ti-iš-ša i-ia-a	i-ia-a
738	KBo 37.51+	 {€3} Vs. II 18	1	zu-li-li-ia-an-na	zu-li-li-ia-an-na
738	KBo 37.51+	 {€3} Vs. II 21	1	ḫa-kán-te-eš	ḫa-kán-te-eš
738	KBo 37.51+	 {€3} Vs. II 22	2	kán-ti-iš-ma ma-ia-ma-ú-ma	kán-ti-iš-ma ma-ia-ma-ú-ma
738	KBo 37.51+	 {€3} Vs. III 16	2	ta-la-a-ia ta-la-a-ia-ta	ta-la-a-ia ta-la-a-ia-ta
738	KBo 37.51+	 {€3} Vs. III 20	1	e-ma-mu-ri-iš-ta	e-ma-mu-ri-iš-ta
738	KBo 37.51+	 {€3} Vs. III 21	2	i-ia-an-ni wu-re-el-la	i-ia-an-ni wu-re-el-la
738	KBo 37.51+	 {€3} Rs. IV 13′	2	[ta-la-a-ia [ta-la-a-ia-ta	
738	KBo 37.51+	 {€2} Rs. VI 5′	3	a-li-lu-wa-ia i-li-li-ia-an [	a-li-lu-wa-ia i-li-li-ia-an
738	KBo 37.51+	 {€2} Rs. VI 6′	2	Dte-te-iš-ḫa-pí-in ku-ru-uš-ša-x[	te-te-iš-ḫa-pí-in
738	KBo 37.51+	 {€2} Rs. VI 7′	3	ku-gur-ša-pa wu-ul-wu-la-an-aš [	ku-gur-ša-pa wu-ul-wu-la-an-aš
738	KBo 37.55	Vs. 2′	3	-e]š ta-nu-m[a [	
738	KBo 37.55	Vs. 3′	2	]-tu-uk-ki-l[a [	
738	KBo 37.55	Vs. 4′	1	-e]n	
738	KBo 37.55	Vs. 5′	1	]x-aš-ta-a-an	
738	KBo 37.55	Vs. 6′	1	]x-an	
738	KBo 37.55	Vs. 7′	2	]x te-et-tu-uḫ	te-et-tu-uḫ
738	KBo 37.55	Vs. 8″	1	]	
738	KBo 37.55	Vs. 9″	1	]x	
738	KBo 37.55	Vs. 10″	1	]x-tu-un	
738	KBo 37.55	Rs. 1	2	-i]a-z[i [	
738	KBo 37.55	Rs. 2	2	]-la ta-il-la	ta-il-la
738	KBo 37.56	1′	2	]-ma mu-[	
738	KBo 37.56	2′	2	[ eš-ka-ḫu-x[	
738	KBo 37.56	3′	3	[ [Dte]-te-eš-ḫa-wi [	
738	KBo 37.56	4′	3	[ x-ma ni-wa-[	
738	KBo 37.56	5′	2	[ (-)ú-uḫ-ku-ḫu-š[u	
738	KBo 37.57	Vs. 4′	4	-z]a-aš-ta Dte-li-pí-nu ma-a[š- [	te-li-pí-nu
738	KBo 37.57	Vs. 5′	3	Dte]-te-eš-ḫa-pí-in ma-aš-ta-a-ú-ru-x[ [	te-te-eš-ḫa-pí-in
738	KBo 37.57	Vs. 6′	3	-t]a-i-li a-an-nu-u-ru-zi(-)x[ [	
738	KBo 37.57	Vs. 7′	3	] Dte-li-pí-nu ta-ba-ar-na	te-li-pí-nu ta-ba-ar-na
738	KBo 37.57	Vs. 8′	2	]x-zi-iz-za-ia ú-wa-a-i-zi	ú-wa-a-i-zi
738	KBo 37.57	Vs. 9′	2	] ta-ba-ar-na	ta-ba-ar-na
738	KBo 37.57	Vs. 10″	1	]	
738	KBo 37.57	Vs. 11″	2	]x x-ma-wa-wi-pí-li	
738	KBo 37.57	Vs. 12″	1	]x	
738	KBo 37.57	Vs. 13″	1	]x-zi	
738	KBo 37.58	7′	3	[ [zi-i-ú]-i-ia-ra ti-x[	
738	KBo 37.58	8′	3	[ [du]-u-wa-a-na [	
738	KBo 37.58	9′	3	[ nu x[	nu
738	KBo 37.58	10′	2	[ x-e[n	
738	KBo 39.171	Rs. 4′	3	[ [ [i]-ia-ip-ti-pé-eš	
738	KBo 39.171	Rs. 5′	2	[ x-wa-zi-iš-ta	
738	KBo 39.171	Rs. 6′	3	[ [-z]i ḫa-la-an-ti-u	ḫa-la-an-ti-u
738	KUB 32.83+	 {€1} 2′	3	[ -ru i-li-lu-w[a-	
738	KUB 32.83+	 {€1} 3′	3	[ [t]a-ba-ar-na [	
738	KUB 32.83+	 {€1} 4′	4	[ x-ru-u-wa zi-iz-zi [	zi-iz-zi
738	KUB 32.83+	 {€1} 5′	4	[ [-i]t ku-u-wa-in ḫa-aš-ša-x[	ku-u-wa-in
738	KUB 32.83+	 {€1} 6′	3	[ x-el [	
738	KUB 32.83+	 {€1} 7′	3	[ (-)a-a-az-za-i-u a-a-az-i-u-x[	
738	KUB 32.83+	 {€1} 8′	3	[ [Dt]e-li-pí-nu-un ma-aš-da-ḫu-[	
738	KUB 32.83+	 {€1} 9′	4	[ [z]i-iz-za-i-ia up-pa-te-ez-za AN[	up-pa-te-ez-za
738	KUB 32.83+	 {€1} 10′	3	[ x-ia-ḫa-at-ti mu-ú-wa-a-[	
738	KUB 32.83+	 {€1} 11′	3	[ [-w]a-a-la i-ia-a-aš-š[u-	
738	KUB 32.83+	 {€1} 12′	3	[ [d]a-wa-na-an-na i-la-[	
738	KUB 32.83+	 {€4+1} Rs. 13′/13′	7	[ x[ x-i-ia [ [ x-a eš-ta-wu-úr-[	
738	KUB 32.83+	 {€4+1} Rs. 14′/14′	4	[ i-li-lu-wa-a-i-ia eš-ta-wu-úr ma-a-[	i-li-lu-wa-a-i-ia eš-ta-wu-úr
738	KUB 32.83+	 {€4} Rs. 15′	4	[ x-wa ka-az-zu-ma i-im-ma-ta-a-x[	ka-az-zu-ma
738	KUB 32.83+	 {€4} Rs. 16′	5	[ ma-a-ti-i-li pa-la mi-in-zu-u mi-in-x[	ma-a-ti-i-li pa-la mi-in-zu-u
738	KUB 32.83+	 {€4} Rs. 17′	6	[ [-t]a-aš-šu a-ḫa-al-w[a- [ x-ma-an-ta-aš-šu AN-x[	
738	KUB 32.83+	 {€4} Rs. 18′	5	[ [ti-il-li-i]a an-ni-i ku-u[z]-ni [	an-ni-i
738	KUB 48.17	1′	2	[Dte-te-eš-ḫ]a-pí-i[n [ku-ru-uš-ša-	
738	KUB 48.17	2′	2	[[ku-gu]r-ša-pa wú-ul-wú-l[a-an-	
739	KUB 12.8+	 {€2} Vs. II 12′	3	ki-ru-ú-ša ma-a-i tu-u-ḫa-a-aš-ta	ki-ru-ú-ša ma-a-i tu-u-ḫa-a-aš-ta
739	KUB 12.8+	 {€2} Vs. II 13′	2	la-am-ma-aš-ka-a-i wu-u-ru-un-kat-te-e	la-am-ma-aš-ka-a-i wu-u-ru-un-kat-te-e
739	KUB 12.8+	 {€2} Vs. II 14′	2	ta-ba-ar-na wa-a-ra-ak	ta-ba-ar-na wa-a-ra-ak
739	KUB 12.8+	 {€2} Vs. II 15′	3	wa-ra-a-ši-ip zu-ú-ru-uš ḫé-e-ra	wa-ra-a-ši-ip zu-ú-ru-uš ḫé-e-ra
739	KUB 12.8+	 {€2} Vs. II 16′	1	ki-i-ia-ru-ú-ša	ki-i-ia-ru-ú-ša
739	KUB 12.8+	 {€2} Vs. II 17′	1	ti-il-ti-li-le-e-u	ti-il-ti-li-le-e-u
739	KUB 12.8+	 {€2} Vs. II 18′	1	ti-il-ti-li-li-pu-u	ti-il-ti-li-li-pu-u
739	KUB 12.8+	 {€2} Rs. III 5	3	ki-ru-ú-ša ma-a-i tu-u-ḫa-aš-ta	ki-ru-ú-ša ma-a-i tu-u-ḫa-aš-ta
739	KUB 12.8+	 {€2} Rs. III 6	2	la-am-ma-aš-ka-a-i wu-ru-un-kat-te-e	la-am-ma-aš-ka-a-i wu-ru-un-kat-te-e
739	KUB 12.8+	 {€2} Rs. III 7	2	ta-ba-ar-na wa-a-ra-ak	ta-ba-ar-na wa-a-ra-ak
739	KUB 12.8+	 {€2} Rs. III 8	3	wa-a-ra-ši-ip zu-ú-ru-uš ḫé-e-ra	wa-a-ra-ši-ip zu-ú-ru-uš ḫé-e-ra
739	KUB 12.8+	 {€2} Rs. III 9	2	ki-i-ia-ru-ú-ša ti-il-t[i-li-le]-e	ki-i-ia-ru-ú-ša
739	KUB 12.8+	 {€2} Rs. III 10	3	ti-il-ti-li-li-pu-u [ [	ti-il-ti-li-li-pu-u
739	KUB 12.8+	 {€1} Rs. III! 2′	1	[ḫar-x[	
739	KUB 12.8+	 {€1} Rs. III! 3′	1	[wu-[	
739	KUB 12.8+	 {€1} Rs. III! 4′	1	[x[	
739	KUB 12.8+	 {€2} Rs. IV!	1	[	
739	KUB 12.8+	 {€2} Rs. IV! 2	2	ka-a-at-te pu-u-la-a-ia-it	ka-a-at-te pu-u-la-a-ia-it
739	KUB 12.8+	 {€2} Rs. IV! 3	2	ka-at-te ta-ba-ar-na-ma	ka-at-te ta-ba-ar-na-ma
739	KUB 12.8+	 {€2} Rs. IV! 4	3	ka-at-te ta-a-i-ia ú-e-il	ka-at-te ta-a-i-ia ú-e-il
739	KUB 12.8+	 {€2} Rs. IV! 5	2	tu-u-ḫa-aš-ta-il ka-at-te	tu-u-ḫa-aš-ta-il ka-at-te
739	KUB 28.79	9′	4	[ki-ú-ru-ša [ma-a-i [tu-u-ḫa-aš-ta [l[a-am-ma-aš-ka-a-i	
739	KUB 28.79	10′	3	[wa-a-ra-ši-ip [zu-ú-ru-uš [ḫé-e-[ra	
739	KUB 28.79	11′	3	[a-ú-šar [a-ú-wa [a-i-ia-x[	
739	KUB 28.79	12′	2	[ka-a-ú-il-ma [ka-a[t-	
739	KUB 28.79	13′	2	[wu-la-ia-at [k[a-	
740	KBo 2.25+	 {€2} lk. Kol. 1′a	2	[wa-aš-ḫa-ap [a-aš-ta]-a-ta	
740	KBo 2.25+	 {€2} r. Kol. 1′b	1	x[	
740	KBo 2.25+	 {€2} lk. Kol. 2′a	2	[[i-ta-a [te-eš-šu-up-taḫ-ḫi]-il	
740	KBo 2.25+	 {€2} r. Kol. 2′b	1	ma-a-[	
740	KBo 2.25+	 {€1+2} Vs. 1′/lk. Kol. 3′a	2	[[i-ta-a] te-eš-šu-up-[taḫ-ḫi]-il	
740	KBo 2.25+	 {€2} r. Kol. 3′b	1	wa-[	
740	KBo 2.25+	 {€1+2} Vs. 2′/lk. Kol. 4′a	3	[[i-ta-a] te-eš-šu-uz-za-a[p [ka-a-ú-le]-e	
740	KBo 2.25+	 {€2} r. Kol. 4′b	1	w[a-	
740	KBo 2.25+	 {€1} Vs. 3′	3	[[i-ta-a] te-eš-šu-uz-za-ap ka-[ú-le-e]	te-eš-šu-uz-za-ap
740	KBo 2.25+	 {€2} r. Kol. 5′b	1	w[a-	
740	KBo 2.25+	 {€1} Vs. 4′	3	[[ [ wa-a-aš-taḫ-ḫa-ar	wa-a-aš-taḫ-ḫa-ar
740	KBo 2.25+	 {€1} Vs. 5′	2	[i-ta]-a te-eš-šu-wa-wa-aḫ	te-eš-šu-wa-wa-aḫ
740	KBo 2.25+	 {€1} Vs. 6′	2	[i-t]a-a te-eš-šu-wa-wa-aḫ	te-eš-šu-wa-wa-aḫ
740	KBo 2.25+	 {€1} Vs. 7′	2	[i-t]a-a te-eš-šu-wa-wa-aḫ	te-eš-šu-wa-wa-aḫ
740	KBo 2.25+	 {€1} Vs. 8′	2	[i]-ta-a te-eš-šu-wa-w[a]-aḫ	
740	KBo 2.25+	 {€1} Vs. 9′	2	i-ta-a te-eš-šu-wa-w[a]-aḫ	i-ta-a
740	KBo 2.25+	 {€1} Vs. 10′	2	i-ta-a te-eš-šu-wa-w[a]-aḫ	i-ta-a
740	KBo 2.25+	 {€1} Vs. 11′	2	i-ta-a te-eš-šu-wa-wa-aḫ	i-ta-a te-eš-šu-wa-wa-aḫ
740	KBo 2.25+	 {€1} Vs. 12′	2	i-ta-a te-eš-šu-wa-wa-aḫ	i-ta-a te-eš-šu-wa-wa-aḫ
740	KBo 2.25+	 {€1} Vs. 13′	2	i-ta-a te-eš-šu-wa-wa-aḫ	i-ta-a te-eš-šu-wa-wa-aḫ
740	KBo 2.25+	 {€1} Vs. 14′	2	i-ta-a te-eš-šu-wa-wa-aḫ	i-ta-a te-eš-šu-wa-wa-aḫ
740	KBo 2.25+	 {€1} Vs. 15′	2	[i]-ta-a te-eš-šu-wa-wa-aḫ	te-eš-šu-wa-wa-aḫ
740	KBo 2.25+	 {€1} Vs. 16′	2	[i-t]a-a te-eš-šu-wa-wa-aḫ	te-eš-šu-wa-wa-aḫ
740	KBo 2.25+	 {€1} Vs. 17′	2	[i-t]a-a te-eš-šu-wa-wa-aḫ	te-eš-šu-wa-wa-aḫ
740	KBo 2.25+	 {€1} Vs. 18′	2	[i-t]a-a te-eš-šu-wa-wa-aḫ	te-eš-šu-wa-wa-aḫ
740	KUB 28.10	Vs. lk. Kol. 1′	2	[i-da-a] t[e-eš-wa-wa-aḫ	
740	KUB 28.10	Vs. lk. Kol. 2′	2	[[i-da-a] te-eš-w[a-wa-aḫ	
740	KUB 28.10	Vs. lk. Kol. 3′	2	[[i-da-a] te-eš-w[a-wa-aḫ	
740	KUB 28.10	Vs. lk. Kol. 4′	2	[[i-da-a] te-eš-w[a-wa-aḫ	
740	KUB 28.10	Vs. lk. Kol. 5′	2	[[i-da]-a te-eš-wa-w[a-aḫ	
740	KUB 28.10	Vs. lk. Kol. 6′	2	[[i-d]a-a te-eš-wa-w[a-aḫ	
740	KUB 28.10	Vs. lk. Kol. 7′	1	[ka-a-ú-[le-e	
740	KUB 28.10	Vs. lk. Kol. 8′	1	[ka-a-ú-[le-e	
740	KUB 28.10	Vs. lk. Kol. 9′	2	[i-da-a [la-aš-ta-a-m[u	
740	KUB 28.10	Vs. lk. Kol. 10′	3	[i-da-a [pí-i-nu-ú [[	
740	KUB 28.10	Vs. lk. Kol. 11′	3	[x-x-ni-da-a-ma [wa-aš-ḫa-ap [[	
740	KUB 28.10	Vs. lk. Kol. 12′	3	[[ [ zi-iz-ma-a-[aḫ	
740	KUB 28.10	Vs. lk. Kol. 13′	3	[[ [ iš-ta-a-x-x[	
740	KUB 28.10	Vs. lk. Kol. 14′	3	[[ [ ma-du-ḫa-d[u	
740	KUB 28.10	Vs. lk. Kol. 15′	3	[[ [ li-il-x-w[a	
740	KUB 28.10	Vs. lk. Kol. 16′	3	[[ [ li-i-i[l-	
740	KUB 28.10	Rs. lk. Kol. 1′	4	[[ [ x-ḫa-pa-al [	
740	KUB 28.10	Rs. lk. Kol. 2′	3	[[ [ -ni-i[š	
740	KUB 28.10	Rs. lk. Kol. 3′	4	[[ [ x x[	
740	KUB 28.11	lk. Kol. 1′a	2	[i-ta-a [te-eš-šu-wa-wa]-[aḫ]	
740	KUB 28.11	lk. Kol. 2′a	2	[i-ta-a [te-eš-šu-wa-wa]-[aḫ]	
740	KUB 28.11	lk. Kol. 3′a	2	[i-ta-a [te-eš-šu-wa-wa]-a[ḫ]	
740	KUB 28.11	lk. Kol. 4′a	2	[i-ta-a [te-eš-šu-wa-wa]-aḫ	
740	KUB 28.11	r. Kol. 4′b	1	AN[	
740	KUB 28.11	lk. Kol. 5′a	2	[[i-ta-a [te-eš-šu-wa-wa]-aḫ	
740	KUB 28.11	r. Kol. 5′b	2	AN x[	
740	KUB 28.11	lk. Kol. 6′a	4	[[ [ [ši-i [te-li]-iš	
740	KUB 28.11	r. Kol. 6′b	1	ma-[	
740	KUB 28.11	lk. Kol. 7′a	2	[ [ki-ša-ad]-du	
740	KUB 28.11	lk. Kol. 8′a	3	[i-ta-a [te-šu-uz-za-ap [ka-ú-le]-e	
740	KUB 28.11	lk. Kol. 9′a	3	[i-ta-a [te-šu-uz-za-ap [ka-ú-le]-e	
740	KUB 28.11	lk. Kol. 10′a	3	[ [ [wa-aš-taḫ-ḫa]-ar	
740	KUB 28.11	lk. Kol. 11′a	1	]x[	
740	KUB 28.12	Vs. lk. Kol. 1′	1	]-ta	
740	KUB 28.12	Vs. lk. Kol. 2′	1	]-il	
740	KUB 28.12	Vs. lk. Kol. 3′	1	]-il	
740	KUB 28.12	Vs. lk. Kol. 4′	2	[i-ta-a [te-šu-uz-za-ap]-e[	
740	KUB 28.12	Vs. lk. Kol. 5′	3	[[i-ta-a [te-šu-uz-za-ap [ka-a-ú]-le-e	
740	KUB 28.12	Vs. lk. Kol. 6′	3	[ [ [wa-aš-taḫ-ḫa]-a[r]	
740	KUB 28.12	Vs. lk. Kol. 7′	2	[i-ta-a [te-eš-šu-wa]-wa-aḫ	
740	KUB 28.12	Vs. lk. Kol. 8′	2	[i-ta-a [te-eš-šu-w]a-wa-aḫ	
740	KUB 28.12	Vs. lk. Kol. 9′	2	[i-ta-a [te-eš-š]u-wa-wa-aḫ	
740	KUB 28.12	Vs. lk. Kol. 10′	2	[i-ta-a [te-eš-š]u-wa-wa-aḫ	
740	KUB 28.12	Vs. lk. Kol. 11′	2	[i-ta-a [te-e]š-šu-wa-wa-aḫ	
740	KUB 28.12	Vs. lk. Kol. 12′	2	[i-ta-a [te-e]š-šu-wa-wa-aḫ	
740	KUB 28.12	Vs. lk. Kol. 13′	2	[i-ta-a [te-e]š-šu-wa-wa-aḫ	
740	KUB 28.12	Vs. lk. Kol. 14′	2	[i-ta-a [te-eš]-šu-wa-wa-aḫ	
740	KUB 28.12	Vs. lk. Kol. 15′	3	[i-ta-a [ te-eš-šu-wa-wa-aḫ	te-eš-šu-wa-wa-aḫ
740	KUB 28.12	Rs. lk. Kol. 1	2	[i-ta-a [t]e-eš-šu-wa-wa-aḫ	
740	KUB 28.12	Rs. lk. Kol. 2	2	[i-ta-a [t]e-eš-šu-wa-wa-aḫ	
740	KUB 28.12	Rs. lk. Kol. 3	2	[i-ta-a [t]e-eš-šu-wa-wa-aḫ	
740	KUB 28.12	Rs. lk. Kol. 4	2	[i-ta-a [t]e-eš-šu-wa-wa-aḫ	
740	KUB 28.12	Rs. lk. Kol. 5	2	[i-ta-a [t]e-es-šu-wa-wa-aḫ	
740	KUB 28.12	Rs. lk. Kol. 6	4	[ [ -ši-i te-li-iš	te-li-iš
740	KUB 28.12	Rs. lk. Kol. 7	4	[ [ x ki-ša-at-tu	ki-ša-at-tu
740	KUB 28.12	Rs. lk. Kol. 8	6	[ [ x x wa-aš-ḫa-ap a-aš-ta-a-ta	wa-aš-ḫa-ap a-aš-ta-a-ta
740	KUB 28.12	Rs. lk. Kol. 9	2	[i-ta-a [te-eš-šu-up-taḫ-ḫi]-il	
740	KUB 28.12	Rs. lk. Kol. 10	2	[i-ta-a [te-eš-šu-up-taḫ-ḫi]-il	
740	KUB 28.12	Rs. lk. Kol. 11	3	[i-ta-a [te-eš-šu-up-za [k]a-ú-le-e	
740	KUB 28.12	Rs. lk. Kol. 12	3	[i-ta-a [te-eš-šu-up-za [k]a-ú-le-e	
740	KUB 28.12	Rs. lk. Kol. 13	3	[ [ [wa]-aš-taḫ-ḫa-ar	
740	KUB 28.12	Rs. lk. Kol. 14	2	[i-ta-a [te-eš-šu-w]a-wa-aḫ	
740	KUB 28.12	Rs. lk. Kol. 15	2	[i-ta-a [te-eš-šu-wa-w]a-aḫ	
740	KUB 28.12	Rs. lk. Kol. 16	2	[i-ta-a [te-eš-šu-wa-w]a-aḫ	
740	KUB 28.12	Rs. lk. Kol. 17	2	[i-ta-a [te-eš-šu-wa-w]a-aḫ	
740	KUB 28.12	Rs. lk. Kol. 18	2	[i-ta-a [te-eš-šu-wa-wa]-a[ḫ]	
740	KUB 28.13	lk. Kol. 1′	4	[ [ [wa-aš-ḫa-ap [a-aš]-t[a-a-ta	
740	KUB 28.13	lk. Kol. 2′	2	[[i-ta-a [te-eš-šu-up-taḫ-ḫi-il]	
740	KUB 28.13	lk. Kol. 3′	2	[i-ta-a [te-eš-šu-up-taḫ]-ḫi-[i]l	
740	KUB 28.13	lk. Kol. 4′	3	[i-ta-a [te-šu-u]z-za ka-a-ú-[l]e-e	
740	KUB 28.13	lk. Kol. 5′	3	[i-ta-a [te-šu]-uz-za ka-a-ú-le-e	ka-a-ú-le-e
740	KUB 28.13	lk. Kol. 6′	3	[ [ [wa-aš-taḫ]-ḫa-ar	
740	KUB 28.13	lk. Kol. 7′	2	[i-ta-a [te-eš-šu-w]a-wa-aḫ	
740	KUB 28.13	lk. Kol. 8′	2	[i-ta-a [te-eš-šu-wa-w]a-aḫ	
740	KUB 28.13	lk. Kol. 9′	2	[i-ta-a [te-eš-šu-wa-w]a-a[ḫ]	
740	KUB 28.13	lk. Kol. 10′	2	[i-ta-a [te-eš-šu-wa-w]a-a[ḫ]	
741	KBo 14.117	Vs. I 6	2	i-li-na-a mu-ú-wa-li-n[a	i-li-na-a
741	KBo 14.117	Vs. I 8	3	te-eg-ga-ḫu-le-e te-ka-a [te-ka-ḫu-li	te-eg-ga-ḫu-le-e te-ka-a
741	KBo 14.117	Vs. I 11	2	li-na-a mu-ú-wa-li-[na	li-na-a
741	KBo 14.117	Vs. I 13	3	[te-eg-ga-ḫu-li [te-ka [te-k[a-ḫu-li	
741	KBo 14.117	Rs. IV 2′	1	[i-x[	
741	KBo 14.117	Rs. IV 3′	1	[a-wa-an-[ta	
741	KBo 14.117	Rs. IV 4′	1	[an-ka-la-w[a	
741	KBo 14.117	Rs. IV 6′	1	[i-ia-i-[	
741	KBo 21.109+	 {€1} Vs. I 3′	3	[te-e]g-ga-ḫu-li te-eg-g[a-ḫu-li [	
741	KBo 21.109+	 {€1} Vs. I 5′	3	an-ka-la-pa-az-zi-iz-zi a-l[i- [	an-ka-la-pa-az-zi-iz-zi
741	KBo 21.109+	 {€1} Vs. I 7′	4	a-li-na-i-u li-i-na-i-u [ [	a-li-na-i-u li-i-na-i-u
741	KBo 21.109+	 {€1} Vs. I 8′	4	li-na-a mu-ú-wa-li-na-a [ [	li-na-a mu-ú-wa-li-na-a
741	KBo 21.109+	 {€1} Vs. I 11′	3	te-eg-ga-ḫu-li te-eg-ga te-eg-ga-ḫu-li	te-eg-ga-ḫu-li te-eg-ga te-eg-ga-ḫu-li
741	KBo 21.109+	 {€1} Vs. I 13′	2	la-a-la-an-ka-ša-an-du a-i-li-na	la-a-la-an-ka-ša-an-du a-i-li-na
741	KBo 21.109+	 {€1} Vs. I 15′	2	a-li-i-na-i-u li-i-na-i-u	a-li-i-na-i-u li-i-na-i-u
741	KBo 21.109+	 {€1} Vs. I 16′	2	li-na-a mu-ú-wa-li-na	li-na-a mu-ú-wa-li-na
741	KBo 21.109+	 {€1} Vs. I 19′	4	te-eg-ga-ḫu-li te-eg-ga te-eg-ga-ḫu-li-in ===	te-eg-ga-ḫu-li te-eg-ga te-eg-ga-ḫu-li-in
741	KBo 21.109+	 {€1} Vs. II 1′	1	a-ú-il-[la	
741	KBo 21.109+	 {€1} Vs. II 2′	4	[i-ia-a [[ [ [a-ú](-)i[l(-)la	
741	KBo 21.109+	 {€1} Vs. II 3′	4	[i-ia-a [lu-[ [ [	
741	KBo 21.109+	 {€1} Vs. II 5′	4	a-ú-il-la a-ú-il-la [ [	a-ú-il-la a-ú-il-la
741	KBo 21.109+	 {€1} Vs. II 6′	4	i-ia-a a-ú-il-la i-ia šu-ug-ga-ú-il-la	i-ia-a a-ú-il-la i-ia šu-ug-ga-ú-il-la
741	KBo 21.109+	 {€1} Vs. II 8′	2	šu-uš-ta-ku-un-na me-mi-ga-an-ta-li-pa-ru-u	šu-uš-ta-ku-un-na me-mi-ga-an-ta-li-pa-ru-u
741	KBo 21.109+	 {€1} Vs. II 10′	2	a-ú-il-la a-ú-il-la	a-ú-il-la a-ú-il-la
741	KBo 21.109+	 {€1} Vs. II 11′	2	i-ia-a a-ú-il-la	i-ia-a a-ú-il-la
741	KBo 21.109+	 {€1} Vs. II 12′	2	i-ia-a šu-ug-ga-ú-il-la	i-ia-a šu-ug-ga-ú-il-la
741	KBo 21.109+	 {€1} Vs. II 19′	1	a-lu-ú-wa-i-u	a-lu-ú-wa-i-u
741	KBo 21.109+	 {€1} Vs. II 20′	3	ma-a-ia-lu-wa-i-u ta-i ta-ba-ar-na	ma-a-ia-lu-wa-i-u ta-i ta-ba-ar-na
741	KBo 21.109+	 {€1} Vs. II 21′	2	ta-a-wa-na-an-na ta-ba-ar-na	ta-a-wa-na-an-na ta-ba-ar-na
741	KBo 21.109+	 {€1} Vs. II 22′	1	URUzi-ip-pa-la-an-da	zi-ip-pa-la-an-da
741	KBo 21.109+	 {€1} Rs. III 2	2	a-lu-ú-wa-i-u ma-ia(-)lu-ú-wa-a-i-u	a-lu-ú-wa-i-u ma-ialu-ú-wa-a-i-u
741	KBo 21.109+	 {€1} Rs. III 3	3	ta-i ta-ba-ar-na ta-wa-a-na-an-na	ta-i ta-ba-ar-na ta-wa-a-na-an-na
741	KBo 21.109+	 {€1} Rs. III 4	4	a-i ta-ba-ar-na ta-i ti-tu-u-ḫa-nu	a-i ta-ba-ar-na ta-i ti-tu-u-ḫa-nu
741	KBo 21.109+	 {€1} Rs. III 5	2	a-lu-ú-wa-i-u ma-ia-lu-ú-wa-a-i-u	a-lu-ú-wa-i-u ma-ia-lu-ú-wa-a-i-u
741	KBo 21.109+	 {€1} Rs. III 6	3	ta-i ta-ba-ar-na-an ta-wa-an-na-an-na	ta-i ta-ba-ar-na-an ta-wa-an-na-an-na
741	KBo 21.109+	 {€1} Rs. III 7	2	ta-ba-ar-na-an URUta-ḫur-pa	ta-ba-ar-na-an ta-ḫur-pa
741	KBo 21.109+	 {€1} Rs. III 9	2	a-lu-ú-wa-i-u ma-ia-lu-wa-i-u	a-lu-ú-wa-i-u ma-ia-lu-wa-i-u
741	KBo 21.109+	 {€1} Rs. III 10	2	ma-ia(-)lu-ú-wa-i-u ta-ba-ar-na-an	ma-ialu-ú-wa-i-u ta-ba-ar-na-an
741	KBo 21.109+	 {€1} Rs. III 11	4	ta-wa-na-an-na x a-i ta-ba-ar-na-an	ta-wa-na-an-na a-i ta-ba-ar-na-an
741	KBo 21.109+	 {€1} Rs. III 12	2	ta-i ti-tu-u-ḫa-nu	ta-i ti-tu-u-ḫa-nu
741	KBo 21.109+	 {€1} Rs. III 14	3	ta-i ta-ba-ar-na-an ta-a-wa-na-an	ta-i ta-ba-ar-na-an ta-a-wa-na-an
741	KBo 21.109+	 {€1} Rs. III 15	2	ta-ba-ar-na-an URUa-ri-in-na	ta-ba-ar-na-an a-ri-in-na
741	KBo 21.109+	 {€1} Rs. III 17	2	a-lu-ú-wa-i-u ma-ia-lu-ú-wa-i-u	a-lu-ú-wa-i-u ma-ia-lu-ú-wa-i-u
741	KBo 21.109+	 {€1} Rs. III 18	2	ta-ba-ar-na-an ta-a-wa-na-an-na-an	ta-ba-ar-na-an ta-a-wa-na-an-na-an
741	KBo 21.109+	 {€1} Rs. III 19	4	a-i ta-ba-ar-na-an ta-i ti-tu-u-ḫa-nu	a-i ta-ba-ar-na-an ta-i ti-tu-u-ḫa-nu
741	KBo 21.109+	 {€1} Rs. III 21	2	ta-ba-ar-na-an ta-a-wa-na-an-na-an	ta-ba-ar-na-an ta-a-wa-na-an-na-an
741	KBo 21.109+	 {€1} Rs. III 22	2	ta-ba-ar-na-an URUḫa-at-tu-ša	ta-ba-ar-na-an ḫa-at-tu-ša
741	KBo 21.109+	 {€1} Rs. III 24	3	[ [ [m]a-ia-lu-wa-a-i-u	
741	KBo 21.109+	 {€2+1} Rs. 3/Rs. IV 3	1	[z]u-wa-al-la-an-t[i]	
741	KBo 21.109+	 {€2+1} Rs. 4/Rs. IV 4	1	[z]u-wa-al-la-i[a-al-lu-u]	
741	KBo 21.109+	 {€2+1} Rs. 6/Rs. IV 6′	2	[zu]-wa-al-la-[an-ti [zu-wa-al-la-ia-a]l-lu-u	
741	KBo 21.109+	 {€1} Rs. IV 8′	2	[z]u-wa-al-la-an-ti zu-wa-al-la-ia-al-lu-u	zu-wa-al-la-ia-al-lu-u
741	KBo 21.109+	 {€1} Rs. IV 9′	4	a-pa-aš-pa ta-a-ḫa-ia ma-a-ḫa-ia KI.MIN	a-pa-aš-pa ta-a-ḫa-ia ma-a-ḫa-ia
741	KBo 21.109+	 {€1} Rs. IV 11′	2	zu-wa-al-la-[an-t]i zu-ú-wa-al-la-ia-al-lu-u	zu-ú-wa-al-la-ia-al-lu-u
741	KBo 21.109+	 {€1} Rs. IV 12′	4	a-pa-aš-pa [ta]-a-ḫa-ia ma-az-zi-iš-ḫa-pí KI.MIN	a-pa-aš-pa ma-az-zi-iš-ḫa-pí
741	KBo 21.109+	 {€1} Rs. IV 13′	2	zu-i-zu-i-[i]l-la-an-ti zu-wa-al-la-an-ti	zu-wa-al-la-an-ti
741	KBo 21.109+	 {€1} Rs. IV 14′	3	zu-wa-al-l[a-i]a-al-la a-pa-aš-pa ta-a-ḫa-ia	a-pa-aš-pa ta-a-ḫa-ia
741	KBo 21.109+	 {€1} Rs. IV 15′	2	in-ta-ma-za-aš-ku-ru KI.MIN	in-ta-ma-za-aš-ku-ru
741	KBo 21.109+	 {€1} Rs. IV 17′	3	tu-uz-za(-)a-aš-ta lu-u-lu ta-a-li-i	tu-uz-zaa-aš-ta lu-u-lu ta-a-li-i
741	KBo 21.109+	 {€1} Rs. IV 18′	3	ḫa-ak-ki-iš-ša a-an-na lu-wa-i-ia	ḫa-ak-ki-iš-ša a-an-na lu-wa-i-ia
741	KBo 21.109+	 {€1} Rs. IV 19′	2	a-lu-wa-i-ia a-lu-wa-ia	a-lu-wa-i-ia a-lu-wa-ia
741	KBo 21.109+	 {€1} Rs. IV 20′	4	a-wa-an-ta mu-ú-li-ia ku-ú-ru-um a-aš-ta-ia-aḫ-ḫa	a-wa-an-ta mu-ú-li-ia ku-ú-ru-um a-aš-ta-ia-aḫ-ḫa
741	KBo 21.109+	 {€1} Rs. IV 21′	4	in-ta a-am-mu-ú a-wa-li-i-ia-an-na ḫa-a-pu-ra	in-ta a-am-mu-ú a-wa-li-i-ia-an-na ḫa-a-pu-ra
741	KBo 21.109+	 {€1} Rs. IV 22′	3	a-aš-ta-ma-an pár-ku-ku-un zi-i-la-a-li	a-aš-ta-ma-an pár-ku-ku-un zi-i-la-a-li
741	KBo 21.109+	 {€1} Rs. IV 23′	5	a-aš-ta pár-ku-ku i-wa-i-wa pár-ku-uk-ku du-u-wa-a-li	a-aš-ta pár-ku-ku i-wa-i-wa pár-ku-uk-ku du-u-wa-a-li
741	KBo 21.109+	 {€1} Rs. IV 24′	3	du-wa-a-li-ia-an-ta a-ú-li a-ú-li-ia	du-wa-a-li-ia-an-ta a-ú-li a-ú-li-ia
741	KBo 21.109+	 {€1} Rs. IV 25′	3	zu-lu-li-ia-ma pár-ku-li-ia-ma ḫal-ḫa-lu-ma-aš-ta	zu-lu-li-ia-ma pár-ku-li-ia-ma ḫal-ḫa-lu-ma-aš-ta
741	KBo 21.109+	 {€1} Rs. IV 26′	3	a-ba-ar-šu-wa du-ud-du-zi du-up-pa-li	a-ba-ar-šu-wa du-ud-du-zi du-up-pa-li
741	KBo 21.109+	 {€1} Rs. IV 27′	2	du-up-pa-li-ia-an-ta ma-a-ma-at-ti	du-up-pa-li-ia-an-ta ma-a-ma-at-ti
741	KBo 21.109+	 {€1} Rs. IV 28′	3	[x-r]u-ma-a-ma-at-ti i-pa-at-ti pa-a-pa-a[t-ti]	i-pa-at-ti
741	KBo 21.109+	 {€1} Rs. IV 29′	5	[i-l]a-al-lu-wa-i-ia me-i-li me-i-li [ [	me-i-li me-i-li
741	KBo 21.109+	 {€1} Rs. IV 30′	4	[ta]-wa-an-na-an-na me-i-li [ [	me-i-li
741	KBo 21.109+	 {€1} Rs. IV 32′	3	[i-l]a-al-lu-wa-i-ia me-i-l[i [	
741	KBo 23.103	Vs. I 7	3	ma-a-i-ia lu-ul-la ta-a-i-e	ma-a-i-ia lu-ul-la ta-a-i-e
741	KBo 23.103	Vs. I 8	4	ta-a-i-ia lu-wa-a-i-u a-pí-ma-aš-ma-aš a-pé-ma-aš-ma-aš	ta-a-i-ia lu-wa-a-i-u a-pí-ma-aš-ma-aš a-pé-ma-aš-ma-aš
741	KBo 23.103	Vs. I 10	3	URUḫa-at-tu-ú-uš ta-ba-ar-na tu-u-ḫa-nu	ḫa-at-tu-ú-uš ta-ba-ar-na tu-u-ḫa-nu
741	KBo 23.103	Vs. I 12	3	i-ta(-)a-aš ta-wa-ar-nu še-e-it-ta-nu	i-taa-aš ta-wa-ar-nu še-e-it-ta-nu
741	KBo 23.103	Vs. I 13	2	eš-ta-ar-nu še-e-ta-ka-aḫ-zi-iš	eš-ta-ar-nu še-e-ta-ka-aḫ-zi-iš
741	KBo 23.103	Vs. I 15	3	ma-a-i-ia lu-ul-la ta-a-i-e	ma-a-i-ia lu-ul-la ta-a-i-e
741	KBo 23.103	Vs. I 16	2	ta-a-i-e lu-wa-a-i-u	ta-a-i-e lu-wa-a-i-u
741	KBo 23.103	Vs. I 24	4	[ [ [la]-a-i-ia-li-wa la-a-i-ia-li-wa-a	la-a-i-ia-li-wa-a
741	KBo 23.103	Vs. I 26	2	ši-ip-ši-el ka-at-taḫ	ši-ip-ši-el ka-at-taḫ
741	KBo 23.103	Vs. I 27	4	[ [ [ta-ba]-ar-na li-wu-u-ur	li-wu-u-ur
741	KBo 23.103	Vs. I 28	4	[ [ [-n]a-aš ki-ip-ša-li-iš-tu-u-uš	ki-ip-ša-li-iš-tu-u-uš
741	KBo 23.103	Vs. I 31	5	[ [ -a-i-u ta-a-ia 〈〈x〉〉	ta-a-ia
741	KBo 23.103	Vs. I 32	5	[ [ [-i]a i-lu-u-wa-i-u ma-ia-lu-u-wa-i-u	i-lu-u-wa-i-u ma-ia-lu-u-wa-i-u
741	KBo 23.103	Vs. II 1′	1	še-x[	
741	KBo 23.103	Vs. II 2′	1	[ta-a-[	
741	KBo 23.103	Vs. II 4′	1	[i-e-x[	
741	KBo 23.103	Vs. II 5′	1	[li-x[	
741	KBo 23.103	Vs. II 6′	1	[URUz[i-ip-la-an-ti	
741	KBo 23.103	Vs. II 9′	1	[ka-[	
741	KBo 23.103	Vs. II 10′	1	[ta-a-[i-e	
741	KBo 23.103	Vs. II 11′	1	[ma-a-[i-ia	
741	KBo 23.103	Vs. II 15′	1	[t[e-	
741	KBo 23.103	Vs. II 16′	1	[t[e-	
741	KBo 23.103	Vs. II 17′	1	[x[	
741	KBo 23.103	Vs. II 18′	1	[š[e-	
741	KBo 23.103	Vs. II 19′	1	[i-[	
741	KBo 23.103	Vs. II 20′	1	[l[i-x	
741	KBo 23.103	Vs. II 22′	1	[i-x[	
741	KBo 23.103	Vs. II 23′	1	[ta-b[a-ar-na	
741	KBo 23.103	Vs. II 24′	1	[te-e-x[	
741	KBo 23.103	Rs. III 19″	1	[ma-[	
741	KBo 23.103	Rs. III 20″	1	[ma-[	
741	KBo 23.103	Rs. III 21″	1	[l[i-	
741	KBo 23.103	Rs. III 22″	1	[ma-[x	
741	KBo 23.103	Rs. IV 4′	4	[ma]-a wa-u-ti-ia wu-u-ti-ia a-pé-ma-aš-ši	wa-u-ti-ia wu-u-ti-ia a-pé-ma-aš-ši
741	KBo 23.103	Rs. IV 8′	3	wu-u-ti-ia kat-ta-ra-ú-úl za-aš-ḫa-zi-na	wu-u-ti-ia kat-ta-ra-ú-úl za-aš-ḫa-zi-na
741	KBo 23.103	Rs. IV 9′	1	wu-u-ti-ia	wu-u-ti-ia
741	KBo 23.103	Rs. IV 12′	4	wi-ú-ul-la ma-a i-zi-wi-ul-la wi-ú-ul-l[a]	wi-ú-ul-la ma-a i-zi-wi-ul-la
741	KBo 23.103	Rs. IV 13′	4	kat-ta-ra-ú-ul 〈〈x〉〉 za-aš-ḫa-pu-na wi-ú-ul-la	kat-ta-ra-ú-ul za-aš-ḫa-pu-na wi-ú-ul-la
741	KBo 30.150	Vs. 4′	5	a-i-li-na a-pé-ma-aš-š[i [kat-ta-an [ḫal-zi-an-zi] [a-li-i-na-i-u]	a-i-li-na
741	KBo 30.150	Vs. 5′	3	li-i-na-i-u li-na-a [mu-ú-wa-li-na]	li-i-na-i-u li-na-a
741	KBo 32.121	Vs. 5	3	[ [ka]-a-at-te a-aš-taḫ-ḫ[u-	
741	KBo 32.121	Vs. 6	2	[ -ú-uz-zi-šu-um-m[a	
741	KBo 32.121	Vs. 7	4	[ [š]e-ši-mu x[ -ḫé-er-x[	
741	KBo 32.121	Vs. 8	3	[ [(-)m]a-al-ḫi-i-[i]p-[m]a z[i-	
741	KBo 32.121	Vs. 9	3	[ še-ši-mu-ú wu-ta-[	še-ši-mu-ú
741	KBo 32.121	Vs. 10	4	[ -ra-aš-ši-ip-[ x x[	
741	KBo 32.121	Vs. 11	2	[ [(-)ma-a]l-ḫi-i-ip(-)[	
741	KBo 32.121	Vs. 12	3	[ x-pa ka-[	
741	KBo 32.121	Vs. 13	2	[ x[	
741	KBo 37.62	1′	6	[ [ zu-x x x x[ [	
741	KBo 37.62	2′	3	[ [ [zu-wa-al-la-ia-l]u-u	
741	KBo 37.62	3′	4	[ [ [zu-i-zu-il-la-an-ti [zu]-wa-al-la-an-t[i]	
741	KBo 37.62	4′	3	[ [ [ma-ḫa]-a-ia	
741	KBo 37.62	6′	3	[ [zu-wa-al-la-an-ti [zu-ú-w]a-al-la-ia-lu-u	
741	KBo 37.62	7′	4	[ [ [-l]i(-)tu-u[z- [	
741	KBo 37.62	8′	4	[ [ x[ [	
741	KUB 48.21+	 {€2} Vs. I 1′	3	[ [m]a-a-š[a [	
741	KUB 48.21+	 {€2} Vs. I 2′	5	[ [m]a-a-iz-zi x [ [	
741	KUB 48.21+	 {€2+1} Vs. I 3′/1′	4	wa-a-aḫ-ga-u-un w[u-u]-ti-ia [ [	wa-a-aḫ-ga-u-un
741	KUB 48.21+	 {€2+1} Vs. I 5′/3′	4	ma-a wi-ú-ul-la wi-ú-ul-la wi-ú-ul-la	ma-a wi-ú-ul-la wi-ú-ul-la wi-ú-ul-la
741	KUB 48.21+	 {€2+1} Vs. I 6′/4′	3	ma-a-iz-zi wi-ú-ul-la wi-ú-ul-la	ma-a-iz-zi wi-ú-ul-la wi-ú-ul-la
741	KUB 48.21+	 {€2+1} Vs. I 7′/5′	2	ša-ḫa-pu-na wi-ú-ul-la	ša-ḫa-pu-na wi-ú-ul-la
741	KUB 48.21+	 {€2} Rs. IV 1′	1	a-lu-x[	
741	KUB 48.21+	 {€2} Rs. IV 2′	1	[[š]i-ip-ši-e[l	
741	KUB 48.21+	 {€2} Rs. IV 3′	1	[ma-aš-ga-ú-ba-x[	
741	KUB 48.21+	 {€2} Rs. IV 4′	2	[ši-ip-ši-el [k[a-at-taḫ	
741	KUB 48.21+	 {€2} Rs. IV 5′	2	[da-ḫa-ia [zi-x[	
741	KUB 48.21+	 {€2} Rs. IV 6′	1	[an-tu-ḫa-ia-za-a[n(-)	
741	KUB 48.21+	 {€2} Rs. IV 7′	5	[[ [ x-ta-x x x[	
741	KUB 48.30+	1′	1	]x[	
741	KUB 48.30+	2′	3	[ [pár-ku-li-ia]-ma ḫal-ḫa-lu-ma-aš-t[a	
741	KUB 48.30+	3′	4	[ [du-ud-du-z]i du-up-pa-li du-up-p[a-li-an-ta	du-up-pa-li
741	KUB 48.30+	4′	4	[ [ru-ma]-a-ma-at-ti i-pa-at-ti pa-a-p[a-	i-pa-at-ti
741	KUB 48.30+	5′	4	[ me-i-li me-i-li ta-wa-a[n-na-an-na	me-i-li me-i-li
741	KUB 48.30+	6′	2	[ [	
741	KUB 48.30+	8′	2	[ [	
741	KUB 48.30+	10′	3	(-)t]e-et-ti me-i-li-i KI.MIN	te-et-ti me-i-li-i
741	KUB 48.30+	11′	3	i-l]a-al-lu-wa-i-ia me-i-li ta-b[a-ar-na(-)	i-la-al-lu-wa-i-ia me-i-li
741	KUB 48.30+	12′	3	[ [-t]a-i-u KI.3	
741	KUB 48.30+	13′	2	me]-i-li a-zi-ma-al-ga-x-x[	me-i-li
741	KUB 48.30+	14′	3	[ [K]I.3 [	
741	KUB 48.30+	15′	5	[ [m]e-i-li [ x [	
741	KUB 48.30+	16′	3	[ [K]I.3 [	
742	KBo 14.118	Vs. I 1′	4	[ [ x d[a-	
742	KBo 14.118	Vs. I 2′	4	[[ [ [-a]ḫ a-aš-[	
742	KBo 14.118	Vs. I 3′	4	[[ [ x-aḫ ma-aš-ḫu-l[i	
742	KBo 14.118	Vs. I 3′	3	[[ [ ma-aš-ḫé-e[p-	
742	KBo 14.118	Vs. I 4′	3	[[ [ ma-aš-ḫa-a-p[í	
742	KBo 14.118	Vs. I 5′	4	[[ [ kat-te [	kat-te
742	KBo 14.118	Vs. I 6′	4	[[ [ -a-aḫ ḫu-x[	
742	KBo 14.118	Vs. I 7′	3	[[ [ [p]é-e-ne-e(-)[	
742	KBo 14.118	Vs. I 8′	5	[[ [ x a-aš-ta [	a-aš-ta
742	KBo 14.118	Vs. I 9′	4	[[ [ [w]a-te-iš [	
742	KBo 14.118	Vs. I 10′	3	[[ [ [-p]a	
742	KBo 25.125+	 {€2} Vs. lk. Kol. 1	3	[ [ x	
742	KBo 25.125+	 {€2} Vs. lk. Kol. 2	3	[ [ x-le-en	
742	KBo 25.125+	 {€2} Vs. lk. Kol. 3	2	[ [	
742	KBo 25.125+	 {€2} Vs. lk. Kol. 4	2	[ [	
742	KBo 25.125+	 {€2} Vs. lk. Kol. 5	5	xMEŠ x x[ [ x[	
742	KBo 25.125+	 {€2} Vs. lk. Kol. 6	3	te-et-te-e[n [ x-a-na-an	
742	KBo 25.125+	 {€2} Vs. lk. Kol. 7	3	ú-uk-šu-lu-ma-pa an-nu-uḫ a-re-e(-)ḫi-ip-pu-li-a-m[a]	ú-uk-šu-lu-ma-pa an-nu-uḫ
742	KBo 25.125+	 {€2+1} Vs. lk. Kol. 8/Vs. I 8	3	le-e-en ma-a-nu ḫa-i-ip-pu-li-e	le-e-en ma-a-nu ḫa-i-ip-pu-li-e
742	KBo 25.125+	 {€2+1} Vs. lk. Kol. 9/Vs. I 9	2	ta-wa-a-aš-tu ki-ri-u-wa-aš-tu	ta-wa-a-aš-tu ki-ri-u-wa-aš-tu
742	KBo 25.125+	 {€2+1} Vs. lk. Kol. 10/Vs. I 10	4	x x x x x x ki-ri-u-wa-aš-tu	ki-ri-u-wa-aš-tu
742	KBo 25.125+	 {€1} Vs. I 11	4	[ [ -e-en ta-ba-ar-na	ta-ba-ar-na
742	KBo 25.125+	 {€1} Vs. I 12	4	[ [ x-le-e DINGIRMEŠ-ap-ma-ma	
742	KBo 25.125+	 {€1} Vs. I 13	3	[ [ x-te-eš-šu-ḫa-i-ip-li-u	
742	KBo 25.125+	 {€1} Vs. I 14	3	[ [ [-i]p-šu-un-na-a	
742	KBo 25.125+	 {€1} Vs. I 15	3	[ [ eš-ta-a-a[n	
742	KBo 25.125+	 {€1} Vs. I 16	4	[[ [ -mi-il eš-t[a-a-an	
742	KBo 25.125+	 {€1} Vs. I 17	5	[[ [ x x x[	
742	KBo 37.108	Vs. 1′	1	-k]án	
742	KBo 37.108	Vs. 2′!	1	]-aš	
742	KBo 37.108	Vs. 3′!	1	]GAL	
742	KBo 37.108	Vs. 4′!	1	]-ma	
742	KBo 37.108	Vs. 5′!	1	]-uš	
742	KBo 37.108	Vs. 6′!	1	]-u	
742	KBo 37.108	Vs. 7′!	1	]-u	
742	KBo 37.108	Vs. 8′!	3	]x x x x	
742	KBo 37.108	Vs. 9′!	1	]-nu	
742	KBo 37.108	Vs. 10′!	1	]-u	
742	KBo 37.108	Vs. 11′!	1	]-it	
742	KBo 37.108	Vs. 12′!	1	-i]l-lu	
742	KBo 37.108	Vs. 13′!	1	]-wu	
742	KBo 37.108	Vs. 14′!	1	]x-še	
742	KBo 37.108	Vs. 15′!	2	-z]i-i wa-še-ez-za-aš-x	
742	KBo 37.108	Vs. 16′!	2	] tu-u-mi-i-il-ti-tu-u	tu-u-mi-i-il-ti-tu-u
742	KBo 37.108	Vs. 17′!	2	]x a-ia-ru-u	a-ia-ru-u
742	KBo 37.108	Rs. 1	1	]-u	
742	KBo 37.108	Rs. 2	1	]x-an	
742	KBo 37.108	Rs. 3	1	]-u	
742	KBo 37.108	Rs. 4	1	]-šu-u	
742	KBo 37.108	Rs. 5	1	]-an	
742	KBo 37.108	Rs. 6	1	]x-u	
742	KBo 37.108	Rs. 7	1	]-e	
742	KBo 37.108	Rs. 8	1	]-te	
742	KBo 37.108	Rs. 9	1	]-u	
742	KBo 37.108	Rs. 10	1	]-ri	
742	KBo 37.108	Rs. 11	2	]x x	
742	KBo 37.108	Rs. 12	1	]-ti	
742	KBo 37.108	Rs. 13	1	]-x	
742	KBo 37.108	Rs. 14	1	]-nu	
742	KBo 37.108	Rs. 15	1	]-at	
742	KBo 37.108	Rs. 16	1	]-ú	
742	KBo 37.108	Rs. 17	1	]-ia	
742	KBo 37.108	Rs. 18	1	-i]l	
742	KUB 28.83	Vs. 1	4	[ [ [ [	
742	KUB 28.83	Vs. 2	5	[ [ -〈〈x x x〉〉	
742	KUB 28.83	Vs. 3	4	[ [ [ [	
742	KUB 28.83	Vs. 4	7	[ [ x-i-šu ḫal-wu-ut-te la-aš-ḫa-a-wi [ [	ḫal-wu-ut-te la-aš-ḫa-a-wi
742	KUB 28.83	Vs. 5	6	[ [ [ḫa-pa]l-ki-ia a-ša-ru-ú i-da-al-la ka-la-da	a-ša-ru-ú i-da-al-la ka-la-da
742	KUB 28.83	Vs. 6	5	[ [ x-ak-šu-du ma-a aš-ḫa-wu-ú-na-a-i	ma-a aš-ḫa-wu-ú-na-a-i
742	KUB 28.83	Vs. 7	5	[ [ x ta-ba-ar-na i-wa-aḫ-ru-wa	ta-ba-ar-na i-wa-aḫ-ru-wa
742	KUB 28.83	Vs. 8	4	[ [ x ta-wa-an-na-an-na	ta-wa-an-na-an-na
742	KUB 28.83	Vs. 9	2	[ [	
742	KUB 28.83	Vs. 10′	4	[ [ x a-aš-du-ug-ga-aš-šu	a-aš-du-ug-ga-aš-šu
742	KUB 28.83	Vs. 11′	4	[ [ x URUḫa-at-tu-ši-ia	ḫa-at-tu-ši-ia
742	KUB 28.83	Vs. 12′	2	[ [	
742	KUB 28.83	Vs. 13′	2	[ [	
742	KUB 28.83	Vs. 14′	2	[ [	
742	KUB 28.83	Vs. 15′	3	[ [ x-wa-ap-w[a(-)	
742	KUB 28.83	Rs. 1′!	2	[[ [	
742	KUB 28.83	Rs. 2′!	3	[ [ ===	
742	KUB 28.83	Rs. 5″!	3	i-wa-aḫ-ru-wa a-aš-da-ak-ši-du [	i-wa-aḫ-ru-wa a-aš-da-ak-ši-du
742	KUB 28.83	Rs. 6″!	3	[[ [ [m]a-a-ḫa-ú-wa	
742	KUB 28.83	Rs. 7″!	3	[ [ [w]a-an-mu-u	
742	KUB 48.47	1′	4	[ [ x x[	
742	KUB 48.47	2′	5	[[ [ -i-pí-nu pa-aḫ-ku-un x[	pa-aḫ-ku-un
742	KUB 48.47	4′	3	[a-wa-an-nu-uš [ḫa-a-aš-pí-u [l[i-	
742	KUB 48.47	7′	1	[i-ta-ap-p[a-	
742	KUB 48.47	lk. Rd.	4	[ x ma-a we-e-x[	ma-a
743	ABoT 1.40	r. Kol. 4′	1	[ḫa-pal-ki(-)[	
743	Fragm. Jendryschik	Vs. II 1	4	[ [ [-na]-a-eš [še-mi-ši-il-ma	
743	Fragm. Jendryschik	Vs. II 2	4	[i-ia-i[p- [ x x[	
743	Fragm. Jendryschik	Vs. II 3	1	lu-u[l-la	
743	Fragm. Jendryschik	Vs. II 4	3	[lu-ul-la [lu-u[l-l]a du-t[a	
743	Fragm. Jendryschik	Vs. II 5	2	[Dka-at-taḫ-ḫi-in [i-ia-ip-t[i-pí-iš	
743	Fragm. Jendryschik	Vs. II 7	3	lu-ul-la lu-ul-la lu-[ul-la	lu-ul-la lu-ul-la
743	Fragm. Jendryschik	Vs. II 8	1	[URUú-lu-uš-na-a-eš(-)[	
743	Fragm. Jendryschik	Vs. II 9	1	[zi-il-li-i[n	
743	Fragm. Jendryschik	Rs. III 1′	1	[[mi-i]š-ka-a[n(-)	
743	Fragm. Jendryschik	Rs. III 2′	4	[[ [ [-n]a-a-eš še-mi-ši-il-m[a	
743	Fragm. Jendryschik	Rs. III 3′	2	[[du-t]a-a URUú-lu-u[š(-)na-a-eš	
743	Fragm. Jendryschik	Rs. III 4′	3	[[du]-ta-a zi-il-li-in x[	zi-il-li-in
743	Fragm. Jendryschik	Rs. III 5′	3	[[du]-ta-a Dta-a-ḫa-ia mi-iš-k[a-	ta-a-ḫa-ia
743	Fragm. Jendryschik	Rs. III 6′	3	[x-na-a-eš [še-mi-ši-il-ma [u-ru-ti-ia-a[n	
743	Fragm. Jendryschik	Rs. III 7′	4	[eš-ki-mi-iš [ku-ru-wa-aš [ka-mi-li-ip [[	
743	Fragm. Jendryschik	Rs. III 8′	2	[[i-i]a-a-ip-ti-pí-iš i-ia-ip-ti-p[í-iš	
743	Fragm. Jendryschik	Rs. III 9′	1	[[lu-ul-la-a]	
743	Fragm. Jendryschik	Rs. III 10′	3	[lu-ul-la-a [l]u-ul-la-a du-ta-[a	
743	IBoT 2.31	lk. Kol. 1′	1	]-an	
743	IBoT 2.31	lk. Kol. 2′	1	]x-ir	
743	IBoT 2.31	lk. Kol. 3′a	1	]-ip	
743	IBoT 2.31	r. Kol. 3′!b	1	x[	
743	IBoT 2.31	lk. Kol. 4′a	2	[ [t]a-ak-ku-ú-un	
743	IBoT 2.31	r. Kol. 4′!b	1	al-x[	
743	IBoT 2.31	lk. Kol. 5′a	2	[ x-ip	
743	IBoT 2.31	r. Kol. 5′!b	1	i-da-a-[	
743	KBo 14.116	Vs. I 1′	3	[ [ [z]i-ú-wa-ma-a-[	
743	KBo 14.116	Vs. I 3′	5	[ [ [UR]Uḫa-at-tu-uš ku-u-ru-un a-pé-e-ma-aš-ši	ku-u-ru-un a-pé-e-ma-aš-ši
743	KBo 14.116	Vs. I 5′	5	[ [ x[ i-ia-lu-wa-i-u a-pé-e-ma-aš-ši	i-ia-lu-wa-i-u a-pé-e-ma-aš-ši
743	KBo 14.116	Vs. I 7′	4	[ [ x x	
743	KBo 14.116	Vs. I 8′	3	[ [ x-un	
743	KBo 14.122	1′	4	[ [ x ta-ḫa-ka-x[	
743	KBo 14.122	2′	4	[[ [ [-r]e-el-la LÚx[	
743	KBo 24.104	1′	1	-z]i-iš-x[	
743	KBo 24.104	2′	2	[ [t]a-ni-wa-[a-a(-)	
743	KBo 24.104	4′	2	[ ta-ni-wa-[a-a-aš	
743	KBo 24.104	5′	3	[ [n]u ta-ni-wa-[a-a-aš	
743	KBo 24.104	7′	2	[ [t]a-ni-wa-a-a-[aš	
743	KBo 24.104	10′	4	[ x-i-iš ka-a-an-na-a-i(-) [	ka-a-an-na-a-i
743	KBo 24.104	11′	2	[ [ta-ni-wa-a]-a(-)[aš	
743	KBo 37.52+	 {€1+2} 7′/Vs. 7′	3	[ma-ia-aš-ka-[am [ [	
743	KBo 37.52+	 {€2} Rs. 8	2	[ [-l]i-u-un-na	
743	KBo 37.52+	 {€2} Rs. 9	3	Dt]e-te-eš-ḫa-pí ku-ru-uš-ša-ap-pí [	te-te-eš-ḫa-pí ku-ru-uš-ša-ap-pí
743	KBo 37.52+	 {€2} Rs. 10	4	[ [(-)l]i-u-un-na li-u-un-na [	li-u-un-na
743	KBo 37.52+	 {€2} Rs. 11	5	[ [ku-ru-u]š-ta-ap-pí p[u- [ x[	
743	KBo 37.63	1′	1	]x-a-aš-š[a-	
743	KBo 37.63	4′	2	[ [k]e-e-wu-u-x[	
743	KBo 37.63	5′	2	[ -an-ša-i(-)x[	
743	KBo 37.66+	 {€2} Vs. 2′	1	]-aš	
743	KBo 37.66+	 {€2} Vs. 4′	1	]-na	
743	KBo 37.66+	 {€2} Vs. 6′	1	-i]š-ša-aš	
743	KBo 37.66+	 {€2} Vs. 8′	2	] URUa-li-ša	a-li-ša
743	KBo 37.66+	 {€1+2} r. Kol. 1′/Vs. 10′	5	[ [ x x x-zi-wi-iš-ša-aš	
743	KBo 37.66+	 {€1+2} r. Kol. 3′/Vs. 12′	2	te-wu-u-ur te-x-ḫa-a-ni-ik-ku-ú	te-wu-u-ur
743	KBo 37.66+	 {€1+2} r. Kol. 6′/Vs. 15′	2	te-pu-u-ur ḫa-aš-wu-li-nu-ú	te-pu-u-ur ḫa-aš-wu-li-nu-ú
743	KBo 37.66+	 {€2} Rs. 2	1	]-ú	
743	KBo 37.66+	 {€2} Rs. 5	1	]-a	
743	KBo 37.66+	 {€2} Rs. 8	1	]-nu	
743	KBo 37.66+	 {€2} Rs. 11	1	-n]a	
743	KBo 37.66+	 {€2} Rs. 14	1	]-nu	
743	KBo 37.67	2′	4	[[ [ [li]-ip-pí-i-nu la-ma-[	
743	KBo 37.67	3′	4	[[ [ [l]u-wa-i-ia a-pé-e-[ma-aš-ši	
743	KBo 37.67	6′	3	[[ [ -mu-wa-x[	
743	KBo 37.67	7′	3	[[ [ -ul-l[i	
743	KBo 37.68	Vs.? 1′	3	[ [ x-ru	
743	KBo 37.68	Vs.? 2′	4	[ [ ta-ba-ar-na le-e-wu-u-ur	ta-ba-ar-na le-e-wu-u-ur
743	KBo 37.68	Vs.? 3′	4	[ [ ta-wa-an-na-na le-e-wu-u-ur	le-e-wu-u-ur
743	KBo 37.68	Vs.? 11′	8	[[ [ x-[a]p-ta-at ki-nu-nu-uš nam-ma Ú-UL a-še-eš-kán-zi [	ki-nu-nu-uš nam-ma a-še-eš-kán-zi
743	KBo 37.68	Vs.? 13′	8	[[ [ x a-ri-e iš-ta-an-na-a-an i-pí-u-ḫi ar-ku-wa-an-zi [	a-ri-e iš-ta-an-na-a-an i-pí-u-ḫi ar-ku-wa-an-zi
743	KBo 37.68	Vs.? 14′	3	[ i-pí-u-ḫi ar-ku-wa-an-zi	i-pí-u-ḫi ar-ku-wa-an-zi
743	KBo 37.69	3′	3	[ [l]e-el-li ḫ[al-zi-an-zi	
743	KBo 37.69	5′	3	[ -ša ḫal-zi-an-z[i	
743	KBo 37.69	6′	4	[ -aš-na la-a-ta [	la-a-ta
743	KBo 37.69	7′	3	[ -a-i ku-ú[	
743	KBo 37.70	Vs.? 3′	2	š]a-ḫa-a-wa-aš ma-aš-ta-i-li-u	ša-ḫa-a-wa-aš ma-aš-ta-i-li-u
743	KBo 37.70	Vs.? 5′	2	]-u-ur ta-ru-li-il-li-i-in	ta-ru-li-il-li-i-in
743	KBo 37.70	Vs.? 6′	1	ta-i-e-lu-wa-i-u	ta-i-e-lu-wa-i-u
743	KBo 37.70	Vs.? 7′	1	]-u	
743	KBo 37.70	Vs.? 9′	2	D]le-e-lu-wa-ni-i ka[t-te	le-e-lu-wa-ni-i
743	KBo 37.70	Vs.? 10′	2	[ a-ru-u-še-e-x[	
743	KBo 37.70	Vs.? 11′	3	[ [-p]u [	
743	KBo 37.72	r. Kol. 2′	4	[[ [ x-an-ku-úr [	
743	KBo 37.72	r. Kol. 8′	2	[[lu]-wa-i-ia ú-[	
743	KBo 53.223	7′	4	[ x-ši-ú a-pé-e-ma-aš-ši [	a-pé-e-ma-aš-ši
743	KBo 53.223	10″	6	[ [la-a-i-i]a a-re-el-la a-p[é-e-ma-aš-ši [kat-ta-an [ar-ku-wa-an-zi	a-re-el-la
743	KBo 53.223	11″	3	[ x-i-ia a-re-el-l[a-	
743	KBo 56.251	2′	1	-i]a-a-li-i	
743	KBo 56.251	4′	2	]x x-a-ia-li-x[	
743	KBo 56.251	5′	2	[ -ú-[	
743	KBo 67.258	1	2	te-w]u-u-ur t[e-	te-wu-u-ur
743	KUB 28.107+	 {€1} Vs. I 2′	3	[ [ x-ia	
743	KUB 28.107+	 {€1} Vs. I 3′	3	[ [ [lu-u]l-la	
743	KUB 28.107+	 {€1} Vs. I 5′	3	[ [ x-wa-a-ia	
743	KUB 28.107+	 {€1} Vs. I 6′	3	[ [ lu-ul-la	lu-ul-la
743	KUB 28.107+	 {€1} Vs. II 3	2	[pa-ap-ša-na-ú-un [x[	
743	KUB 28.107+	 {€1} Vs. II 4	3	[ma-aš [Dḫal-la-ra [[	
743	KUB 28.107+	 {€1} Vs. II 8	2	[ta-a-i-li-ia [lu-[	
743	KUB 28.107+	 {€1} Vs. II 11	2	[ta-a-ia [lu-[	
743	KUB 28.107+	 {€1} Vs. II 14	2	[ú-wa-la [ta-a-i[a	
743	KUB 28.107+	 {€1} Vs. II 17	1	[ú-wa-la(-)[	
743	KUB 28.107+	 {€2} Vs. (II) 3′	2	-m]a da-a-i-ia	da-a-i-ia
743	KUB 28.107+	 {€2} Vs. (II) 6′	2	]x lu-wa-ia	lu-wa-ia
743	KUB 28.107+	 {€2} Vs. (II) 10′	2	p]í-it-ta-ma-a-i-ú a-pé-e-ma-a[š]-ši	pí-it-ta-ma-a-i-ú
743	KUB 28.107+	 {€2} Vs. (II) 11′	3	]x-ta-a-i pí-it-ta-ma-ar KI.MI[N]	pí-it-ta-ma-ar
743	KUB 28.107+	 {€2} Vs. (II) 12′	4	]x ki-mu-ut ki-i-mu-ud-da ki-i-mu-u[d-d]a	ki-mu-ut ki-i-mu-ud-da
743	KUB 28.107+	 {€2} Vs. (II) 14′	2	]x-ta KI.MIN	
743	KUB 28.107+	 {€2} Vs. (II) 16′	4	a]-al-lu-wa-ia a-pé-e-ma-aš-ši GAM-an ar-ku-wa-an-zi	a-al-lu-wa-ia a-pé-e-ma-aš-ši ar-ku-wa-an-zi
743	KUB 28.107+	 {€2} Vs. (II) 17′	4	] i-li-lu-wa-a-ia la-a-ma i-li-lu-wa-ia	i-li-lu-wa-a-ia la-a-ma i-li-lu-wa-ia
743	KUB 28.107+	 {€2} Vs. (II) 20′	3	pa-i]a-lu-wa-a-ia ḫa-a-ma-an-zi-ra-ḫu iz-zi-it-ta-i-li-ú	pa-ia-lu-wa-a-ia ḫa-a-ma-an-zi-ra-ḫu iz-zi-it-ta-i-li-ú
743	KUB 28.107+	 {€2} Vs. (II) 21′	1	]x-wa-a-lu	
743	KUB 28.107+	 {€2} Vs. (II) 23′	5	ta-a-aḫ-z]u-aḫ-za pa-ma-ak-ku-la-ma i-ia ú-wa-la a-pé-e-ma-aš-ši	ta-a-aḫ-zu-aḫ-za pa-ma-ak-ku-la-ma i-ia ú-wa-la a-pé-e-ma-aš-ši
743	KUB 28.107+	 {€2} Vs. (II) 25′	5	] Dḫal-la-ra ta-a-aḫ-zu-uḫ-za pa-ma-ak-ku-la-am-ma a-lu-ul-la	ḫal-la-ra ta-a-aḫ-zu-uḫ-za pa-ma-ak-ku-la-am-ma a-lu-ul-la
743	KUB 28.107+	 {€2} Vs. (II) 27′	5	]-i-ia-x-ia ú-wa-la a-pé-e-ma-aš-ši GAM-an ar-ku-wa-an-zi	ú-wa-la a-pé-e-ma-aš-ši ar-ku-wa-an-zi
743	KUB 28.107+	 {€2} Vs. (II) 29′	3	]x ta-ba-ar-na-an URUa-ri-in-na	ta-ba-ar-na-an a-ri-in-na
743	KUB 28.107+	 {€2} Vs. (II) 30′	2	]-ip-pí le-e-ša-mu-ul-la	le-e-ša-mu-ul-la
743	KUB 28.107+	 {€2} Vs. (II) 32′	2	ta-ba]-ar-na-an URUa-ri-in-na	ta-ba-ar-na-an a-ri-in-na
743	KUB 28.107+	 {€2} Vs. (II) 33′	1	le-e-š]a-mu-ul-l[a]	
743	KUB 28.107+	 {€2} Rs. (III) 3′	7	-p]í-lu-x x eš x zi x[ [	eš zi
743	KUB 28.107+	 {€2} Rs. (III) 5′	4	i-le-e]l-li-ia a-pé-e-ma-aš-ši GAM-an ar-[ku-wa-an-zi]	i-le-el-li-ia a-pé-e-ma-aš-ši
743	KUB 28.107+	 {€2} Rs. (III) 6′	3	] i-le-el-li-i[a [	
743	KUB 28.107+	 {€2} Rs. (III) 7′	4	-i]a a-pé-e-ma-aš-ši GAM-an ar-ku-wa-an-zi	a-pé-e-ma-aš-ši ar-ku-wa-an-zi
743	KUB 28.107+	 {€2} Rs. (III) 8′	4	]-a ta-a-i-ia i-li-il-li-i[a [	ta-a-i-ia
743	KUB 28.107+	 {€2} Rs. (III) 9′	4	] ḫa-at-ma-a-ar ḫa-ni-wa-šu-u a-pé-e-ma-[aš]-š[i]	ḫa-at-ma-a-ar ḫa-ni-wa-šu-u
743	KUB 28.107+	 {€2} Rs. (III) 10′	2	-t]a-a i-li-il-li-ia	i-li-il-li-ia
743	KUB 28.107+	 {€2} Rs. (III) 11′	1	]x-ia	
743	KUB 28.107+	 {€2} Rs. (III) 12′	3	(-)ki-g]a-ap-pu pí-id-du-ka-at-ti a-pé-e-ma-aš-ši	ki-ga-ap-pu pí-id-du-ka-at-ti a-pé-e-ma-aš-ši
743	KUB 28.107+	 {€2} Rs. (III) 13′	3	](-)ki-ga-ap-pu pí-id-du-ka-at-ti KI.MIN	ki-ga-ap-pu pí-id-du-ka-at-ti
743	KUB 28.107+	 {€2} Rs. (III) 14′	2	i-ip-pí-zi]-i-na-ar-nu ḫu-u-un-zi-na-ar-n[u	i-ip-pí-zi-i-na-ar-nu
743	KUB 28.107+	 {€2} Rs. (III) 15′	3	[ x-zi i-ip-pí-zi-na-ar	i-ip-pí-zi-na-ar
743	KUB 28.107+	 {€2} Rs. (III) 17′	3	-k]a-lu-uk-ka₄-lu a-pé-e-ma-aš-ši GAM-an	a-pé-e-ma-aš-ši
743	KUB 28.107+	 {€2} Rs. (III) 18′	3	-n]i ka-a-lu-uk-ka₄-lu KI.MIN	ka-a-lu-uk-ka-lu
743	KUB 28.107+	 {€2} Rs. (III) 19′	3	t]a-a-ú-ri-aš-pu a-pé-e-ma-aš-ši GAM-an	ta-a-ú-ri-aš-pu a-pé-e-ma-aš-ši
743	KUB 28.107+	 {€2} Rs. (III) 20′	3	] ta-a-ú-ri-aš-pu KI.MIN	ta-a-ú-ri-aš-pu
743	KUB 28.107+	 {€2} Rs. (III) 21′	3	](-)i-u-ma-aš-wi a-pé-e-ma-aš-ši [GAM-an]	i-u-ma-aš-wi a-pé-e-ma-aš-ši
743	KUB 28.107+	 {€2} Rs. (III) 22′	2	]x-i-u-ma-aš-wi K[I.MIN]	
743	KUB 28.107+	 {€2} Rs. (III) 23′	3	-az-z]i-ku-u-ru a-pé-e-[ma-aš-š]i GAM-an	
743	KUB 28.107+	 {€2} Rs. (III) 24′	2	]x-az-z[i-ku-u-ru [K]I.MIN	
743	KUB 28.107+	 {€2} Rs. (III) 25′	4	]x x[ [ x-aš-na-an-ḫu	
743	KUB 28.107+	 {€2} Rs. (III) 32′	1	]x-il-la	
743	KUB 28.109	1′	2	]-ta-an [	
743	KUB 28.109	4′	3	[ x ta-ḫal-ḫa-l[i	
743	KUB 28.109	7′	3	[ -a-ap te-we-e-[	
743	KUB 28.109	10′	3	[ -a t[e-	
743	KUB 28.111	1′	2	]x [pu-u]d-du-uz-z[i	
743	KUB 28.111	2′	4	[ x pu-ud-du-uz-zi [	pu-ud-du-uz-zi
743	KUB 28.111	3′	3	[ i-ta-a-la-ak-ku-u-ru k[i-	i-ta-a-la-ak-ku-u-ru
743	KUB 28.111	5′	3	[ [(-)i-ta-a(-)la-ak-k]u-u-ru ki-ip-tu-uš-tu-[uḫ-ḫi-il	
743	KUB 28.111	6′	3	[ [-r]u ki-ip-tu-uš-tu-u[ḫ-ḫi-il	
743	KUB 28.111	7′	3	[ (-)tu-uš-tu-uḫ-ḫi-il [	
743	KUB 28.111	8′	3	[ (-)tu-uš-tu-uḫ-ḫi-il [	
743	KUB 28.111	9′	2	[ [t]a-ak-ke-e-ḫa-a[l	
743	KUB 28.111	10′	6	[ x x x x an x[	an
743	KUB 28.112	1′	1	](-)ḫal-x-x-x[	
743	KUB 28.112	2′	3	[ x-it-ḫu [	
743	KUB 28.112	3′	3	[ x [	
743	KUB 28.112	4′	3	[ [a-re-e]l-la [	
743	KUB 28.112	5′	4	[ [ta-a-i-w]u-ur-nu pa-ap-ta-nu-ut-ta-ti [	pa-ap-ta-nu-ut-ta-ti
743	KUB 28.112	6′	4	[ x-ta-ga-aḫ-zi ta-a-i-wu-ur-nu [	ta-a-i-wu-ur-nu
743	KUB 28.112	7′	5	[ -e a-re-el-la la-a-i-ia a-re-el-l[a	a-re-el-la la-a-i-ia
743	KUB 28.112	8′	4	[ [t]a-ia-aḫ-ku-un ma-a(-)〈〈aš〉〉 ta-ba-ar-na	ta-ba-ar-na
743	KUB 28.112	9′	5	[ x-e-ḫu ta-i-aḫ-ku-na ma-a(-)〈〈aš〉〉 ta-ba-ar-[na	ta-i-aḫ-ku-na
743	KUB 28.112	10′	4	[ la-a-i-ia a-re-el-la [	la-a-i-ia a-re-el-la
743	KUB 28.112	11′	5	[ [t]a-ia-aḫ-ku-un-na ma-a wa-a-ra-a-i-u a-p[é-e-ma-aš-ši	ma-a wa-a-ra-a-i-u
743	KUB 28.112	12′	5	[ x-e-ḫu ta-ia-aḫ-ku-na ma-a wa-a-[ra-a-i-u	ta-ia-aḫ-ku-na ma-a
743	KUB 28.112	13′	4	[ [l]a-a-ia a-re-el-la [	a-re-el-la
743	KUB 28.112	16′	5	[ [a-lu-u]l-la la-a-i-ia a-lu-ul-la [	la-a-i-ia a-lu-ul-la
743	KUB 28.112	17′	4	[ [pa-at-t]u-mi-li tu-ḫa-wu-ra-el a-p[é-e-ma-aš-ši	tu-ḫa-wu-ra-el
743	KUB 28.112	18′	4	[ x pa-at-tu-mi-li tu-ḫa-wu-r[a-el	pa-at-tu-mi-li
743	KUB 28.112	20′	4	[ [-š]a pa-a-tu-ḫa-nu-wa a-pé-e-ma-aš-š[i	pa-a-tu-ḫa-nu-wa
743	KUB 28.112	21′	4	[ x-ša pa-a-tu-ḫa-nu-wa [	pa-a-tu-ḫa-nu-wa
743	KUB 28.113	Rs.(?) 3	5	[[ [ -me-i-ú-u zu-wa-a-lu-ú-u ta-i-[	zu-wa-a-lu-ú-u
743	KUB 28.113	Rs.(?) 5	2	[e-eš-ka-am-ma-ma-a-an [še-ep-še-i-[il	
743	KUB 28.113	Rs.(?) 7	2	[zi-i-pí-ik-ku-ti [i-wa-ḫa-[	
743	KUB 28.113	Rs.(?) 9	2	[[š]e-ep-še-i-il [	
743	KUB 28.113	Rs.(?) 11	3	[[ [ -ri-ú-iz-zi-x[	
743	KUB 28.113	Rs.(?) 13	3	[[ [ x-an(-)[	
743	KUB 28.115	Rs. III 1′	1	ma-a(-)ta-ak-ke-e-[ḫal	
743	KUB 28.115	Rs. III 2′	1	[ma-a(-)ta-ak-ke-e-ḫal-x[	
743	KUB 28.115	Rs. III 3′	1	[ma-a(-)ta-ak-ke-e-ḫa[l-	
743	KUB 28.115	Rs. III 4′	1	[ta-ba-ar-[na	
743	KUB 28.115	Rs. III 7′	2	[te-e-ku-u-lu-me-eš [ḫa-a-ta-w[a-	
743	KUB 28.115	Rs. III 8′	2	[ta-a-ru-li-li [ma-a(-)te-li-[	
743	KUB 28.115	Rs. III 10′	3	[mu-ḫa-a-ip-pí-in [a-pé-e-ma-aš-ši [kat-t[a-an	
743	KUB 28.115	Rs. III 11′	2	[te-ek-na-a-ap(-)mu-pí-i-in [mu-ḫa-a-[ip-pí-in	
743	KUB 28.115	Rs. III 12′	2	[te-ek-na-a-ap-mu-pí-i-in [mu-ḫa-a-i[p-pí-in	
743	KUB 28.115	Rs. III 13′	2	[ka-la-za-aš-šu-ú-uš [ḫa-a-t[a-	
743	KUB 28.115	Rs. III 14′	1	[ḫa-a-ta-wa-[	
743	KUB 28.116	Vs. II 4′	2	te-wa-a-ti-i te-ka-a-ra-mu-un	te-wa-a-ti-i te-ka-a-ra-mu-un
743	KUB 28.116	Vs. II 7′	3	[še-e]p-še-i-li-nu u-[ta]ḫ-ḫar-i-il te-ki-i-ru-ul	te-ki-i-ru-ul
743	KUB 28.116	Vs. II 10′	7	[ [ x-a-ma a-[ x-mu-ut te-et-ḫa-wa-[ [	
743	KUB 28.116	Rs. III 1′	3	[ [ x-du-x[	
743	KUB 28.116	Rs. III 3′	4	[ [ [t]e-ez-zi-ta-al-l[i [	
743	KUB 28.116	Rs. III 4′	2	[ [	
743	KUB 28.117	2′	3	[ x-ku-u-ru t[a-	
743	KUB 28.117	5′	4	[[ [ [zi]-i-ḫar-šu [	
743	KUB 28.117	12′	5	[[ [ [-z]i a-wa-aš-pí-tu [	a-wa-aš-pí-tu
743	KUB 47.108	1′	1	]x-wu-u-[	
743	KUB 47.108	3′	3	[ [ḫ]a-a-ep-pí-in [	
743	KUB 47.108	5′	3	[ x-wu-u-ri a-p[é-e-ma-aš-ši	
743	KUB 47.108	6′	3	[ [a-ḫ]u-ul-la š[e(-)	
743	KUB 47.108	7′	3	[ x še-x[	
743	KUB 48.29	Vs.? 4′	3	[ [-d]a-a le-el-[	
743	KUB 48.29	Vs.? 5′	2	[-m]a-a-ia ú-[	
743	KUB 48.29	Vs.? 7′	2	[-m]a-a-ia x[	
743	KUB 48.29	Rs.? 4′	3	i-pé-e-ra-i-[u] x x(-)[	
743	KUB 48.29	Rs.? 5′	1	[i-ia-a-x[	
743	KUB 48.29	Rs.? 6′	2	[eš-ka-a-am-ma-am-ma [[	
743	KUB 48.29	Rs.? 7′	1	[i-ia-ia-lu-u	
743	KUB 48.29	Rs.? 8′	2	[i-pé-e-ra-i-u [tu-x[	
743	KUB 48.40	1′	2	]x-ḫu ta-[	
743	KUB 48.40	3′	3	[ x-at ka-az-zu-x[	
743	KUB 48.40	4′	3	[ pa-ma-a-ia-a URUlu-ú-[	pa-ma-a-ia-a
743	KUB 48.40	5′	2	[ [zi-i]n-ku-ru-wa-aš	
743	KUB 48.40	6′	2	]x-ma-ak-ku-ú-wa(-)ta-a-ia lu-wa-a-ia	lu-wa-a-ia
743	KUB 48.40	7′	1	]x-ma-ak-ku-ú-wa	
743	KUB 48.40	8′	1	]-pí	
743	KUB 48.40	9′	2	]x te-e-er	te-e-er
743	KUB 48.40	10′	5	]x x[ [ x-ar [	
744	CHDS 4.201	4′	2	[ [ḫ]a-i-wa-za(-)x[	
744	CHDS 4.201	5′	3	[ -wu-u [	
744	CHDS 4.201	6′	2	[ x-wi-i-iš[	
744	DBH 46_2.165	Vs. II 13′	5	[[ [ x-ḫi wa-wa-aḫ-du [	wa-wa-aḫ-du
744	HFAC 92	1′	2	]x-zu-li x[	
744	HFAC 92	2′	3	[ x-ḫi-i-iš iš-x[	
744	HFAC 92	3′	2	[ x-wa-aš-ḫa-wi-pí	
744	HFAC 92	4′	2	] te-e-et(-)ḫa-wa-[	
744	HFAC 92	5′	3	[ [wa]-za-aš-ḫa-wi-pí uš-[	
744	HFAC 92	6′	3	[ [te-e]k-ku-un-ku-uḫ-ḫu-wa [	
744	HFAC 92	7′	3	[ [li-ip-zi-pí]-ku-uk-ka₄ te-e[p-ku-un-ku-uḫ-ḫu-wa	
744	HFAC 92	8′	3	[ ti-en-ti-ia x[	ti-en-ti-ia
744	HFAC 92	9′	3	[ [wa-il-lu-u-m]u-ul iš-ḫa-wa-pu-[uš-ne	
744	HFAC 92	10′	3	[Dšu-šu-ma-a-ḫ]i a-ri-ia a-x[	a-ri-ia
744	HHT 69	Rs.? III 1′	2	[ [-z]i-pé-e(-)[	
744	HHT 69	Rs.? III 2′	2	[ [le]-e-wa-a-ša-a[ḫ	
744	HHT 69	Rs.? III 3′	2	[[li-ik-ka₄-zu-i-ma-a]ḫ šu-ú-uk-k[a-ti	
744	HHT 69	Rs.? III 4′	2	[ [l]e-e-ḫi-i-na-a[š	
744	HHT 69	Rs.? III 5′	3	[ x-te-e x[	
744	HHT 69	Rs.? III 6′	2	[ [z]i-ia-aḫ-t[u	
744	HHT 69	Rs.? III 7′	2	[ (-)nu-ú-u-pí(-)[	
744	HHT 69	Rs.? III 8′	2	[ [-ri]-(-)ú-un-t[e	
744	HHT 69	Rs.? III 9′	2	[ [n]u-ú(-)[	
744	IBoT 2.44	6′	2	[e-tu-ta-šu-it [x[	
744	IBoT 2.44	7′	2	[ša-a-ú-e-ḫu [te-[	
744	KBo 20.69+	{€1+2} Vs.? 1′	4	[ [ x x[	
744	KBo 20.69+	{€1+2} Vs.? 2′	4	[[ [ x-ia x[	
744	KBo 20.69+	{€1+2} Vs.? 3′	4	[[ [ [ta-i]-ia lu-ú-wa-a-i-[ia	
744	KBo 20.69+	{€1+2} Vs.? 9′	5	[ [ za-ḫ[a- [ -na	
744	KBo 20.69+	{€1+2} Vs.? 10′	6	[ [ x [ [ x-a-ia	
744	KBo 20.69+	{€1} Vs.? 11′	3	[ [ -na	
744	KBo 20.69+	{€1} Vs.? 12′	2	[ [	
744	KBo 20.69+	{€1} Rs.? 1′	4	[ [ x [	
744	KBo 20.69+	{€1} Rs.? 2′	3	[[ [ x-a-da-ni-[	
744	KBo 20.69+	{€1} Rs.? 3′	3	[[ [ x-lu-ú-wa-[	
744	KBo 20.69+	{€1} Rs.? 4′	4	[[ [ x [	
744	KBo 21.84	Rs. IV 2	4	[pu-ul-la [ka-an-ni(-)zi-il-la [x [[	
744	KBo 21.84	Rs. IV 3	2	[Dta-ši-mi-iz [[	
744	KBo 23.98	Vs. (I) 1′	2	]x x[	
744	KBo 23.98	Vs. (I) 2′	4	[ x-uk-x[ x-ta-a x[	
744	KBo 23.98	Vs. (I) 3′	2	[-t]i-ip ni-im-ḫu-tu-u-x[	
744	KBo 23.98	Vs. (I) 4′	3	[ (-)ki-na-re-e-et-pa le-e-[	
744	KBo 23.98	Vs. (I) 5′	4	[ [-A]Ḫ le-e-eš-di-it a-aḫ-k[u-	le-e-eš-di-it
744	KBo 23.98	Vs. (I) 6′	4	[ -eš-di-it a-ap-ta-aš te-[	a-ap-ta-aš
744	KBo 23.98	Vs. (I) 7′	4	[ x-it a-am-mi-iš te-x[	a-am-mi-iš
744	KBo 23.98	Vs. (I) 8′	4	[ x aḫ-ka-a-nu-u nu-x[	aḫ-ka-a-nu-u
744	KBo 23.98	Vs. (I) 9′	4	[ x-in pa-aš-šu ip-x[	pa-aš-šu
744	KBo 23.98	Vs. (I) 10′	3	[ -nu-un-nu-ú-un ḫ[ar-	
744	KBo 23.98	Vs. (I) 11′	2	[ (-)i-tu-ú-uk-ka(-)[	
744	KBo 23.98	Vs. (I) 12′	3	[ [p]a-wa-ra-ak x[	
744	KBo 23.98	Vs. (I) 13′	3	[ [p]a-ma-ak-ku [	
744	KBo 23.98	Vs. (I) 14′	2	[ [p]a-ma-ak-k[u	
744	KBo 23.98	Vs. (I) 15′	3	[ x pa-li-[	
744	KBo 23.98	Vs. (I) 16′	3	[ [-ma-a]k-ku gam-k[u-	
744	KBo 23.98	Vs. (I) 17′	3	[ x x[	
744	KBo 25.110	Vs. I 1′	1	a-k[a-	
744	KBo 25.110	Vs. I 2′	1	[ta-x[	
744	KBo 25.110	Vs. I 3′	1	[a-k[a-	
744	KBo 25.110	Vs. I 4′	1	[ta-m[a-	
744	KBo 25.110	Vs. I 5′	1	[ta-wa-a[r-	
744	KBo 25.110	Vs. I 6′	1	[eš-ta-a-[	
744	KBo 25.110	Rs. 1′	1	[ta-x-[x	
744	KBo 25.110	Rs. 2′	1	[ka-a-[x	
744	KBo 25.110	Rs. 3′	1	[ka-a-[x	
744	KBo 25.110	Rs. 4′	1	[ma-a-[x	
744	KBo 25.110	Rs. 5′	1	[ma-a-[x	
744	KBo 25.110	Rs. 6′ 	1	[ma-a-[x	
744	KBo 25.126	9′	4	[ [te-wa-aš]-ḫa-am ti-ia-a-at x[	ti-ia-a-at
744	KBo 25.127+	{€7} Vs.? 3′	4	[ ku-u-uḫ-tum-ma ta-ru-uḫ-tu [	ku-u-uḫ-tum-ma ta-ru-uḫ-tu
744	KBo 25.127+	{€7} Vs.? 4′	4	[ -un-wa-a-al ku-uḫ-tu-un LÚGUD[U₁₂	ku-uḫ-tu-un
744	KBo 25.127+	{€7+6} Vs.? 6′/6′	3	[ [-g]i-it-ta ki-iš-ge-e-x[	
744	KBo 25.127+	{€7+6} Vs.? 7′/7′	3	[ in-ta-a ta-ba-ar-n[a	in-ta-a
744	KBo 25.127+	{€7+4+6} Vs.? 8′/Rs.? III 8′/8′	3	[ [-e]k-zu-u-li-il [	
744	KBo 25.127+	{€4+6} Rs.? III 9′/9′	3	[ e-ek-zu-u-li-il [	e-ek-zu-u-li-il
744	KBo 25.127+	{€4} Rs.? III 10′	4	[ x-ḫi-in tu-u-ḫu le-e-pu-lu(-)[	tu-u-ḫu
744	KBo 25.127+	{€4} Rs.? III 11	5	[ x ku-li-i-ip ta-nu-u-us-tu-uš x[	ku-li-i-ip ta-nu-u-us-tu-uš
744	KBo 25.127+	{€4} Rs.? III 12′	4	[ x-ta-a-aš-ki-nu-u Dwa-zu-ú-ul-la x[	wa-zu-ú-ul-la
744	KBo 25.127+	{€4} Rs.? III 13′	4	[ -x-ia ga-wu-u-ti-li-i-iš ia-a-ia-w[a-	ga-wu-u-ti-li-i-iš
744	KBo 25.127+	{€4+2} Rs.? III 14′/Rs. (III) 1′	7	[ x(-)te-e ma-al-ḫi-ip-wa AḪ-ga-al-li-e-en(-)[ [ x x	ma-al-ḫi-ip-wa
744	KBo 25.127+	{€3+4+2} Rs.? 1′/Rs.? III 15′/Rs. (III) 2′	3	]x te-ku-u-un-ku-ḫu-a te-ga-wu-u-ti-li-iš-x	te-ku-u-un-ku-ḫu-a
744	KBo 25.127+	{€3+4+2} Rs.? 2′/Rs.? III 16′/Rs. (III) 3′	3	] te-zi-i-ta-ḫi-il-x Dḫa-te-pí-nu-ú-un	ḫa-te-pí-nu-ú-un
744	KBo 25.127+	{€2} Rs. (III) 4′	1	up-x-li	
744	KBo 25.127+	{€1+3} Rs.? III 1′/Vs.? 2′	3	[ [te-w]a-a-aš-ḫa-am ti-i[a-a-at	
744	KBo 25.127+	{€1+3+2} Rs.? III 6′/Vs.? 7′/Vs. (II) 1′	6	[ te-wa-a-aš-ḫa-am ti-ia-a-at LUGAL-u[š [ x-e[	te-wa-a-aš-ḫa-am ti-ia-a-at
744	KBo 25.153	1′	1	]x[	
744	KBo 25.153	2′	2	[ x-x[	
744	KBo 25.153	3′	2	[ x-a-ḫi-i[n	
744	KBo 25.153	4′	2	[ [l]e-e-ḫa-z[u	
744	KBo 25.153	5′	3	[ [-š]a-a-an le-[	
744	KBo 25.153	6′	3	[ x-tu-uš-ma x[	
744	KBo 25.153	7′	3	[ -ú-ul ia-x[	
744	KBo 25.153	8′	3	[ x za-ru-[	
744	KBo 25.153	9′	3	[ x x[	
744	KBo 25.38	2′	1	a-ḫa-a	a-ḫa-a
744	KBo 27.33	2′	3	[ x-eš-te-u-ul ku-u-[	
744	KBo 37.112	Vs. 2′	1	[eš-di-x[	
744	KBo 37.112	Rs. 1	3	[[ [ -x-x-ta-wa-ia-x[	
744	KBo 37.119	4′	2	[te-et-wu-ur [[	
744	KBo 37.139	1′	3	]x ZI x[	
744	KBo 37.139	2′	2	[ x-a-la-pí-x[	
744	KBo 37.139	3′	3	[ -ma-aš-ša-zi x[	
744	KBo 37.139	4′	3	[ [ḫ]u-ma-aš-ša-kat-zi [	
744	KBo 37.139	5′	3	[ x x a-zi-iš-kal-[	
744	KBo 37.139	6′	6	[ x x x uš x [	uš
744	KBo 37.140	4′	3	[ (-)ul-za-tu-u-e in-x[	
744	KBo 37.140	5′	3	[ (-)ru-mi-na-a ma-ak-x[	
744	KBo 37.140	6′	4	[ x x(-)ki-ra-wa-nu-un [	
744	KBo 37.140	7′	4	[ -e-eg-ga-e-eš ša-a [	ša-a
744	KBo 37.140	8′	3	[ a-ut-ti tu-[	a-ut-ti
744	KBo 37.140	9′	3	[ x-ša-a k[a₄-	
744	KBo 37.145	1′	2	]x x[	
744	KBo 37.145	2′	2	(-)a-ma-a-ta-še-e-na ša-a-le-e-[	
744	KBo 37.145	3′	5	[ (-)a-ma aš-ši ka-aḫ-tu-ut-tu wa-a-x[	aš-ši ka-aḫ-tu-ut-tu
744	KBo 37.145	4′	4	[ -ia-še-na še-le-e-ep wa-a-ap-[	še-le-e-ep
744	KBo 37.29	Rs. IV 9′	1	[eš-ta-a-[an	
744	KBo 37.29	Rs. IV 10′	1	[pu-u-ru-ši-mu(-)[	
744	KBo 37.76	3′	6	[ x x[ [ x te-x[	
744	KBo 37.76	5′	4	[ x-tu-uš ka-a-i-nu x[	ka-a-i-nu
744	KBo 37.76	6′	3	[ -ia-li-na-a-ia-a a-x[	
744	KBo 37.77	1′	1	š]a-a-il[	
744	KBo 37.77	2′	2	[-i]l iš-ta-ru-u(-)[	
744	KBo 37.77	3′	3	[ x-zu-ur-na-a-an [	
744	KBo 37.77	4′	2	[ x-ni-wa-aš-ma(-)ḫa-li-šu-n[i(-)	
744	KBo 37.77	5′	2	[še]-e-ḫa-na-a-al eš-pí-i-il(-)[	
744	KBo 37.77	6′	2	[ x-ka(-)ta-ak-ku-mi-iš(-)ka₄-a-an[	
744	KBo 37.77	7′	3	[ x-we-en-na ka-tu-u-u[r	
744	KBo 37.77	8′	2	[ x-wa-a-tu-ḫa-nu-[	
744	KBo 37.77	9′	3	[ x [	
744	KBo 37.77	10′	2	[ x-m[u	
744	KBo 37.77	11′	3	[ x x[	
744	KBo 37.77	12′	2	[ x-a[n	
744	KBo 37.77	13′	2	[ x-ḫu(-)[	
744	KBo 37.78	5′	1	ar-ru-[u	
744	KBo 37.78	7′	1	[ar-r]u-u	
744	KBo 37.79	Rs. V 1′	1	a-a[r-ru	
744	KBo 37.79	Rs. V 3′	1	ar-ru-u	ar-ru-u
744	KBo 37.79	Rs. V 4′	1	ar-ru-u	ar-ru-u
744	KBo 37.80	Vs. 2′	1	[a]r-ru-u	
744	KBo 37.81	Vs.? 2	3	[ x le-e-x[	
744	KBo 37.84	3′	2	]x-ut [	
744	KBo 37.84	4′	2	]x [	
744	KBo 37.84	5′	1	]x-wu-m[a	
744	KBo 37.84	6′	1	-w]a-aḫ-d[u	
744	KBo 37.84	7′	3	]x-ḫe-el [ [	
744	KBo 37.84	8′	3	w]a-šu-ú-ul [ [	wa-šu-ú-ul
744	KBo 37.84	9′	1	]x-wu-ut-ma	
744	KBo 37.84	10′	2	]x-pi-x-[ -ut	
744	KBo 37.84	11′	2	]-an wa-ši-ú-un	wa-ši-ú-un
744	KBo 37.84	12′	1	]x(-)ḫa-an-wa	
744	KBo 37.84	13′	3	p]a-la im-ma ḫa-a[n-	pa-la im-ma
744	KBo 37.84	14′	2	[ -la	
744	KBo 37.86	Rs. 1′	1	]-ú-un[	
744	KBo 37.86	Rs. 2′	2	]x-še-nu-u[n [	
744	KBo 37.86	Rs. 3′	2	]-i-wa(-)x(-)[ [	
744	KBo 37.86	Rs. 4′	1	]x-pa	
744	KBo 37.86	Rs. 5′	2	] [	
744	KBo 37.86	Rs. 6″	2	]x-še-et-ta-ú [	
744	KBo 37.86	Rs. 7′	3	] [ [	
744	KBo 37.87	7′	4	[ x-i na-wa-a-aš?- ḫa-[ap	
744	KBo 37.87	8′	3	[ x-ši-ú(-)x x[	
744	KBo 37.88	Vs. 1′	3	[ [ -ú-x[	
744	KBo 37.88	Vs. 2′	1	[[z]i-i-wi-x[	
744	KBo 37.88	Vs. 3′	1	[túḫ-ku-ú-t[úḫ(-)	
744	KBo 37.88	Vs. 4′	2	[dup-pa-a [dup-p[a-	
744	KBo 37.88	Vs. 5′	1	[še-eš-pu-zi-x[	
744	KBo 37.88	Vs. 6′	2	[ú-wa-aḫ [š[u-	
744	KBo 37.88	Vs. 7′	1	[ú-wa-pí-ši-x[	
744	KBo 37.88	Vs. 8′	1	[ḫa-an-wa-a-[	
744	KBo 37.88	Vs. 9′	1	[ša-i-il-[	
744	KBo 37.88	Vs. 10′	1	[ḫa-ú-w[a-	
744	KBo 37.88	Vs. 11′	1	[wu-u-u[n(-)	
744	KBo 37.89	Rs. 9′	2	]x wa-a-wa-i-il	wa-a-wa-i-il
744	KBo 37.89	Rs. 10′	1	g]a-ra-am	ga-ra-am
744	KBo 37.90	Vs.? 11″	2	-a]n-za šu-up-ti-ma-a-w[a	
744	KBo 37.90	Vs.? 12″	3	[ [t]a-a-ru uš-šu-uḫ-ti	uš-šu-uḫ-ti
744	KBo 37.90	Vs.? 13″	2	]x iš-ša-an-ke-e	iš-ša-an-ke-e
744	KBo 37.92	4′	4	[ [ta-w]a-a-ar-na ka-a-at-te [	ka-a-at-te
744	KBo 37.92	5′	3	[kur-ku-w]e-e-en-na 〈〈ḫa〉〉 [	
744	KBo 37.92	6′	3	[ -ru-u-a-ap-pa(-)pa-la [	
744	KBo 37.92	7′	3	[ [-a]m-pu-le-e ḫa-ap-zu-a[	
744	KBo 37.92	8′	2	[ -a-an-u-[	
744	KBo 37.93	1′	3	(-)p]í-i-in KI.MIN x[	pí-i-in
744	KBo 37.93	2′	2	[ta-ia-a-a]n ka-zi-in-w[a-	
744	KBo 37.93	3′	3	[ [t]a-i-ma-a-an ka-zi-i[n-wa(-)	
744	KBo 37.93	4′	5	[ x x eš-ḫa-wú-ú-un l[i-	eš-ḫa-wú-ú-un
744	KBo 37.93	5′	3	[ [-i]p-ḫu iš-te-e-ḫa-zi(-)[	
744	KBo 37.93	6′	4	[ -a-pí i-me-el-li un-x[	i-me-el-li
744	KBo 37.93	7′	4	[ -we-e-el ku-li-i-ip [	ku-li-i-ip
744	KBo 37.93	8′	3	[ x-wa-az-zi-in ta-nu-u(-)[	
744	KBo 37.93	9′	3	[ [w]a-aḫ-tu-ú-il ka-a-at-[te	
744	KBo 37.93	10′	3	[ (-)ú-wa-il i-tu-ú-up-ḫi-i[l	
744	KBo 37.93	11′	2	[up-ḫ]a-a-pu-lu-up-ta-a-an eš-z[i-	
744	KBo 37.93	14′	3	[ut-ḫ]u-ru-u ta-a-ru ka-a-at-[te	ta-a-ru
744	KBo 37.93	15′	4	[ x-u-up lu-u-la-ap-tu [	lu-u-la-ap-tu
744	KBo 37.93	16′	2	[ku-l]i-i-ip x[	
744	KBo 37.94	Vs. 1′	3	] ke-e-[ [	
744	KBo 37.94	Vs. 2′	3	]x-ma [ [	
744	KBo 37.94	Vs. 3′	3	]x ta-az-zu-wa-š[i [	
744	KBo 37.94	Vs. 4′	3	]x-x-x-x-an-a-mu wa-x[ [	
744	KBo 37.94	Vs. 5′	3	]x ku-uš-ši-e-mu-ku-li-x[ [	
744	KBo 37.94	Vs. 6′	3	]-ta-ak-ša-an ta-a-i[a [	
744	KBo 37.94	Vs. 7′	4	n]i ta-az-zu-wa-ši-ú-i-nu [ [	ni ta-az-zu-wa-ši-ú-i-nu
744	KBo 37.94	Vs. 8′	4	]x ku-ne-ra iš-kat-te-e[ [	ku-ne-ra
744	KBo 37.94	Vs. 9′	4	p]a za-li-nu-i-nu [ [	pa za-li-nu-i-nu
744	KBo 37.94	Vs. 12′	2	t]a-az-zu-wa-ši-[ [	
744	KBo 37.94	Rs. 1	4	l]i-na-a-i-u a-li-na [ [	li-na-a-i-u a-li-na
744	KBo 37.94	Rs. 2	5	] li-na-a-i-u a-li-na [ [	li-na-a-i-u a-li-na
744	KBo 37.94	Rs. 3	4	]x(-)iš-ku-ú-uz-zi-ne 〈〈x x〉〉 ša-i-[	
744	KBo 37.94	Rs. 4	6	[ x-i 𒉽 la-še-e la-la-e ma-al-ḫi-i[p	la-še-e la-la-e
744	KBo 37.94	Rs. 5	1	[(-)w]a-ar-wa-ši-i-ú-ni	
744	KBo 37.94	Rs. 6	1	k]a-al-li-ku-uz-zi-ne	ka-al-li-ku-uz-zi-ne
744	KBo 37.94	Rs. 7	3	]x-ma-ḫu ka-a-aš-ša-i-li ka-az-te-ma-[	ka-a-aš-ša-i-li
744	KBo 37.94	Rs. 8	2	[ x-ik-ma-aš-ka-ia-ru	
744	KBo 37.94	Rs. 9	5	] 𒉽 𒉽 𒉽 [	
744	KBo 37.94	Rs. 10	6	[ 𒉽 𒉽 𒉽 𒉽 [	
744	KBo 37.94	Rs. 11	6	[ 𒉽 𒉽 𒉽 𒉽 [	
744	KBo 37.94	Rs. 12	3	[ x-te-ia [	
744	KBo 37.94	Rs. 13	2	[ [t]a-a-ḫu-ru-ú-š[a	
744	KBo 37.94	Rs. 14	2	[ [	
744	KBo 37.94	Rs. 15	2	[ [-z]i-la-ši(-)[	
744	KBo 37.94	Rs. 16	3	[ šu-u A[N	
744	KBo 37.95	Rs.? 2′	1	[wa-ar-mu-[	
744	KBo 37.95	Rs.? 3′	2	[iz-zi-i [te-[	
744	KBo 37.95	Rs.? 4′	1	[iš-ke-et-t[a	
744	KBo 37.96	1′	1	]x[	
744	KBo 37.96	2′	2	[ [-ḫ]a-ne-eš-nu-u[ḫ	
744	KBo 37.96	3′	3	[ x-ti-i [	
744	KBo 37.96	4′	2	(x)-x-ip te-tu-ú-ḫ[a-	
744	KBo 37.96	5′	2	te-tu-ú-ḫa-wa-aš [	te-tu-ú-ḫa-wa-aš
744	KBo 37.96	6′	3	[ -e-eš-kat-te-en ki-i-i[p-	
744	KBo 37.96	7′	1	[(-)k]a-wu-u-te-li-i-[iš	
744	KBo 37.96	8′	3	[ 〈〈x〉〉 te-ep-ku-un(-)[ku-uḫ-ḫu-wa	
744	KBo 37.96	9′	2	[ te-ep-ku-un(-)[ku-uḫ-ḫu-wa	
744	KBo 37.96	10′	5	[ x x x x x[	
744	KBo 37.97	Vs. 1′	1	[te-ku-u]n-ku-uḫ-ḫu-[u-a	
744	KBo 37.97	Vs. 2′	1	[[te-k]u-un-ku-uḫ-ḫu-u-[a	
744	KBo 37.97	Vs. 3′	2	[[t]e-ku-un-ku-uḫ-ḫu-a [	
744	KBo 37.97	Vs. 4′	1	[te-ep-ku-un-ku-uḫ-ḫ[u-	
744	KBo 37.97	Vs. 5′	1	[te-ep-ku-un-ku-uḫ-ḫ[u	
744	KBo 37.97	Vs. 6′	3	[te-en-te-ia [du-ḫa-ru [[	
744	KBo 37.97	Vs. 7′	1	[wa-il-lu-u-mu-ul(-)[	
744	KBo 37.97	Vs. 8′	2	[[š]u-u-šu-ma-aḫ ka-[	
744	KBo 37.97	Vs. 9′	4	[[ [ x-ia m[a-	
744	KBo 37.97	Vs. 10′	3	[[ [ x[	
744	KBo 37.97	Vs. 11′	1	[[t]e-wu-x(-)[	
744	KBo 37.97	Vs. 12′	2	[te-ep-pu-ut [t[e-	
744	KBo 37.97	Vs. 13′	2	[Dwa-šu-u-un [x[	
744	KBo 37.97	Vs. 14′	2	[ši-i-in [li-x[	
744	KBo 37.97	Vs. 15′	1	[te-ez-zi(-)AḪ-kán-[	
744	KBo 37.97	Vs. 16′	1	[ka-a-ra-a-mu(-)[	
744	KBo 37.98	Rs. 1′	2	ta-ba-ar-n]a ka-a[t-te	ta-ba-ar-na
744	KBo 37.98	Rs. 2′	3	[ [ta-ba-ar-n]a ka-a[t-te	
744	KBo 37.98	Rs. 3′	4	[ [ka-a]t-te pa-la t[e-	pa-la
744	KBo 37.98	Rs. 4′	3	[ x ka-pu-u-ti-li-x[	
744	KBo 37.98	Rs. 5′	4	[ x[ x-wu-ru-un-ti-na [	
744	KBo 37.98	Rs. 6′	3	[ x(-)ta-pu-u-ut pu-u-ru-u[š(-)	
744	KBo 37.98	Rs. 7′	2	[ x(-)ka-at-te-e(-)ta-li-x[	
744	KBo 37.98	Rs. 8′	2	[ -wa-x(-)ka-at-taḫ(-)da-li-[	
744	KBo 37.98	Rs. 9′	3	[ [t]a-ba-ar-na-an te-ep-k[u-	
744	KBo 37.98	Rs. 10′	3	[ [ta]-wa-an-na-na-an te-ep-k[u-	
744	KBo 37.98	Rs. 11′	4	[ [l]i-pí-nu pa-la li-ip-zi-p[í-nu	pa-la
744	KBo 37.98	Rs. 12′	3	[ [te-ep-ku-u]n-ku-uḫ-ḫu-ú-a [	
744	KBo 37.98	Rs. 13′	3	[ -uš te-en-te-i[a	
744	KBo 37.98	Rs. 13a′	3	[ 〈〈x x〉〉[	
744	KBo 37.98	Rs. 14′	4	[ x x x[	
744	KBo 42.10	r. Kol. 1′	3	x[ [ x[	
744	KBo 42.10	r. Kol. 2′	1	[ḫa-a-ḫa-aš-zi(-)x[	
744	KBo 42.10	r. Kol. 3′	1	[te-ḫa-ap-zu-u-x[	
744	KBo 42.10	r. Kol. 4′	2	[wa-ka-ma-a-ru [[	
744	KBo 42.10	r. Kol. 5′	2	[wa-ka-ma-a-ru [m[a-	
744	KBo 42.10	r. Kol. 6′	2	[wa-ka-ma-a-ru [m[a-	
744	KBo 42.10	r. Kol. 7′	1	[wa-ka-ma-a-[ru	
744	KBo 46.156	lk. Kol. 10′	1	te-eš-x	
744	KBo 54.226	4′	3	[ [pa-l]a tap-pí-in-nu-w[a	
744	KBo 54.226	5′	4	[ x x ka-tu-u[ḫ	
744	KBo 54.226	6′	3	[ [-l]a-a-ia x[	
744	KBo 54.227	1′	1	](-)a-pu-[	
744	KBo 54.227	2′	3	[ [l]e-e-ši-[in [le-e-wa-ši-in	
744	KBo 54.227	3′	2	[ka-a]t-te ši-i[p-zi-il	
744	KBo 54.227	4′	2	[ [te]-e-wu-uš-n[e	
744	KBo 54.227	5′	2	[te-w]a-aš-ḫa-ap a-ši-[wa-la	
744	KBo 54.227	6′	3	[ [-l]i-ia iš-[ta-aḫ-ḫu-u-ḫu	
744	KBo 54.227	7′	3	[ [t]a-ba-ar-na [	
744	KBo 54.227	8′	2	[ [-i]k-ka-r[i	
744	KBo 54.227	9′	3	[ x x [	
744	KBo 56.180	1′	3	[ [ x-wa-aš-ḫu-u[z-	
744	KBo 57.212	5′	3	[ [-a]š(-)ka-a-at-ti [	
744	KBo 57.214+	 {€1} 1′	5	[ [ x x[ [	
744	KBo 57.214+	 {€1} 2′	4	[ [ [(-)l]e-e[(-) [	
744	KBo 57.214+	 {€1+2} 3′/Vs. III 2′	5	[ [ [-w]a-ša-[ [ x	
744	KBo 57.214+	 {€1+2} 4′/Vs. III 3′	6	[ [ (-)ša-i-i[l [ [-u]š ki-i-ip	ki-i-ip
744	KBo 57.214+	 {€1+2} 5′/Vs. III 4′	5	[ [ (-)zu-ur-na-a-[an [ -u-i	
744	KBo 57.214+	 {€1+2} 6′/Vs. III 5′	4	[ [ [ta-ni]-i-wa-aš-ma ḫ[a-l]e-e-šu-u-ni-ip	
744	KBo 57.214+	 {€1+2} 7′/Vs. III 6′	6	[ [ [eš-w]i-e-el(-)še-e x[ [ x-a-al	
744	KBo 57.214+	 {€1+2} 8′/Vs. III 7′	4	[ [ [ša]-i-il ki-i-[i]p-pa	
744	KBo 57.214+	 {€1+2} 9′/Vs. III 8′	6	[ [ x x[ [ x-ak-ku-mi	
744	KBo 57.214+	 {€2} Vs. III 9′	4	[ [ x wu-ru-un-ši-mu	wu-ru-un-ši-mu
744	KBo 57.214+	 {€2} Vs. III 10′	4	[ [ [-w]e-en-na ka-tu-u-ur	ka-tu-u-ur
744	KBo 57.214+	 {€2} Vs. III 11′	3	[ [ -a-wa-ak-ka-tu-úr	
744	KBo 57.214+	 {€2} Vs. III 12′	2	wa-a-tu-ú-ḫa-nu ḫa-le-e-ḫé-er	wa-a-tu-ú-ḫa-nu ḫa-le-e-ḫé-er
744	KBo 57.214+	 {€2} Vs. III 13′	2	ez-zi-i-le-eš-šu-ú wa-aš-ti-ke-e-na-aš	ez-zi-i-le-eš-šu-ú wa-aš-ti-ke-e-na-aš
744	KBo 57.214+	 {€2} Vs. III 14′	1	ta-le-e-te-mu-ur-mu-ur-nu-ú	ta-le-e-te-mu-ur-mu-ur-nu-ú
744	KBo 57.214+	 {€2} Vs. III 15′	1	[w]a-tu-ú-uk-šu-u-ul-pa	
744	KBo 57.214+	 {€2} Vs. III 16′	4	[ x-wa-ra-a-i-u-šu ka-a ḫu-uz-zi-ia-a	ka-a ḫu-uz-zi-ia-a
744	KBo 57.214+	 {€2} Vs. III 17′	3	[UR]Uzi-ip-la-an-di-i-el [ [	
744	KBo 57.214+	 {€2} Vs. III 18′	5	[ [ x-na [ [	
744	KBo 57.214+	 {€2} Vs. III 19′	4	[ [ x[ [	
744	KBo 58.128+	{€3} Rs. IV 11′	4	[ta-a-ru [ḫ]a-a-i-wa-[ip [AḪ-ḫa-nu [šu-up-ga-he-el]	
744	KBo 58.322	2′	3	[ x-a-x-ki x[	
744	KBo 58.322	3′	4	[ x ga-ši-túḫ-ḫa [	ga-ši-túḫ-ḫa
744	KBo 58.322	4′	2	x te-ep-ḫa-x[	
744	KBo 59.169	Vs. r. Kol. 1	5	[t]u-u-um-mi-il šu-u-ru [SÌR] D x[	šu-u-ru
744	KBo 59.169	Vs. r. Kol. 2	4	[ta-a-ru [le-we-el-mu-u-uḫ [SÌR [D[	
744	KBo 59.169	Vs. r. Kol. 3	3	[x-e-du-wa-ad-du [SÌR [D[	
744	KBo 59.169	Vs. r. Kol. 4	2	[[ta-b]a-ar-na x[	
744	KBo 60.218	Rs.? 1′	2	]x-at [	
744	KBo 60.218	Rs.? 2′	2	[ [	
744	KBo 60.218	Rs.? 3′	2	[ le-e-pé-e[n]-le	
744	KBo 60.218	Rs.? 4′	2	-e]š-wu-u-ur x[	
744	KBo 61.235	1′	2	Dte-l]i-pí-nu-ú [	te-li-pí-nu-ú
744	KBo 61.235	2′	3	[ x-wu-ru-ú a[n-	
744	KBo 61.235	3′	3	[ [De]š-ta-nu-ú [	
744	KBo 61.235	5′	2	[ [ḫ]u-up-pár-ra-a[n	
744	KBo 61.235	6′	2	[ x-pa-x[	
744	KBo 64.175	1′	3	[ [ KI.[MIN]	
744	KBo 64.175	2′	4	[ [ -lu-u-pa K[I.MIN]	
744	KBo 64.175	3′	4	[ [ x-an-te-eḫ-ḫi-e [KI.MIN]	
744	KBo 64.175	4′	4	[ [ ARAD-iš KI.MI[N]	
744	KBo 64.175	5′	4	[ [ (-)ḫu-u-ru-up-pu KI.MI[N]	
744	KBo 64.175	6′	4	[ [ x-šu-u-pa-an-za KI.[MIN]	
744	KBo 64.175	8′	3	[ [ x-pí-it-ta	
744	KBo 64.175	9′	5	[ [ x te-e-te KI.MIN	te-e-te
744	KBo 64.175	10′	4	[ [ [t]a-ú-wa-aḫ-ša KI.MIN	
744	KBo 64.175	11′	4	[ [ x-iš-ka₄-aḫ-ḫi-ni-e-x K[I.MIN]	
744	KBo 64.175	12′	3	[ [ x-ḫa-ni-iḫ-x[	
744	KBo 64.176	Rs.? 1′	4	[[ [ x gu-pa-a-wa(-)x[	
744	KBo 64.176	Rs.? 2′	5	[[ [ wa-ap-wa-ri-ia x[ [	wa-ap-wa-ri-ia
744	KBo 64.307+	{€2+1} Vs. 4′/4′	2	[tág-ga-ap-za-ni-li-mu [Dpa-[	
744	KBo 64.307+	{€2+1} Vs. 5′/5′	2	[za-du-zi-iš-tu-u [t[i-	
744	KBo 64.307+	{€2+1} Vs. 6′/6′	4	[[ [ x-ti-mi-ša-ša-u [	
744	KBo 64.307+	{€2} Rs. 1	1	[ti-ma-za(-)x[	
744	KBo 64.307+	{€2} Rs. 2	1	[ip-ša-a-[	
744	KBo 64.307+	{€2} Rs. 3	1	[ta-ba-a[r-na	
744	KBo 64.307+	{€2} Rs. 4	1	[ta-ba-a[r-na	
744	KBo 64.307+	{€2} Rs. 5	2	[[ -mi-nu(-)[	
744	KBo 68.109	5″	3	[ x za-aš-wi-[nu	
744	KBo 71.28	Rs. IV/VI 14′	3	[[ [ -pa-zi-el-[	
744	KBo 71.28	Rs. IV/VI 15′	5	[[ [ x x x[	
744	KBo 71.89	Vs. 1′	1	[da-a]-r[u	
744	KBo 71.89	Vs. 2′	2	[[LUGA]L-te-e [	
744	KBo 8.139	Vs. 2′	2	-u-ḫu wu-u-ri-šu-u-[	
744	KBo 8.139	Vs. 3′	3	[-g]a-am-za mi-iš x[	mi-iš
744	KBo 8.139	Vs. 4′	3	[ x-mu-ur ga-az-[	
744	KBo 8.139	Vs. 5′	2	[-i]p-pé ši-du-u[p	
744	KBo 8.139	Vs. 6′	2	[-t]e-še-e-pal ma-a-[	
744	KBo 8.139	Vs. 7′	4	[ x ma-še-el-la ú-x[	ma-še-el-la
744	KBo 8.139	Vs. 8′	2	[ ḫa-a-pa(-)li-li(-)ú(-)tap-nu(-)[	
744	KBo 8.140	Vs.? 1′	2	]x-ḫa x[	
744	KBo 8.140	u. Rd. 2′	3	[ x a-an-pa-š[u	
744	KBo 8.140	u. Rd. 3′	4	[ x wu-u-ur-[ [	
744	KBo 8.140	Rs.? 9′	3	[ -ú ša-za-ta-z[i	
744	KBo 8.140	Rs.? 10′	3	[ x-a ú-wa-aš(-)[	
744	KUB 1.14	Vs. II 3′	1	a[r-l]u-ú-ia	
744	KUB 1.14	Vs. II 4′	1	wa-ú-ia	wa-ú-ia
744	KUB 1.14	Vs. II 15′	2	[t]a-ba-ar-na ka-at-ti	ka-at-ti
744	KUB 1.14	Vs. II 16′	2	[kur-k]u-ui-i-na Dzi-li-pu-ri	zi-li-pu-ri
744	KUB 1.14	Vs. II 17′	2	[l]i-ik-ku-ru an-ta-ka-šu-uḫ	an-ta-ka-šu-uḫ
744	KUB 1.14	Vs. II 18′	1	[ta]-ḫi-il(-)pa-a-ú-un	
744	KUB 1.14	Vs. II 19′	2	[p]í-ú-ku ḫu-up-pí-iš	ḫu-up-pí-iš
744	KUB 1.14	Vs. II 20′	1	[t]i-šu-uk(-)ki-iš-ta-a-an	
744	KUB 1.14	Vs. II 21′	2	[ḫ]a-ti-i-la-a-at te-ri-ia-an	te-ri-ia-an
744	KUB 1.14	Vs. II 22′	4	[UR]Uḫa-at-tu-uš ḫa-az-zi-in-gu[l- [ [-z]i	
744	KUB 1.14	Vs. II 23′	3	[ [ -x-[n]i	
744	KUB 28.100	Vs.(?) III(?) 1′	2	]šu-up-g[a-ḫe-el [	
744	KUB 28.100	Vs.(?) III(?) 2′	3	li-wa]-a-ša-aḫ šu-up-g[a-ḫe-el [	li-wa-a-ša-aḫ
744	KUB 28.100	Vs.(?) III(?) 3′	2	li-i]k-ka₄-zu-i-ma-aḫ-[ [	
744	KUB 28.100	Vs.(?) III(?) 4′	3	šu-u]k-ka₄-ti [ [	šu-uk-ka-ti
744	KUB 28.100	Vs.(?) III(?) 5′	2	l]e-e-ku-ut le-e-ḫa-a[ḫ-ši-im]	le-e-ku-ut
744	KUB 28.100	Vs.(?) III(?) 6′	2	M]E-EŠ le-e-ḫi-na-aš	le-e-ḫi-na-aš
744	KUB 28.100	Vs.(?) III(?) 7′	2	le]-e ták-ki-ḫa-ú-un	le-e ták-ki-ḫa-ú-un
744	KUB 28.100	Vs.(?) III(?) 8′	2	]x-ma ḫa-wa-aš-ḫa-ap	ḫa-wa-aš-ḫa-ap
744	KUB 28.103	Vs. I 1′	2	[ x-x-x-x[	
744	KUB 28.103	Vs. I 2′	2	[ka-at-ti [te-e[p-	
744	KUB 28.103	Vs. I 3′	2	[ka-at-taḫ [te-ep-k[u	
744	KUB 28.103	Vs. I 4′	2	[le-e-wi-in [le-e[p-	
744	KUB 28.103	Vs. I 5′	1	[te-ep-ku-un-ku-uḫ-ḫu-w[a	
744	KUB 28.103	Vs. I 6′	2	[le-e-wu-u-ur [ti-e[n-ti-ia	
744	KUB 28.103	Vs. I 7′	1	[iš-ḫa-wa-pu-uš-ne[	
744	KUB 28.103	Vs. I 8′	2	[Dšu-šu-ma-a-ḫi [a-r[i-	
744	KUB 28.105	Vs.(?) II(?) 7′	2	[ta-a-ru [[	
744	KUB 28.105	Vs.(?) II(?) 8′	1	[le-wa-a-[ša-aḫ	
744	KUB 28.105	Vs.(?) II(?) 9′	1	[li-ik-k[a₄-zu-i-ma-aḫ	
744	KUB 28.105	Vs.(?) II(?) 10′	1	[le-e-k[u-ut	
744	KUB 28.105	Vs.(?) II(?) 11′	1	[le-e-ḫ[i-na-aš	
744	KUB 28.108	1′	1	]x(-)x[	
744	KUB 28.108	2′	4	[ x-la-ia-li[ [ x-la-ia[	
744	KUB 28.108	3′	4	[ ta-li-ia x ta-wa-aḫ-ša[	
744	KUB 28.108	5′	4	[ [-e]š-taḫ-ḫa-ar a-pé-e-ma-aš-ši [	a-pé-e-ma-aš-ši
744	KUB 28.108	7′	3	[ -taḫ-ḫa-ar ši-ip-ši-i-il[	
744	KUB 28.108	8′	3	[ e-nu-ka-ra-mu [	
744	KUB 28.108	15′	2	[ [-w]u-ur-x[	
744	KUB 28.45	Vs. I 1′	2	a-n[a [	
744	KUB 28.45	Vs. I 2′	2	le-e[ [	
744	KUB 28.45	Vs. I 3′	3	pa-at x[ [	pa-at
744	KUB 28.45	Vs. I 4′	2	ka-le-e[ [	
744	KUB 28.45	Vs. I 5′	2	wa-la-at[ [	
744	KUB 28.45	Vs. I 6′	2	te-eš-šu-ka-x[ [	
744	KUB 28.45	Vs. I 7′	2	wa-zi-i-wi-i[n [	
744	KUB 28.45	Vs. I 8′	2	šu-li-i-in-ka-t[e [	
744	KUB 28.45	Vs. I 9′	3	te-tu-ú-up ḫa-wa-a-[ [	te-tu-ú-up
744	KUB 28.45	Vs. I 10′	2	a-ni-i(-)ip-za-ar-ši-i(-)x[ [	
744	KUB 28.45	Vs. I 11′	3	kap-pa-a-ri le-e-le-[ [	kap-pa-a-ri
744	KUB 28.45	Vs. I 12′	2	wa-tu-ú-ia(-)ma-at-ta-x[ [	
744	KUB 28.45	Vs. I 13′	3	ta-a-ḫa-at-ku-u-uz li-i-[ [	ta-a-ḫa-at-ku-u-uz
744	KUB 28.45	Vs. I 14′	3	pí-in-na-a-an un-tu-ú-t[a- [	pí-in-na-a-an
744	KUB 28.45	Vs. I 15′	4	ta-i-ma-a-an ta-na-a-ia x-[ [	ta-i-ma-a-an ta-na-a-ia
744	KUB 28.45	Vs. I 16′	4	un-tu-ú-[u]ḫ-ši-in ú-ut-wa [ [	ú-ut-wa
744	KUB 28.45	Vs. I 17′	2	ḫa-wu-ru-na-a-iš aḫ-zi-il	ḫa-wu-ru-na-a-iš aḫ-zi-il
744	KUB 28.45	Vs. I 18′	3	le-e-za-ú-e taḫ-ku-ú ap-pa-li-i	le-e-za-ú-e taḫ-ku-ú ap-pa-li-i
744	KUB 28.45	Vs. I 19′	3	[ [ [k]a-at-te-e	
744	KUB 28.45	Vs. I 20′	3	[ [ [-u]z-zu-u-ul	
744	KUB 28.45	Vs. I 21′	3	[ [ x-eš-ti-pu-še	
744	KUB 28.60	Vs. lk. Kol. 1′	3	[ [ x[	
744	KUB 28.60	Vs. lk. Kol. 2′	2	[[p]a-la šu-u[n-	
744	KUB 28.60	Vs. lk. Kol. 3′	2	[i-da-a-ma [pa-l[a	
744	KUB 28.60	Vs. lk. Kol. 4′	3	[i-da-a-ḫal-mu-na [[ [===	
744	KUB 28.60	Vs. lk. Kol. 5′	4	[a-ša-a [a-ša-a [ta-a-ru [[	
744	KUB 28.60	Vs. lk. Kol. 6′	2	[zu-li-ia-an-ma [k[a-	
744	KUB 28.60	Vs. lk. Kol. 7′	2	[zi-ip [kur-ku-we-e[n-na	
744	KUB 28.60	Vs. lk. Kol. 8′	2	[a-ša-a [ḫa-le-e[n-	
744	KUB 28.60	Vs. lk. Kol. 9′	2	[ka-aš-ši-ma [še-ma-[al-ḫi-ip	
744	KUB 28.60	Vs. lk. Kol. 10′	2	[a-ša-a [PÚka-š[i-	
744	KUB 28.60	Vs. lk. Kol. 11′	1	[še-ma-al-ḫi-[ip	
744	KUB 28.60	Vs. lk. Kol. 12′	2	[[a]-ša-a ḪUR.SA[G	
744	KUB 28.60	Rs. lk. Kol. 1′	4	[[ [ x x[	
744	KUB 28.60	Rs. lk. Kol. 2′	2	[[š]a-[a]-i-il l[i-	
744	KUB 28.60	Rs. lk. Kol. 3′	2	[wu-u-[u]r ti-en-ti-x[	
744	KUB 28.60	Rs. lk. Kol. 4′	2	[ti-e-ḫa-an-ta [kán-[	
744	KUB 28.60	Rs. lk. Kol. 5′	1	[wu-u-ur(-)ša-a-i-i[l	
744	KUB 28.60	Rs. lk. Kol. 6′	1	[te-ḫa-ar-ki-ma-aḫ-ḫ[a	
744	KUB 28.60	Rs. lk. Kol. 7′	1	[Dwa-ši-ú(-)ul-[	
744	KUB 28.60	Rs. lk. Kol. 8′	2	[te-ḫa-ar-ki-ma-aḫ [te-w[u-u-ti-ia	
744	KUB 28.60	Rs. lk. Kol. 9′	3	[i-da-a [ta-ba-ar-na [x[	
744	KUB 28.60	Rs. lk. Kol. 10′	2	[wu-u-ur [ki-im-me-iš(-)[	
744	KUB 28.60	Rs. lk. Kol. 11′	2	[te-wu-u-ti-ia [ta-ba-a[r-na	
744	KUB 28.60	Rs. lk. Kol. 12′	2	[ka-at-te(-)ma-ne [x[	
744	KUB 28.60	Rs. lk. Kol. 13′	2	[[n]e-wa-ap-šu [	
744	KUB 28.62	1′	1	zi-p[í-	
744	KUB 28.62	2′	1	[ta-wa-a[r	
744	KUB 28.62	3′	1	[te-ep-pu-u-x[	
744	KUB 28.62	4′	1	[le-e-ta-i-x[	
744	KUB 28.62	5′	1	[nu-zu-u-pu-ur[	
744	KUB 28.62	6′	1	[zi-pí-iš-ku-u[	
744	KUB 28.62	7′	1	[MUNUSta-wa-an-na-an-n[a-	
744	KUB 28.62	8′	2	[te-ep-pu-li-a [t[e-	
744	KUB 28.62	9′	1	[[t]e-ta-a-i-zi-we-[ku-u-ka(-)	
744	KUB 28.62	10′	4	[[ [ x zi-in-na[	
744	KUB 28.71	Vs. lk. Kol. 1′	1	-m]a-aḫ(-)x[	
744	KUB 28.71	Vs. lk. Kol. 2′	4	[ [l]i-ia-li-ip [ [¬¬¬	
744	KUB 28.71	Vs. lk. Kol. 3′	3	[ [t]a-le-e-eš-du-uš [	
744	KUB 28.71	Vs. lk. Kol. 4′	3	[ [-u]š-pí-it ta-ḫa-ak-[	
744	KUB 28.71	Vs. lk. Kol. 5′	4	[ x-li-ni-tu-ur pa-la-a [	pa-la-a
744	KUB 28.71	Vs. lk. Kol. 6′	3	[ta-ba-a]r-na-an kat-te-e ḫe-e-n[a	kat-te-e
744	KUB 28.71	Vs. lk. Kol. 7′	4	[ x-ur-ta-a-al-pí-le-e [ [===	
744	KUB 28.71	Vs. lk. Kol. 8′	2	[ -li-ma-wa-at-x[	
744	KUB 28.71	Vs. lk. Kol. 9′	4	[ x x a-aḫ-ša-[	
744	KUB 28.71	Vs. lk. Kol. 10′	4	[ x x x[	
744	KUB 28.71	Rs. lk. Kol. 1′	2	[ x-wa-u-x[	
744	KUB 28.71	Rs. lk. Kol. 2′	5	[ [-i]n ḫa-an-wa-aš zi-ip-pa-aš-ku-u [	ḫa-an-wa-aš zi-ip-pa-aš-ku-u
744	KUB 28.71	Rs. lk. Kol. 3′	5	[ x-e-et zi-i-u a-an-te-ma [	zi-i-u a-an-te-ma
744	KUB 28.71	Rs. lk. Kol. 4′	4	[ [-t]i ka-la-ba-e ú-i-zi-i[l	ka-la-ba-e
744	KUB 28.71	Rs. lk. Kol. 5′	4	[ [p]a-la-a a-am-pí-iš [	a-am-pí-iš
744	KUB 28.71	Rs. lk. Kol. 6′	4	[ [l]e-e ḫa-pal-ki-ia-an [	ḫa-pal-ki-ia-an
744	KUB 28.71	Rs. lk. Kol. 7′	4	[ x-x-a a-an-taḫ-ḫi-il [	a-an-taḫ-ḫi-il
744	KUB 28.71	Rs. lk. Kol. 8′	5	[ x še-er te-et-ka-pu-ut-ta [	še-er te-et-ka-pu-ut-ta
744	KUB 28.71	Rs. lk. Kol. 9′	4	[ pa-la-a te-ḫa-wa-wa-ia [	pa-la-a te-ḫa-wa-wa-ia
744	KUB 28.71	Rs. lk. Kol. 10′	3	[ -iš-ša-li-ip [	
744	KUB 28.71	Rs. lk. Kol. 11′	4	[ [ta-ba-ar-n]a ka-at-ti [	ka-at-ti
744	KUB 28.71	Rs. lk. Kol. 12′	2	[ x[	
744	KUB 28.81	Vs. II 1	1	]-te-wa	
744	KUB 28.81	Vs. II 2	2	]x-ta-a-le-wa te-et-ti-waₓ	te-et-ti-wa
744	KUB 28.81	Vs. II 3	3	]x pa-la ta-a-ḫe-el-ma	pa-la ta-a-ḫe-el-ma
744	KUB 28.81	Vs. II 4	2	-n]u ḫa-te-eš-tu	ḫa-te-eš-tu
744	KUB 28.81	Vs. II 5	2	]x in-da-a	in-da-a
744	KUB 28.81	Vs. II 6	2	]-az-pa eš-ta-a-ak-tu-[w]e-en-t[u]	
744	KUB 28.81	Vs. II 7	1	]-ru-pa-a-ti	
744	KUB 28.81	Vs. II 8	3	]x pa-li i-tu-u-ul-le-e	pa-li i-tu-u-ul-le-e
744	KUB 28.81	Vs. II 9	2	]x-šu-u-ut šu-úr-ma-ik-ḫa-na	šu-úr-ma-ik-ḫa-na
744	KUB 28.81	Vs. II 10	1	]x-ḫa-a-na-ne-ša-az	
744	KUB 28.81	Vs. II 11	2	]x a-ta-ka-a-aḫ-za-aš	a-ta-ka-a-aḫ-za-aš
744	KUB 28.81	Vs. II 12	2	]x-ḫu te-e-ḫe-et-wa	te-e-ḫe-et-wa
744	KUB 28.81	Vs. II 13	2	] a-an-ta-i	a-an-ta-i
744	KUB 28.81	Vs. II 14	2	]x-ta-i a-an-ta-i-x	
744	KUB 28.81	Vs. II 15	2	l]i-mu-uḫ a-an-ta-i-wa	li-mu-uḫ a-an-ta-i-wa
744	KUB 28.81	Vs. II 16	2	-r]u-mu-šu-mu a-[an-t]a-i-wa	
744	KUB 28.81	Vs. II 17	1	a-an]-ta-i-wa	a-an-ta-i-wa
744	KUB 28.81	Vs. II 18	1	]x-ri	
744	KUB 28.91+	{€1} Rs. IV 1	1	ú-ka-wa-ra-i-u	ú-ka-wa-ra-i-u
744	KUB 28.91+	{€1} Rs. IV 2	1	ma-a-wa-wa-aḫ	ma-a-wa-wa-aḫ
744	KUB 28.91+	{€1} Rs. IV 3	1	iz-zi-zi-ip-pu-li-ia	iz-zi-zi-ip-pu-li-ia
744	KUB 28.93	Vs. 7′	3	[ [d]a-a-ru ka-at-[ti	
744	KUB 28.93	Vs. 8′	3	[ [LUGA]L-te-e pa-r[a-a-ma-kán	
744	KUB 28.94	Vs. I 7′	3	[da-a-ru [ka-at-ti [[	
744	KUB 28.94	Vs. I 8′	2	[LUGAL-te-e [pa-ra-a-ma-ká[n	
744	KUB 28.95	Vs.(?) II 3	2	[[t]a-ba-ar-na ka-a[t-ti	
744	KUB 28.95	Vs.(?) II 4	2	[[Dz]i-li-pu-ri le-e-ku-ru-[un	
744	KUB 28.95	Vs.(?) II 5	2	[ta-ḫi-il-pa-ú-un [u-wa-[	
744	KUB 28.95	Vs.(?) II 6	2	[šu-uk-ka₄-ša-an [ḫa-di-i-l[a-a-at	
744	KUB 28.95	Vs.(?) II 7	5	[[ x x x[ URUḫa-at-tu-š[a	
744	KUB 28.95	Rs.(?) III 2′	1	a-ḫa-a	a-ḫa-a
744	KUB 28.96	3′	1	[a]r-lu-u-ia	
744	KUB 28.96	5′	1	[wa-ú-i]a	
744	KUB 28.96	6′	1	[a]r-lu-u-ia	
744	KUB 28.96	7′	1	[wa-ú-i]a	
744	KUB 28.96	19′	2	[ta-ba-a]r-na ka-at-ti	ka-at-ti
744	KUB 28.96	20′	5	[ [ [-wi-i-na [Dz]i-li-pu-u-ri [	
744	KUB 28.96	21′	4	[ [ x[ [	
744	KUB 28.97	Vs. II 13′	2	]x-u-up te-ka-a-an-te-mi-nu-pa-zu-ti	te-ka-a-an-te-mi-nu-pa-zu-ti
744	KUB 28.97	Vs. II 14′	1	ḫ]u-ma-ša-al-mu-u-ti	ḫu-ma-ša-al-mu-u-ti
744	KUB 28.97	Vs. II 15′	1	]x-wa	
744	KUB 28.98	Vs. III 9′	1	ze-e-wa-aš-tu-ú-e-el	ze-e-wa-aš-tu-ú-e-el
744	KUB 28.98	Vs. III 10′	2	ka-at-te-e in-ta-a	ka-at-te-e in-ta-a
744	KUB 28.98	Vs. III 11′	2	ši-u-ru-wa-a-aš ta-ḫa-aš-ta-a-ú	ši-u-ru-wa-a-aš ta-ḫa-aš-ta-a-ú
744	KUB 28.98	Vs. III 12′	1	a-an-tu-uḫ-ḫa-ap-nu	a-an-tu-uḫ-ḫa-ap-nu
744	KUB 28.98	Vs. III 13′	3	pa-la ḫu-u-ul iš-te-e-ek	pa-la ḫu-u-ul iš-te-e-ek
744	KUB 28.98	Vs. III 14′	3	zu-ú-le-eel pa-la ka-ta-ḫi-in	zu-ú-le-eel pa-la ka-ta-ḫi-in
744	KUB 28.98	Vs. III 15′	2	iš-te-e-ek zu-u-le-e-el	iš-te-e-ek zu-u-le-e-el
744	KUB 28.98	Vs. III 16′	2	ú-ga iš-ku-uz-zi-i-nu	ú-ga iš-ku-uz-zi-i-nu
744	KUB 28.98	Vs. III 17′	2	ú-ga wa-al-wa-a-la-zi-nu	ú-ga wa-al-wa-a-la-zi-nu
744	KUB 28.98	Vs. III 18′	2	ḫa-ne-eš-ku-uḫ ka-ti-i-ia	ḫa-ne-eš-ku-uḫ ka-ti-i-ia
744	KUB 28.98	Vs. III 19′	3	ḫa-ne-eš-ki-i-el ka-a-t[i- [	ḫa-ne-eš-ki-i-el
744	KUB 28.98	Vs. III 20′	7	[ x x x-ta-x x x[ [	
744	KUB 28.98	Vs. III 21′	4	[ [ x[ [	
744	KUB 28.98	Rs. IV 6′	1	ḫa-tu-nu-ú-wa	ḫa-tu-nu-ú-wa
744	KUB 28.98	Rs. IV 7′	4	wu-ru-un ta-[ [ [-z]e-e	wu-ru-un
744	KUB 35.162	Vs.? r. Kol. 1′	2	ḫa-a-aḫ-ḫa-a-el ka-a-x[	ḫa-a-aḫ-ḫa-a-el
744	KUB 35.162	Vs.? r. Kol. 2′	3	[zi-ta-ru [wa-a-an [m[a-	
744	KUB 35.162	Vs.? r. Kol. 3′	3	[ta-mu-u-ta [mu-u-kat [x[	
744	KUB 35.162	Vs.? r. Kol. 4′	2	[ták-ki-ḫu-u-un [ka-ti-i[a	
744	KUB 35.162	Vs.? r. Kol. 5′	2	[ka-ti-ia [[	
744	KUB 35.162	Rs.? 4′	2	[te-et-taḫ-ḫa-ar [[	
744	KUB 35.162	Rs.? 5′	2	[iš-taḫ-ḫa-ar [[	
744	KUB 44.26	Vs. 8′	4	]x-un(-)ki-in-na-wa-ri-in ku-wa-x[ [ x-aš	
744	KUB 44.26	Vs. 9′	2	]x-na-a ka-ta-ak-ku-mu-un	ka-ta-ak-ku-mu-un
744	KUB 44.26	Vs. 10′	1	-i]n(-)eš-ša-li-ip	
744	KUB 44.26	Vs. 14′	3	túḫ-ḫu-u]š ša-ru-ú-ia a-ša-ḫu(-)a-ša-aḫ	túḫ-ḫu-uš ša-ru-ú-ia a-ša-ḫua-ša-aḫ
744	KUB 44.26	Vs. 15′	3	]-ti-e túḫ-ḫu-uš te-x-x	túḫ-ḫu-uš
744	KUB 44.26	Vs. 16′	3	]-pí-ka túḫ-ḫu-uš te-ma-x-zi-ma	túḫ-ḫu-uš
744	KUB 44.26	Vs. 17′	1	]x-wa-ši-ni	
744	KUB 44.26	Vs. 18′	1	]-ez-ú-ma	
744	KUB 44.26	Vs. 19′	2	-i]p wa-mi-šu	wa-mi-šu
744	KUB 44.26	Vs. 20′	1	]	
744	KUB 48.10	Vs. II 9′	4	[ [ -mi za-aš-wi-nu-še-e-er-ta-a-i	za-aš-wi-nu-še-e-er-ta-a-i
744	KUB 48.10	Vs. II 10′	5	[ [ x-wa-it [ [	
744	KUB 48.11	Vs. 1′	4	[ [ x x[	
744	KUB 48.11	Vs. 2′	3	[[ [ te-[	
744	KUB 48.11	Vs. 3′	4	[[ [ x-aš-ka [	
744	KUB 48.11	Vs. 4′	5	[[ [ -up 9-in [	
744	KUB 48.11	Vs. 5′	3	[[ [ te-n[i	
744	KUB 48.11	Vs. 6′	2	[[ [	
744	KUB 48.11	Vs. 7′	5	[ [ x ḫu-pí me-[	ḫu-pí
744	KUB 48.11	Vs. 8′	5	[[ [ [-e]š pí-lu-u x[	pí-lu-u
744	KUB 48.11	Vs. 9′	3	[[ [ [(-)i]a-aḫ-šu-š[a	
744	KUB 48.11	Vs. 10′	3	[[ [ -ia-aḫ-tu-x[	
744	KUB 48.11	Vs. 11′	4	[[ [ -da-ma t[a-	
744	KUB 48.11	Vs. 12′	4	[[ [ -ru-u-tu [	
744	KUB 48.11	Vs. 13′	4	[[ [ [t]e-ta x[	
744	KUB 48.11	Vs. 14′	3	[[ [ [p]a-aš-d[u	
744	KUB 48.11	Vs. 15′	3	[[ [ x[	
744	KUB 48.11	Rs. 4′	2	[ḫa-ša-a [x[	
744	KUB 48.11	Rs. 5′	2	[túḫ-ku-úr [[	
744	KUB 48.11	Rs. 6′	2	[pa-la [t[e-	
744	KUB 48.11	Rs. 7′	1	[te-ep-ku-[	
744	KUB 48.11	Rs. 8′	1	[li-ip-x[	
744	KUB 48.11	Rs. 9′	1	[ḫa-we-ru-x[	
744	KUB 48.11	Rs. 10′	2	[pa-la [li-[	
744	KUB 48.11	Rs. 11′	1	[x-ap-tú[ḫ-	
744	KUB 48.11	Rs. 12′	2	[DINGIRMEŠ-ap [[	
744	KUB 48.11	Rs. 13′	2	[a-ni-ip [[	
744	KUB 48.11	Rs. 14′	1	[[w]a-t[u-	
744	KUB 48.11	Rs. 15′	1	[un-d[u-	
744	KUB 48.11	Rs. 16′	1	[ḫa-a-[	
744	KUB 48.11	Rs. 17′	1	[ka-x[	
744	KUB 48.11	Rs. 18′	3	[[ [ -za-[	
744	KUB 48.11	Rs. 19′	3	[[ [ x[	
744	KUB 48.14	1′	2	x x[	
744	KUB 48.14	2′	1	[a-ša-aḫ(-)x[	
744	KUB 48.14	3′	1	[le-eš-ki-nu-x[	
744	KUB 48.14	9′	1	[ka-a(-)[	
744	KUB 48.16	1′	1	i]n-ta-ú-u[z-	
744	KUB 48.18	Vs.? 2′	3	[ x-e pu-li-x[	
744	KUB 48.18	Vs.? 3′	4	[ x-ša-an 〈〈x〉〉 kar-x[	
744	KUB 48.18	Vs.? 4′	2	[ [l]e-e-a-le-e-e[p	
744	KUB 48.18	Vs.? 5′	4	[ x x [	
744	KUB 48.18	Vs.? 6′	3	[ [-t]u-ma URUa-ri-in-[na	
744	KUB 48.18	Vs.? 7′	2	[ [-m]i-it	
744	KUB 48.18	Vs.? 8′	2	]-wa-a-ar li-ku-x[	
744	KUB 48.19	Vs. I 10′	1	]x	
744	KUB 48.19	Vs. I 11′	1	]x-ša-a-ḫi-il	
744	KUB 48.19	Vs. I 12′	1	]x-en-ti-u	
744	KUB 48.19	Vs. I 13′	1	]x	
744	KUB 48.19	Vs. I 14′	1	-t]a-šu-u	
744	KUB 48.19	Vs. I 15′	1	](-)le-e	le-e
744	KUB 48.19	Rs. V 1	4	[x x [x [(x) [ta-a-li-ki-iš	
744	KUB 48.19	Rs. V 2	2	[eš-šu-ú-ut [ḫa-lu-ú-iz-zi-in-m[a	
744	KUB 48.19	Rs. V 3	2	[wa-aš-ḫa-wu-un [tu-e-tu-ḫa(-)wu-u-r[u	
744	KUB 48.24	Vs. 1′	3	[ [ (-)pa-x[	
744	KUB 48.24	Vs. 2′	1	[[u]n-du-up-ta-x[	
744	KUB 48.24	Vs. 3′	1	[[u]n-du-ut-ta-aḫ-x[	
744	KUB 48.24	Vs. 4′	3	[[ [ [-t]a-ḫa-a-š[a	
744	KUB 48.24	Vs. 5′	4	[[ [ [t]a-ga-a [	
744	KUB 48.24	Vs. 6′	3	[[ [ x[	
744	KUB 48.24	Rs. 1′	5	[[ [ x x x[	
744	KUB 48.24	Rs. 2′	3	[[ [ [d]u-ú-ḫi(-)[	
744	KUB 48.24	Rs. 3′	3	[[ [ [p]a-ki-i-x[	
744	KUB 48.24	Rs. 4′	4	[[ [ x-it x[	
744	KUB 48.24	Rs. 5′	3	[[ [ [t]a(-)x[	
744	KUB 48.24	Rs. 6′	4	[[ [ x(-)ḫi ut-[	
744	KUB 48.24	Rs. 7′	3	[[ [ a-ša-a[k	
744	KUB 48.24	Rs. 8′	3	[[ [ a-ša-ak(-)[	
744	KUB 48.24	Rs. 9′	4	[[ [ x x[	
744	KUB 48.32	r. Kol. 1′	3	[ [ x[	
744	KUB 48.32	r. Kol. 2′	2	[le-e-ep-tu [[	
744	KUB 48.32	r. Kol. 3′	1	[te-ep-ku-un-ku-u[ḫ-	
744	KUB 48.32	r. Kol. 4′	2	[le-e-ep [ḫa-i-i[p	
744	KUB 48.32	r. Kol. 5′	1	[te-ep-ku-un-ku-uḫ-ḫu(-)[	
744	KUB 48.32	r. Kol. 6′	2	[le-e-ep [ta-a-x[	
744	KUB 48.32	r. Kol. 7′	1	[te-ep-ku-un-ku-uḫ-ḫ[u	
744	KUB 48.32	r. Kol. 8′	1	[te-eš-ku-u-uk-ku-ḫ[u	
744	KUB 48.32	r. Kol. 9′	1	[te-eš-wa-a-al-w[a	
744	KUB 48.32	r. Kol. 10′	2	[ḫa-wa-aš-ḫa-wi [[	
744	KUB 48.32	r. Kol. 11′	1	[ḫa-wa-aš-ḫa-w[i	
744	KUB 48.32	r. Kol. 12′	1	[te-ta-[	
744	KUB 48.34	Vs. 1′	1	](-)ú-i(-)[	
744	KUB 48.34	Vs. 2′	3	[ x [	
744	KUB 48.34	Vs. 3′	1	[	
744	KUB 48.34	Vs. 4′	1	]x-nu	
744	KUB 48.34	Vs. 5′	1	]	
744	KUB 48.34	Vs. 6′	1	]x-ap(-)tu-mi-il-la-an-ti(-)[	
744	KUB 48.34	Vs. 7′	2	[ x	
744	KUB 48.34	Vs. 8′	2	la-aš-d]a-la-az-zu la-aš-da-la-az-zu	la-aš-da-la-az-zu la-aš-da-la-az-zu
744	KUB 48.34	Vs. 9′	1	]x-a-ši-i-ma-ši-ú-i-nu	
744	KUB 48.34	Rs. 1′	1	-z]u-ú-l[i	
744	KUB 48.34	Rs. 2′	3	[ [(-)ḫ]a-ab-du [	
744	KUB 48.34	Rs. 3′	1	[	
744	KUB 48.37	Vs.? 1′	3	] [ [	
744	KUB 48.37	Vs.? 2′	1	ša-pa-r]a-a-i-ú	ša-pa-ra-a-i-ú
744	KUB 48.37	Vs.? 3′	1	(-)a-aš]-pa-ka-aḫ-pí-lu	a-aš-pa-ka-aḫ-pí-lu
744	KUB 48.37	Vs.? 4′	1	(-)a-aš]-pa-ka-aḫ-pí-lu	a-aš-pa-ka-aḫ-pí-lu
744	KUB 48.37	Vs.? 5′	2	zi-ip]-pa-la-an-da ša-pa-ra-a-〈i〉-ú	zi-ip-pa-la-an-da
744	KUB 48.37	Vs.? 6′	1	]x-aš-pa-ka-aḫ-pí-lu	
744	KUB 48.37	Vs.? 7′	1	]a-aš-pa-ka-aḫ-pí-lu	a-aš-pa-ka-aḫ-pí-lu
744	KUB 48.37	Vs.? 8′	2	n]e-ri-ik-ka₄ ša-pa-ra-a-i-ú	ne-ri-ik-ka ša-pa-ra-a-i-ú
744	KUB 48.37	Vs.? 9′	7	]x x 〈〈x x ru〉〉 [ [	
744	KUB 48.37	Vs.? 10′	4	]〈〈x ru〉〉 [ [	
744	KUB 48.37	Vs.? 11′	2	-š]a-m[a- [	
744	KUB 48.59	r. Kol. 1′	1	te-eb-ku-un[(-)	
744	KUB 48.59	r. Kol. 2′	1	[le-eb-wi-x[	
744	KUB 48.59	r. Kol. 3′	1	[le-eb-z[i-	
744	KUB 48.59	r. Kol. 4′	1	[te-eb-x[	
744	KUB 48.59	r. Kol. 5′	1	[le-x[	
744	KUB 48.59	r. Kol. 6′	1	[te-[	
744	KUB 48.8	Vs. 2	4	[ -un-ni-ia te-wu-uš-ne a-š[a-	te-wu-uš-ne
744	KUB 48.8	Vs. 3	3	[ [l]e-e-ši-in le-e-wa-ši-i[n	
744	KUB 48.8	Vs. 4	4	[ x u-pu-la-aš-ne le-e-ši-i[n	u-pu-la-aš-ne
744	KUB 48.8	Vs. 5	3	[ [-ši]-in le-e-wa-ši-[in	
744	KUB 48.8	Vs. 6	3	[ta-ba-ar-n]a ka-at-te ši-i-ip-zi-i[l	ka-at-te
744	KUB 48.8	Vs. 7	4	x te-wa-aš-ḫa-ap a-ši i-wa-x[	te-wa-aš-ḫa-ap a-ši
744	KUB 48.8	Vs. 8	3	iš-ta-aḫ-ḫu-u-ḫu ú-uk ta-[	iš-ta-aḫ-ḫu-u-ḫu ú-uk
744	KUB 48.8	Vs. 9	4	[ x te-e-pu-ut te-e-x[	te-e-pu-ut
744	KUB 48.8	Vs. 10	3	[ x pa-l[a	
744	KUB 48.8	Vs. 11	2	[ [-a]r-x[	
744	KUB 57.51	Vs. I 1′	1	]x-a-a[n	
744	KUB 57.51	Vs. I 2′	2	[ te-ú-[	
744	KUB 57.51	Vs. I 3′	2	[ ú-ri-i-[	
744	KUB 57.51	Vs. I 4′	2	[ [-p]a-tu-[	
744	KUB 57.51	Vs. I 5′	2	[ x-aš-š[a-	
744	KUB 57.51	Vs. I 6′	2	[ x-ur-[	
744	KUB 57.51	Vs. I 7′	2	[ -wa-ma-š[i	
744	KUB 57.51	Vs. I 8′	2	[ x-wa-ma-[	
744	KUB 57.51	Vs. I 9′	3	[ [t]u-ḫu-ru-up [	
744	KUB 57.51	Vs. I 10′	3	[ [tu-ḫ]u-ru-up [	
744	KUB 57.51	Vs. I 11′	2	[ [	
744	KUB 57.51	Vs. I 12′	2	[ x[	
744	KUB 57.51	Rs. IV 1′	4	[[ [ x-e [	
744	KUB 57.51	Rs. IV 3′	2	[ḫa-an-ga-ra-i-ú-uš [[	
744	KUB 57.51	Rs. IV 5′	3	[[ [ x-ú-wu-x[	
744	KUB 57.51	Rs. IV 13′	4	[[ [ x-du-un [	
744	KUB 60.114	2′	5	š]a-a-i-ú li-ig-ga-ra wa-ar-pa-an-na [ [	ša-a-i-ú li-ig-ga-ra wa-ar-pa-an-na
744	KUB 60.114	3′	4	-a]z-zi-im la-a-šu [ [	la-a-šu
744	KUB 60.114	4′	5	]-x URUGIDRU-an da-ba-aš-ḫa [ [	da-ba-aš-ḫa
744	KUB 60.114	5′	3	U]RUpí-it-ḫu-ni ta-pa-a-ša-an x[	pí-it-ḫu-ni ta-pa-a-ša-an
744	KUB 60.114	6′	2	]x-x-pí a-ša-mi-iš	a-ša-mi-iš
744	KUB 60.114	7′	2	]x x-aš-ša	
744	KUB 60.114	8′	2	] 〈〈x〉〉	
744	KUB 60.114	9′	2	]x[ [	
744	VBoT 126+	{€1} Vs. II? 3′	4	]x ḫa-a-i-wa-ep aḫ-ḫa-nu šu-up-ga-[	ḫa-a-i-wa-ep aḫ-ḫa-nu
744	VBoT 126+	{€1} Vs. II? 4′	3	[ [-w]a-a-pí-iḫ šu-up-ga-ḫe-el	šu-up-ga-ḫe-el
744	VBoT 126+	{€1} Vs. II? 5′	3	-i]k-ka₄ zu-ir-ma-aḫ šu-uk-ka₄-ti	zu-ir-ma-aḫ šu-uk-ka-ti
744	VBoT 126+	{€1} Vs. II? 6′	4	]x-ku-ut le-e-ḫa-aḫ-ši-im x me-[	le-e-ḫa-aḫ-ši-im
744	VBoT 126+	{€1} Vs. II? 7′	3	[ na-aš le-e-ták-ki-ḫa-ú-un[	
744	VBoT 126+	{€1} Vs. II? 8′	3	[ x ḫa-wa-aš-ḫa-an	ḫa-wa-aš-ḫa-an
744	VBoT 31	2′	4	[ x-wi-iš tu-uš-ta-le-el tu-ul-[li	tu-uš-ta-le-el
744	VBoT 31	3′	5	[ [-l]e-el tu-ul-li tu-ul-li [	tu-ul-li tu-ul-li
744	VBoT 31	4′	5	[ -le-el tu-ul-li tu-ul-li tu-x[	tu-ul-li tu-ul-li
745	AAA3 Nr.3	1′	4	[ [ x-an [	
745	AAA3 Nr.3	2′	4	[[ [ x-ia [	
745	AAA3 Nr.3	3′	1	[ú-ku-un-tu(-)ia(-)k[a(-)	
745	AAA3 Nr.3	4′	1	[iz-zé-ti-it-ti-e-ú-[	
745	AAA3 Nr.3	5′	1	[zi-pí-in-nu-un-tu-ia(-)[	
745	AAA3 Nr.3	6′	2	[ia-zi-pí-in-na [t[i	
745	AAA3 Nr.3	7′	2	[[t]u-ú-ia-ma GU₄(-)x[	
745	AAA3 Nr.3	8′	1	[[i]a-zi-pí-in-n[a	
745	AAA3 Nr.3	9′	2	[[ x-iz-zu-uḫ-p[u(-)	
745	AAA3 Nr.3	10′	1	[[zi-p]í-in-nu-u[n-tu-ia(-)	
745	AAA3 Nr.3	11′	3	[[ [ x[	
745	ABoT 2.236	Vs. 1′	2	-w]a-a-x[ [	
745	ABoT 2.236	Vs. 2′	3	]x x-up-[ [	
745	ABoT 2.236	Vs. 3′	3	z]i-i-la-a-at [ [	zi-i-la-a-at
745	ABoT 2.236	Vs. 4′	1	]x-zu-ú	
745	ABoT 2.236	Vs. 5′	2	-l]i mu-u-wa-ti-šu-u-up	mu-u-wa-ti-šu-u-up
745	ABoT 2.236	Vs. 6′	1	-z]i	
745	CHDS 6.23	Vs. 1′	1	]-wa-a-[	
745	CHDS 6.23	Vs. 2′	3	[ -a-ru-ú [	
745	CHDS 6.23	Rs. r. Kol. 1	2	[ši-ip-zi-il [le-e-ḫa(-)[	
745	CHDS 6.23	Rs. r. Kol. 2	4	[[ [ x(-)ap-ḫa-a-li [	
745	CHDS 6.23	Rs. r. Kol. 3	3	[[ [ x(-)u-uš-ma-iš(-)x[	
745	CHDS 6.23	Rs. r. Kol. 4	3	[[ [ x(-)a(-)[	
745	CHDS 6.27	3′	2	[ x(-)i-nu-ša-al-li-ni-m[a	
745	CHDS 6.27	4′	2	[ [z]i-e-ra	
745	CHDS 6.27	5′	2	-t]aḫ-an-di-i-ú[ [	
745	DBH 43_2.148	1′	4	[ [ -un x[	
745	DBH 43_2.148	2′	3	[[ [ Dta-l[i]-p[í-nu-	
745	DBH 43_2.148	3′	4	[[ [ [(-)a]n-ma-aš-ši-ta [	
745	DBH 43_2.148	4′	4	[[ [ [-i]p-wa-a [	
745	DBH 43_2.148	5′	4	[[ [ šu-u-mu-u le-e-[	šu-u-mu-u
745	DBH 43_2.148	6′	4	[[ [ x-ki-ia-ḫa x[	
745	DBH 43_2.148	7′	1	[[Dte-l]i-pí-nu-i(-)x[	
745	DBH 43_2.148	8′	4	[[ [ x x [	
745	HFAC 93	1′	1	]-ḫé-nu-wu-[	
745	HFAC 93	2′	2	[ (-)ka-tu-uḫ-ḫe-e(-)[	
745	HFAC 93	3′	4	[ x mi-ta-ti e-[	mi-ta-ti
745	HFAC 94	1′	1	k]ar-ḫi-p[í	
745	HFAC 94	2′	5	[ x[ x[ [ x-e-k[a(-)	
745	HFAC 94	3′	3	[ x[ x-aš-ša-ma(-)x[	
745	HFAC 94	4′	1	[(-)ḫ]up-te-da-ni-in-kat-[te	
745	HFAC 94	5′	4	[ -un-x x ḪUL-e-an(-)x[	
745	HFAC 94	6′	4	[ x x x[	
745	HHT 36	Vs. 1′	1	]x-i-pí	
745	HHT 36	Vs. 2′	1	]-uk-at	
745	HHT 36	Vs. 3′	1	-p]í-i-in	
745	HHT 36	Vs. 4′	1	]x(-)wa-aḫ-a	
745	HHT 36	Vs. 5′	2	]x a-w[a-am]-pí-nu	
745	HHT 36	Vs. 6′	1	]x	
745	HHT 36	Rs. 1′	2	]x at-pí-i[š	
745	HHT 36	Rs. 2′	3	[ x-tu-u-ši-in wa-x[	
745	HHT 36	Rs. 3′	3	[ x-za-pé-el wa-tu-ú-x[	
745	HHT 36	Rs. 4′	2	[(-)a]t-tu-mi-iš wa-tu-ú-[	
745	HHT 36	Rs. 5′	3	[ x-ti-it wa-x[	
745	HHT 36	Rs. 6′	2	[ -el(-)[	
745	IBoT 2.32	Vs. I 1′	3	[ [ x[	
745	IBoT 2.32	Vs. I 2′	1	[ú-a-[	
745	IBoT 2.32	Vs. I 3′	1	[te-d[u-	
745	IBoT 2.32	Rs. 1′	1	[x[	
745	IBoT 2.32	Rs. 2′	1	[i-t[a-a	
745	IBoT 2.32	Rs. 3′	1	[ḫa-pa[l-ki-	
745	IBoT 2.32	Rs. 4′	2	[ma-a [[	
745	IBoT 2.32	Rs. 5′	1	[ú-a-a[p-	
745	IBoT 2.32	Rs. 6′	1	[le-e-[	
745	IBoT 2.32	Rs. 7′	1	[te-du-[	
745	IBoT 2.32	Rs. 8′	1	[zi-i[š-	
745	IBoT 2.32	Rs. 9′	1	[te-d[u-	
745	IBoT 2.32	Rs. 10′	1	[[z]i-i[š-	
745	IBoT 2.33	Rs. IV? 2′	3	[[ [ -na-a-ḫu(-)x[	
745	IBoT 2.33	Rs. IV? 3′	4	[[ [ [le]-e-a-ša-aḫ [	
745	IBoT 2.33	Rs. IV? 4′	4	[[ [ e-em-ma-an x[	
745	KBo 14.115	Vs. I 1′	3	[ [ -e-x[	
745	KBo 14.115	Vs. I 2′	3	[[ [ [i]š-ḫa-w[a-	
745	KBo 14.115	Vs. I 3′	3	[[ [ x-e-ma-x(-)ga-z[a-	
745	KBo 14.115	Vs. I 4′	4	[[ [ [k]a-a-ḫi-it pa-[	
745	KBo 14.115	Vs. I 5′	4	[[ [ -i-ta-a pa-la-ma-[	
745	KBo 14.115	Vs. I 6′	4	[[ [ [l]e-e-a-li x[	
745	KBo 14.115	Rs. IV 1	4	[[ [ -pé-e-eš-ši pa-a-m[a-	
745	KBo 14.115	Rs. IV 2	4	[[ [ [-b]a-a ḫa-an-tu-u-up-x[	
745	KBo 14.115	Rs. IV 3	3	[[ [ [e]s-ta-wa-ar-x[	
745	KBo 14.115	Rs. IV 4	5	[[ [ [w]a-ra-i-ul x e-[	
745	KBo 14.115	Rs. IV 5	3	[[ [ -a-ú-ra-x[	
745	KBo 22.176	1′	3	[ [ -uk-pí-i[n-	
745	KBo 22.176	2′	4	[[ [ x-im-mu ka-at-t[e	
745	KBo 22.176	3′	2	[le-eš-tu-u-uš-te-in-nu [x[	
745	KBo 22.176	4′	2	[taḫ-zi-ti [i-ia-li(-)x[	
745	KBo 22.176	5′	2	[[n]u-in-nu-u-lu wa-a-ma-ta-[	
745	KBo 22.176	6′	4	[[ [ x-nu-pí-ma-ta-at ti-x[	
745	KBo 22.176	7′	4	[[ [ x x-ti-ik-x[	
745	KBo 25.124	1′	2	[ x-a-aḫ-x[	
745	KBo 25.124	2′	1	[i-ta-a-x[	
745	KBo 25.124	3′	1	[iš-du-[	
745	KBo 25.124	4′	2	[[ x-a-ru[	
745	KBo 25.124	5′	3	[[ x x[	
745	KBo 25.128	r. Kol. 1′	1	[x[	
745	KBo 25.128	r. Kol. 2′	1	[ki-x[	
745	KBo 25.128	r. Kol. 3′	1	[tu-ú-x[	
745	KBo 25.128	r. Kol. 4′	1	[ma-a(-)a-x[	
745	KBo 25.128	r. Kol. 5′	1	[x[	
745	KBo 25.135	Rs. 1′	6	[ [ x x [ [	
745	KBo 25.135	Rs. 2′	4	[ [ la-m[a- [	
745	KBo 25.135	Rs. 3′	4	[ [ pí-in-n[u [	
745	KBo 25.135	Rs. 4′	5	[ [ [z]a-pí-ik [ [	
745	KBo 25.135	Rs. 5′	4	[ [ [te-d]u-ut-ḫu-ru-ú-[up [	
745	KBo 25.135	Rs. 6′	4	[ [ [te-tu-ut-ḫ]u-ru-ú-u[p [	
745	KBo 25.135	Rs. 7′	1	ša-i-šu-mi-na-a-a[n	
745	KBo 25.136	Vs.? 1′	4	]x x x[ [	
745	KBo 25.136	Vs.? 2′	3	] [ [	
745	KBo 25.136	Vs.? 3′	1	](-)a-aš-šu-li	a-aš-šu-li
745	KBo 25.136	Vs.? 4′	1	](-)ú-up-ta-ḫa-a-wa-ma	ú-up-ta-ḫa-a-wa-ma
745	KBo 25.136	Vs.? 5′	1	](-)ú-up-ta-mu-ú-ra-ši-in	ú-up-ta-mu-ú-ra-ši-in
745	KBo 25.136	Vs.? 6′	1	](-)x-ú-up-ta-ta-a-kar-ši-in	
745	KBo 25.136	Vs.? 7′	3	](-)un le-e-[ [	un
745	KBo 25.136	Rs.? 1′	3	]x x[ [	
745	KBo 25.136	Rs.? 2′	2	]x-ia-ta [	
745	KBo 25.136	Rs.? 3′	1	]-li	
745	KBo 25.136	Rs.? 4′	1	]x-šu	
745	KBo 25.136	Rs.? 5′	2	]x x-i-eš	
745	KBo 25.136	Rs.? 6′	1	]x-[z]i	
745	KBo 33.141	1′	1	]x-l[a	
745	KBo 33.141	2′	2	]x [	
745	KBo 33.141	3′	2	]-i-li ša-a-i	ša-a-i
745	KBo 33.141	4′	2	]x-le-el 〈〈x〉〉	
745	KBo 33.141	5′	1	]-ta-aḫ-zi	
745	KBo 33.141	6′	1	](-)ú-un-du-pí	ú-un-du-pí
745	KBo 33.141	7′	2	](-)ki-ḫé-er-ma-x[ [	
745	KBo 33.141	8′	2	]x-ú-i[n [	
745	KBo 33.141	9′	2	]x[ [	
745	KBo 35.182	4′	2	[i-ia-a-ap [[	
745	KBo 35.182	8′	2	[i-ia-a-ap [[	
745	KBo 35.182	9′	1	[i-lu-wa-[	
745	KBo 35.51	1′	4	-ḫ]u [ [ te-e[ḫ]-x[	
745	KBo 35.51	2′	3	[ -at-te zu-ri-i-[	
745	KBo 35.51	3′	3	[ x-wa-at te-e-a-aš-tu-x[	
745	KBo 35.51	4′	3	[ x-ru-un-pa t[e-	
745	KBo 35.51	5′	3	[ x x[	
745	KBo 37.100	r. Kol. 1′	2	]x-x-x[ [	
745	KBo 37.100	r. Kol. 2′	2	]-aḫ-šu-uḫ-[ [	
745	KBo 37.100	r. Kol. 3′	3	]x-ia-aḫ-ḫi-i-il [ [	
745	KBo 37.100	r. Kol. 4′	3	-i]š pa-la a-aḫ-ta-wa-x[	pa-la
745	KBo 37.100	r. Kol. 5′	4	-i]n pa-la a-aḫ-za-u-ul x	pa-la a-aḫ-za-u-ul
745	KBo 37.100	r. Kol. 6′	3	]-pu-te pa-la a-an-tág-ga-pu-ut	pa-la a-an-tág-ga-pu-ut
745	KBo 37.100	r. Kol. 7′	4	-z]i-in te-et-ḫi-wa(-)pa-x[ [ x[	
745	KBo 37.100	r. Kol. 8′	6	[ x-zi-il a-an-na-ši-i[n [ x x[	
745	KBo 37.100	r. Kol. 9′	5	[ -a-am-mi-iš te-eš-p[u- [ x[	
745	KBo 37.100	r. Kol. 10′	3	[ -zi-it [	
745	KBo 37.100	r. Kol. 11′	2	[ [š]a-a-e-e[l	
745	KBo 37.100	r. Kol. 12′	3	[ [-ḫ]u-ut [	
745	KBo 37.100	Rd. 1′	2	[ -i-iš	
745	KBo 37.100	Rd. 2″	1	]x	
745	KBo 37.100	Rd. 3″	1	]-ta	
745	KBo 37.100	Rd. 4″	1	]x-ma	
745	KBo 37.104	Vs. 1′	1	(-)a]n-ti-ú-li-li-u[n	
745	KBo 37.104	Vs. 2′	3	[ x-ma-a iš-zi-i-ú-e-u[n	
745	KBo 37.104	Vs. 3′	4	[ x pa-a-ma eš-ga-a-ra-mu	pa-a-ma eš-ga-a-ra-mu
745	KBo 37.104	Vs. 4′	2	]a-an-ne-eš ka-a-ra-mu	a-an-ne-eš ka-a-ra-mu
745	KBo 37.104	Vs. 5′	2	]x-me-e-eš ḫa-an-wa-a-šu-i-ši-i-in	ḫa-an-wa-a-šu-i-ši-i-in
745	KBo 37.104	Vs. 6′	2	] te-e-ni-tu-u-ḫi-li	te-e-ni-tu-u-ḫi-li
745	KBo 37.104	Vs. 7′	3	] pa-a-ma wa-a-aš-ḫa-wu-ú	pa-a-ma wa-a-aš-ḫa-wu-ú
745	KBo 37.104	Vs. 8′	3	] ma-a ta-ši-e-mi-it-t[u]	ma-a
745	KBo 37.104	Vs. 9′	4	p]a-a-ma at-pí-ir-pí [ [	pa-a-ma at-pí-ir-pí
745	KBo 37.104	Vs. 10′	3	] at-pí-ir-p[í [	
745	KBo 37.104	Vs. 11′	2	-a]š-ni [	
745	KBo 37.104	Rs. 1′	3	[ [l]a-[m]a-a [	
745	KBo 37.104	Rs. 2′	3	[ [l]a-ma-a eš-t[a-	
745	KBo 37.104	Rs. 3′	4	[ [-u]n ma-a eš-zi-i-[	ma-a
745	KBo 37.104	Rs. 4′	4	[ [-u]n ma-a eš-ma-a-i-x[	ma-a
745	KBo 37.104	Rs. 5′	3	[ x(-)li-ma e-eš-ša-ki-[il	
745	KBo 37.104	Rs. 6′	3	[ [-m]a-a ta-zi-zi-i(-)[	
745	KBo 37.104	Rs. 7′	6	[ x[ [ x x x[	
745	KBo 37.105	1′	2	]x x	
745	KBo 37.105	2′	1	-ḫ]i-il	
745	KBo 37.105	3′	1	(-)e]š-ni-i-ma-aḫ	eš-ni-i-ma-aḫ
745	KBo 37.105	4′	1	]x-ši-il	
745	KBo 37.105	5′	2	] a-an-tu-uḫ	a-an-tu-uḫ
745	KBo 37.105	6′	1	(-)ḫ]ar-nu-wa	ḫar-nu-wa
745	KBo 37.105	7′	2	]x a-an-tu-uḫ	a-an-tu-uḫ
745	KBo 37.105	8′	2	] a-an-tu-uḫ	a-an-tu-uḫ
745	KBo 37.105	9′	2	-r]a-aḫ te-ḫa-a-na-a-al	te-ḫa-a-na-a-al
745	KBo 37.105	10′	1	l]i-ú-up-zi-wa-aš-k[i-	
745	KBo 37.107	Vs.? 2′	2	]x x[	
745	KBo 37.107	Vs.? 3′	3	[ x(-)wa-ú-un tu-uḫ-x[	
745	KBo 37.107	Vs.? 4′	3	[ -ḫa(-)zi-ia-na-a-an ka-a-ta-ka-mu(-)[ú-un	
745	KBo 37.107	Vs.? 5′	6	[ x x-a-ḫi-in wa-a-ša-a-aḫ eš-x x[	wa-a-ša-a-aḫ
745	KBo 37.107	Vs.? 6′	5	[ x-wa-ta-nu-wa-aš pa-li i-me-li-ma te-aš-x[	pa-li i-me-li-ma
745	KBo 37.107	Vs.? 7′	7	[ -pí-i-ip uš-ka₄-aḫ-ḫe-el ka-wa-x[ [ -el x[	uš-ka-aḫ-ḫe-el
745	KBo 37.107	Vs.? 8′	3	[ [ḫ]a-te-e-ep-ka-aḫ-za-aš ka-ti-i[p-	
745	KBo 37.107	Vs.? 9′	3	[DING]IRMEŠ-ap le-e-a-ša-aḫ a-aš-š[i-	le-e-a-ša-aḫ
745	KBo 37.107	Vs.? 10′	4	[DING]IRMEŠ-ap a-te-ga-ar wa-x x[	a-te-ga-ar
745	KBo 37.107	Vs.? 11′	3	-an ka-aḫ-ḫu-mu ka-a-ú-t[i	ka-aḫ-ḫu-mu
745	KBo 37.107	Vs.? 12′	5	[ x x x-ša-aḫ a-an-x[	
745	KBo 37.107	Rs.? 1′	3	[ x[ [	
745	KBo 37.107	Rs.? 2′	3	]x-mu-un wa-a-ša-aḫ(-)iš-x[ [	
745	KBo 37.107	Rs.? 3′	6	]x x x x-iš-ke-el a-aš-[ x[ [	
745	KBo 37.107	Rs.? 4′	4	-t]u-u-uš x x x-el-x-an-wi-iš-w[a(-) [	
745	KBo 37.107	Rs.? 5′	6	]x kur-pa-ik-ši a-aš-ki-iš pa-la l[i- [	kur-pa-ik-ši a-aš-ki-iš pa-la
745	KBo 37.107	Rs.? 6′	5	]x a-an-zi-li-iš pa-la-a-ma-a-an a-x[ [	a-an-zi-li-iš pa-la-a-ma-a-an
745	KBo 37.107	Rs.? 7′	5	]x x x-ša-me-e-u a-aḫ-ḫa-ak-šu-u-ul-ba [	a-aḫ-ḫa-ak-šu-u-ul-ba
745	KBo 37.107	Rs.? 8′	6	-l]i-ik-ku-up ḫa-li-ik-ku-ú-un ḫa-li-pi-nu x x-ša-aḫ a-an-x[	ḫa-li-ik-ku-ú-un ḫa-li-pi-nu
745	KBo 37.107	Rs.? 9′	5	[ x-zi-iḫ zi-iz-za-aḫ-ḫu-ši te-ep-ku-[ [	zi-iz-za-aḫ-ḫu-ši
745	KBo 37.107	Rs.? 10′	3	]x ma-aš-ḫa-aš-ki-li(-)[ [	
745	KBo 37.107	Rs.? 11′	6	]x x x-ta-e x x[ [	
745	KBo 37.109	Vs. I 1′	3	i[š? [ x(-)zi-[	
745	KBo 37.109	Vs. I 2′	4	[ti-[ [ x-na t[a-	
745	KBo 37.109	Vs. I 3′	2	[i-ša-a-ḫu-na(-)ma-i [x[	
745	KBo 37.109	Vs. I 4′	2	[ša-a-ru [le-e-ḫ[a-	
745	KBo 37.109	Vs. I 5′	1	[wu-ru-un(-)ti(-)wa-aš-ḫa-a[p-	
745	KBo 37.109	Vs. I 6′	2	[wa-aš-ḫa-ap [wi-wu-un(-)ti-pa-a(-)[	
745	KBo 37.109	Vs. I 7′	2	[li-ik-ku-uk-ka₄-aš [še-et-we-[	
745	KBo 37.109	Vs. I 8′	3	[ḫa-i-du-e [wi-ti-i-il [[	
745	KBo 37.109	Vs. I 9′	2	[li-i-it-ta-aš-ša [li-[	
745	KBo 37.109	Vs. I 10′	2	[li-ik-ku-ug-ga-aš [[	
745	KBo 37.109	Vs. I 11′	1	[[l]i-ik-k[i-	
745	KBo 37.109	Vs. I 12′	4	[[ x x x[	
745	KBo 37.110	Vs.? 1′	1	]x(-)tu-ú-da-[	
745	KBo 37.110	Vs.? 2′	2	[ x-za-a(-)[	
745	KBo 37.110	Rs.? 1′	2	[ x[	
745	KBo 37.110	Rs.? 2′	2	[ [w]a-il-lu-ú-m[u-ul	
745	KBo 37.110	Rs.? 3′	4	[ x ú-ga [	ú-ga
745	KBo 37.110	Rs.? 4′	3	[ x ta-ḫa-wu-uš[	
745	KBo 37.110	Rs.? 5′	4	[ x ú-ga [	ú-ga
745	KBo 37.110	Rs.? 6′	4	[ x[ [ x-tu-ú(-)[	
745	KBo 37.111	1′	1	t]úḫ-ḫa-[	
745	KBo 37.111	2′	3	[ [-i]t túḫ-ḫa-ku-ú-na-x[	
745	KBo 37.111	3′	2	[ [z]i-wu-zi	
745	KBo 37.111	4′	2	]-aš-ti-it túḫ-ḫa-ku-ú-na-iz(-)[	
745	KBo 37.111	5′	5	[ x x-a ḫa-wa-at-ta-aḫ ta-e(-)[	ḫa-wa-at-ta-aḫ
745	KBo 37.111	6′	4	[ x-ut-ḫa zi-wu-zi [	zi-wu-zi
745	KBo 37.111	7′	4	[ x-pu a-pa-li-ia-ḫé-za [	a-pa-li-ia-ḫé-za
745	KBo 37.111	8′	3	[ -du [	
745	KBo 37.111	9′	3	[ x [	
745	KBo 37.111	10′	2	[ [	
745	KBo 37.111	11′	3	[ x-i-ta wa-wu-[	
745	KBo 37.111	12′	2	[ [pé]-e-pé-ra-a-[at	
745	KBo 37.111	13′	2	[ x-a-x[	
745	KBo 37.113	lk. Kol. 1′	2	]x[ [	
745	KBo 37.113	lk. Kol. 2′	2	](-)lu(-)[ [	
745	KBo 37.113	lk. Kol. 3′	2	-a]m iš-tu-x-nu-x-ša-il	
745	KBo 37.113	lk. Kol. 4′	2	]x ši-ip-ši-i-il	ši-ip-ši-i-il
745	KBo 37.113	lk. Kol. 5′	2	]-šu-wa ma-aḫ-du-ni-eš	ma-aḫ-du-ni-eš
745	KBo 37.113	lk. Kol. 6′	1	]	
745	KBo 37.113	lk. Kol. 7′	1	]-li	
745	KBo 37.113	lk. Kol. 8′	1	]x-mi-li	
745	KBo 37.113	lk. Kol. 9′	2	-l]i-aš-ti ti-tu-uḫ	ti-tu-uḫ
745	KBo 37.113	lk. Kol. 10′	6	] wu-ur-[ [ x x(-)du-wa-ru-nu-ú 𒀹	
745	KBo 37.113	lk. Kol. 11′	1	]x	
745	KBo 37.113	lk. Kol. 12′	1	]x	
745	KBo 37.113	lk. Kol. 13′	1	]	
745	KBo 37.113	lk. Kol. 14′	1	-ḫ]a-ni-tu-ru-li	
745	KBo 37.113	r. Kol. 1′	1	x[	
745	KBo 37.113	r. Kol. 2′	1	[li-[	
745	KBo 37.113	r. Kol. 4′	1	[taḫ-zi-[	
745	KBo 37.113	r. Kol. 4′	1	[we-in-nu-[	
745	KBo 37.113	r. Kol. 5′	1	[wi-lu-uš-ta-[	
745	KBo 37.113	r. Kol. 6′	1	[ḫu-x[	
745	KBo 37.113	r. Kol. 7′	1	[tu-up-ka-am-x[	
745	KBo 37.113	r. Kol. 8′	2	[mu-ú-ḫa-az-zi-i [x[	
745	KBo 37.113	r. Kol. 9′	1	[ú-ni-im-ḫu-uš-du-r[u(-)	
745	KBo 37.113	r. Kol. 10′	2	[ni-wa-mu-u-[u]š-mu x[	
745	KBo 37.113	r. Kol. 11′	1	[na-a-ú-uš(-)mu-uk-ku-i-[	
745	KBo 37.113	r. Kol. 12′	1	[wa-še-zi-il(-)nu(-)[	
745	KBo 37.113	r. Kol. 13′	1	[ti-iš-šu-te-x[	
745	KBo 37.113	r. Kol. 14′	1	[ta-aš-ka-[	
745	KBo 37.113	r. Kol. 15′	1	[ma-n[e(-)	
745	KBo 37.115	1′	1	](-)pé-e(-)[	
745	KBo 37.115	2′	3	[ [-ḫ]u x[	
745	KBo 37.115	3′	3	[ x le-e-x[	
745	KBo 37.115	4′	1	[(-)ḫa-z]u-wa-ḫi-in-[tu	
745	KBo 37.115	5′	2	[ [le]-e-ḫa-zu-wa-ḫi-i[n-tu	
745	KBo 37.115	6′	2	[ -ḫa-zu-wa-ḫ[i-	
745	KBo 37.116	1′	2	]x ma-x-x[	
745	KBo 37.116	2′	3	[ [-t]a-ma-a-ni t[a-	
745	KBo 37.116	3′	2	[ x-zi-iz-zi-i-maḫ[	
745	KBo 37.116	4′	3	[-ḫ]a-la-iš ta-tu-u [	ta-tu-u
745	KBo 37.116	5′	4	[ x-ma Dpár-ga [	pár-ga
745	KBo 37.116	6′	4	[ [t]a-tu-u ú-uk-ki-iš ka-w[u-	ú-uk-ki-iš
745	KBo 37.116	7′	3	[t]a-tu-u ú-uk-ki-iš ka-wu-[	ú-uk-ki-iš
745	KBo 37.116	8′	2	ta-tu-u [	ta-tu-u
745	KBo 37.116	9′	2	x-a-i-li-wa-a te-e-ḫa-[	
745	KBo 37.116	10′	4	[ x x x x an-x[	
745	KBo 37.117	1′	1	]x(-)ar(-)[	
745	KBo 37.117	2′	3	[ ta-a-ru zi-ia-[aḫ-	ta-a-ru
745	KBo 37.117	3′	3	[ -e-et-ku-az [	
745	KBo 37.117	4′	3	[ [-p]a(-)ša(-)pa-ar-pa [	
745	KBo 37.117	5′	4	[ x a-an-ga-šu-uḫ [	a-an-ga-šu-uḫ
745	KBo 37.117	6′	3	[ [w]u-u-ru-un te-wa-aš-ḫ[a-ap	
745	KBo 37.117	7′	3	[ (-)ki-ip a-wa-e-x[	
745	KBo 37.117	8′	2	[ (-)iš-te-ga-zi-zi(-)[	
745	KBo 37.117	9′	3	[ x x[	
745	KBo 37.121	1′	1	](-)ta-ḫi-d[u]	
745	KBo 37.121	2′	1	-d]u-up-ḫa	
745	KBo 37.121	3′	1	]x-da	
745	KBo 37.121	4′	1	-i]l-li-ti	
745	KBo 37.121	5′	1	]x-im-pa-aš	
745	KBo 37.122	Rs. (III) 1′	1	x[	
745	KBo 37.122	Rs. (III) 2′	2	[mi-sa-a [[	
745	KBo 37.122	Rs. (III) 3′	2	[mi-sa-a [x[	
745	KBo 37.122	Rs. (III) 4′	2	[pí-in-nu-u [l[a-	
745	KBo 37.122	Rs. (III) 5′	2	[i-ta-a [ḫa-a[t-	
745	KBo 37.122	Rs. (III) 6′	1	[un-du-ú-k[am(-)	
745	KBo 37.122	Rs. (IV) 1′	2	[ -nu	
745	KBo 37.123	Rs.? 1′	2	]x x	
745	KBo 37.123	Rs.? 2′	1	]	
745	KBo 37.123	Rs.? 3′	1	]x(-)li-pí-i-in	
745	KBo 37.123	Rs.? 4′	2	(-)w]a ga-ni-wa-šu	wa ga-ni-wa-šu
745	KBo 37.123	Rs.? 5′	4	]x[ x x[ [	
745	KBo 37.124	1′	2	]x-u-pí-in-ta-a [	
745	KBo 37.124	2′	4	[ -ú-ri-ma te-wa-il-la [	te-wa-il-la
745	KBo 37.124	3′	2	[ x-ia	
745	KBo 37.124	4′	3	]-ú-wa in-ta-a te-ez-za-aš-ma-a-ra(-)[	in-ta-a
745	KBo 37.124	5′	3	[-u]l-la iš-ḫu-ši-iš-za-ma-a [	iš-ḫu-ši-iš-za-ma-a
745	KBo 37.124	6′	3	[ x ka-a-lu-ul(-)[	
745	KBo 37.124	7′	3	[ x te-ep-ta-li(-)[	
745	KBo 37.124	8′	3	[ x te-ep-ta-[l]i(-)[	
745	KBo 37.124	9′	2	[ x[	
745	KBo 37.126	1′	1	a-wa-x[	
745	KBo 37.126	2′	1	[ma-la-aš-k[e-	
745	KBo 37.126	3′	1	[a-wa-ap-ga-[	
745	KBo 37.126	4′	2	[[i]š-ga-wa-a-ḫu x[	
745	KBo 37.126	5′	2	[[ [l]e-e-ga-š[i-	
745	KBo 37.126	6′	3	[[ [ x[	
745	KBo 37.127	1′	1	]x-wa-ak-[	
745	KBo 37.127	2′	2	[ x-ak-am-pu-[	
745	KBo 37.127	3′	2	[ (-)zu-e-ep	
745	KBo 37.127	4′	1	]	
745	KBo 37.127	5′	2	]x-ḫa-zi-ip [	
745	KBo 37.127	6′	3	[ (-)ta zi-iš(-)x[	
745	KBo 37.127	7′	2	[ x-uḫ-ši-in	
745	KBo 37.127	8′	2	]-eš [	
745	KBo 37.128	1′	2	-a]r-wa-ra-i-u m[u-	
745	KBo 37.128	2′	4	[ x-a KI.MIN a-t[a-	
745	KBo 37.128	3′	4	[ x-lu KI.MIN i-x[	
745	KBo 37.128	4′	2	[ (-)i-i[a-	
745	KBo 37.129	lk. Kol. 1′	2	ta-b]a-ar-na kat-[te	ta-ba-ar-na
745	KBo 37.129	lk. Kol. 2′	3	[ x-li-ga-aš [	
745	KBo 37.129	lk. Kol. 3′	2	[ x-ta-a-ú-pa	
745	KBo 37.129	lk. Kol. 4′	1	]-a-ku-uḫ(-)ma-ap(-)a-an-kam	
745	KBo 37.129	lk. Kol. 5′	1	]x-li-ú-mi-it-x[	
745	KBo 37.129	lk. Kol. 6′	4	[ x x x[	
745	KBo 37.130	1′	2	-i]l [	
745	KBo 37.130	2′	2	[ [-i]l(-)pí-[	
745	KBo 37.130	3′	2	[ [-i]l-up-k[a	
745	KBo 37.130	4′	4	[ [-i]l pa-la [	pa-la
745	KBo 37.130	5′	2	x-mu-u [	
745	KBo 37.131	1′	1	]x-iš-ši-ia[	
745	KBo 37.131	2′	3	[ x ut-ta-x[	
745	KBo 37.131	3′	2	[ šu-wa-a-ru(-)[	
745	KBo 37.131	4′	2	x le-e-eš-t[i-it	
745	KBo 37.131	5′	3	[ x-zi x[	
745	KBo 37.131	6′	2	[ x[	
745	KBo 37.132	1′	1	-z]i-ia	
745	KBo 37.132	2′	3	UR]Ula-aḫ-za-an ka-a-aš-šu [	la-aḫ-za-an ka-a-aš-šu
745	KBo 37.132	3′	3	[ [-i]a-an le-eš-wi-[	
745	KBo 37.132	4′	2	[ iš-tar-ra-zi-[il	
745	KBo 37.132	5′	2	[ (-)i-it-ta-le-e-pu(-)[	
745	KBo 37.132	6′	2	[ tu-uk-zi-wi-na-i[l	
745	KBo 37.132	7′	4	[ x-ra-il pa-la x[	pa-la
745	KBo 37.132	8′	3	[ [ta-ba-a]r-na ka[t-te	
745	KBo 37.132	9′	3	[ x x[	
745	KBo 37.133	Vs. 1′	1	]x	
745	KBo 37.133	Vs. 2′	1	]x-al	
745	KBo 37.133	Vs. 3′	3	] URUḫa-at-ti-en [	ḫa-at-ti-en
745	KBo 37.133	Vs. 4′	2	[ x(-)zi-la-aḫ	
745	KBo 37.133	Vs. 5′	1	]x	
745	KBo 37.133	Vs. 6′	2	-p]é-en li-a-li-ip	li-a-li-ip
745	KBo 37.133	Vs. 7′	2	]-un li-a-li-ip	li-a-li-ip
745	KBo 37.133	Vs. 8′	2	-š]a-aḫ eš-ša-li-ip	eš-ša-li-ip
745	KBo 37.133	Vs. 9′	3	]x-pu-un-ni pa-la a-aš-ga-x	pa-la
745	KBo 37.133	Vs. 10′	1	]-an-[	
745	KBo 37.133	Rs. 1′	2	[ -iš-ga-[	
745	KBo 37.133	Rs. 2′	2	[ x	
745	KBo 37.133	Rs. 3′	1	]-un	
745	KBo 37.133	Rs. 4′	2	-a]z-ḫu ši-it-x-ḫa-ap-ti-ia	
745	KBo 37.133	Rs. 5′	2	-i]š-te-ḫu eš-ḫa-nu-un	eš-ḫa-nu-un
745	KBo 37.133	Rs. 6′	1	]-a-an-ta-ḫa-ḫi-il-x[	
745	KBo 37.133	Rs. 7′	2	[ -wa-[	
745	KBo 37.133	Rs. 8′	3	[ -un [	
745	KBo 37.133	Rs. 9′	2	[ (-)a-la-[	
745	KBo 37.133	Rs. 10′	2	[ x[	
745	KBo 37.135	1′	3	[ [ -ḫa-l[a-	
745	KBo 37.135	2′	3	[[ [ -ru-wa(-)a-[	
745	KBo 37.135	3′	1	[ta-ši-im-[	
745	KBo 37.135	4′	2	[ma-a-aš-ša-an [[	
745	KBo 37.135	5′	1	[wa-za-al(-)li[	
745	KBo 37.135	6′	1	[iš-ta(-)pár-wa-x-x[	
745	KBo 37.137	1′	3	]x-e-ep ax[ [	
745	KBo 37.137	2′	2	]-a wa-a-ša-aḫ	wa-a-ša-aḫ
745	KBo 37.137	3′	2	-i]l tu-na-a-ḫi-in	tu-na-a-ḫi-in
745	KBo 37.137	4′	1	]x-un	
745	KBo 37.141	1′	1	ḫa-a-šu(-)[	
745	KBo 37.141	2′	1	[u-uš-ḫa-[	
745	KBo 37.141	3′	1	[ki-i-ia-[	
745	KBo 37.141	4′	1	[x[	
745	KBo 37.142	r. Kol. 1′	3	[ [ (-)le(-)[	
745	KBo 37.142	r. Kol. 2′	1	[ia-aḫ-šu-x[	
745	KBo 37.142	r. Kol. 3′	1	[su-ú-x[	
745	KBo 37.144	Vs. 1′	5	]x[ [ x x x[	
745	KBo 37.144	Vs. 2′	5	[ x x[ [ [t]e-ḫa-a-ar-ki-ma-aḫ-ḫ[u-	
745	KBo 37.144	Vs. 3′	4	[ [i-i]a-ip-t[e(-) [p]a-la ap-ka-le-e-[	
745	KBo 37.144	Vs. 4′	4	[ [-t]a-šu-ú-ul ta-a-ku-za-a-an iš-x[	ta-a-ku-za-a-an
745	KBo 37.144	Vs. 5′	5	[ [ta-b]a-ar-na ka-at-ti li-i-li-iš [	ka-at-ti li-i-li-iš
745	KBo 37.144	Vs. 6′	4	[ [-i]a-ak ḫi-i[k]-ki-ir-ma-ḫi-in te-x[	
745	KBo 37.144	Vs. 7′	3	[li-i]p-zi-pí-ku-ka [i]š-p[u]-ú-ru-ú-uš ta-[	
745	KBo 37.144	Vs. 8′	5	[-i]r a-ap-pu-le-e-a [ [l]e-e-ta-pí-nu [	a-ap-pu-le-e-a
745	KBo 37.144	Vs. 9′	5	[ -e-te-ez-zi-i [ [ [-ḫ]u-ur-ti-ša(-)x[	
745	KBo 37.144	Vs. 10′	4	[-t]i-iz-zi-ia DUTU-un pa-la D[	pa-la
745	KBo 37.144	Vs. 11′	4	[ x-ša-aḫ-ḫa ú-šu-ú-pí-iš x[	ú-šu-ú-pí-iš
745	KBo 37.144	Vs. 12′	2	[ x-wa-ar-zi-in-x[	
745	KBo 37.144	Vs. 13′	3	[ x-zi iš-ti-ḫu-x[	
745	KBo 37.144	Vs. 14′	4	[ x ḫa-an-it-ta [	ḫa-an-it-ta
745	KBo 37.144	Vs. 15′	3	[ [-i]p?-di ša-ra-a-[	
745	KBo 37.144	Vs. 16′	4	[ x URUne-ra-ak [	ne-ra-ak
745	KBo 37.144	Vs. 17′	4	[ x túḫ-ḫu-u Dza-ḫa-[pu-na	túḫ-ḫu-u
745	KBo 37.144	Vs. 18′	4	[ x-za-ap-x[ x x[	
745	KBo 37.144	Vs. 19′	3	[ x x[	
745	KBo 37.144	Rs. 1′	5	[ x x x x[ [	
745	KBo 37.144	Rs. 2′	2	[ x-túḫ-ḫa-aš-ḫu-x[	
745	KBo 37.144	Rs. 3′	3	[ x(-)te-ḫa-taḫ-ḫu-du x[	
745	KBo 37.144	Rs. 4′	3	[ x-e-lu-u-i-lu-u-un ta-[	
745	KBo 37.144	Rs. 5′	4	[ x-wa-ḫé-a ta-ú-e-eš [	ta-ú-e-eš
745	KBo 37.144	Rs. 6′	3	[ x-ú-e-ta-ap ka-ḫu-x[	
745	KBo 37.144	Rs. 7′	3	[ x-aš-ti-ša-aḫ-ḫa te-ez-zi-i(-)[	
745	KBo 37.144	Rs. 8′	2	[-w]e-in te-eḫ-ka-zi-i(-)[	
745	KBo 37.147	1′	2	]x [	
745	KBo 37.147	2′	2	[ [(-)p]í-il-lu-u(-)[	
745	KBo 37.147	3′	2	[ [-p]í-uš-ma-aš-t[u(-)	
745	KBo 37.147	4′	3	[ (-)ḫe-el-lu-u la-a-[	
745	KBo 37.147	5′	3	[ x-ma šu-up-ḫa-ba-x[	
745	KBo 37.147	6′	3	[ x-u-wa-šu-up ar-x[	
745	KBo 37.147	7′	3	[ [l]i-pí-nu-i-nu ká[n-	
745	KBo 37.147	8′	3	[ -ú-na za-at-wu-[	
745	KBo 37.147	9′	3	[ le-e zu-ú-[	le-e
745	KBo 37.147	10′	4	[ [-a]m x x x[	
745	KBo 37.148	1′	2	]-ú-u a-x[	
745	KBo 37.148	2′	2	[ x-ia-ak-ki-i[l(-)	
745	KBo 37.148	3′	2	x-e-li-i t[e-	
745	KBo 37.148	4′	3	[ x te-ú-wa-x[	
745	KBo 37.148	5′	3	[ x-nu-ú x[	
745	KBo 37.148	6′	4	[ x x x[	
745	KBo 37.152	1′	1	]x[	
745	KBo 37.152	2′	2	[ [t]e-ku-un-u[ḫ(-)	
745	KBo 37.152	3′	4	[ [-l]u KI.MIN [	
745	KBo 37.152	4′	2	x u-wa-li-ú-x[	
745	KBo 37.152	5′	2	[-l]i u-wa-a-ra-x[	
745	KBo 37.152	6′	3	[ [l]e-e-za-li [	
745	KBo 37.152	7′	3	[ x u-te-w[a-	
745	KBo 37.152	8′	2	[ [	
745	KBo 37.154	1′	1	]x[	
745	KBo 37.154	2′	2	[ -a-ta-e-[	
745	KBo 37.154	3′	2	[ ú-i-zi-i[l	
745	KBo 37.154	4′	3	[ x-ip le-e(-)za-[	
745	KBo 37.154	5′	3	[ [le]-e-wa-ša-ḫi-in eš-x[	
745	KBo 37.154	6′	4	[ li-ku-ut-tu pa-la-a [	li-ku-ut-tu pa-la-a
745	KBo 37.154	7′	4	[ x x x[	
745	KBo 37.155	Vs.? 1′	2	x x[	
745	KBo 37.155	Vs.? 2′	2	[i-ta-a-u [[	
745	KBo 37.155	Vs.? 3′	2	[za-a-ri-i-un [[	
745	KBo 37.155	Vs.? 4′	2	[gi-iz-ḫi-ip [x[	
745	KBo 37.155	Vs.? 5′	2	[u-uš-pé-e-et [[	
745	KBo 37.155	Vs.? 6′	2	[u-uš-pé-e-et [[	
745	KBo 37.155	Vs.? 7′	2	[i-ú-up-se-e-el [[	
745	KBo 37.155	Vs.? 8′	2	[i-ta-a [[	
745	KBo 37.155	Vs.? 9′	1	[at-ga-a-at-x[	
745	KBo 37.155	Vs.? 10′	1	[gi-iz-[ḫi-ip	
745	KBo 37.155	Rs.? 1′	4	[[ [ x-pí [	
745	KBo 37.155	Rs.? 2′	4	[[ [ x-i-in [	
745	KBo 37.155	Rs.? 3′	2	[[i]-ta-a ḫa-a-x[	
745	KBo 37.155	Rs.? 4′	2	[ú-a(-)a-pí-tu-u [[	
745	KBo 37.155	Rs.? 5′	2	[ḫa-si-i-in [i[z-	
745	KBo 37.155	Rs.? 6′	2	[ḫa-si-i-in [iz-[	
745	KBo 37.155	Rs.? 7′	2	[du-ú-wa [ga-x[	
745	KBo 37.155	Rs.? 8′	2	[ka-at-te-en [[	
745	KBo 37.155	Rs.? 9′	1	[ti-i-ú-un-l[a	
745	KBo 37.155	Rs.? 10′	2	[i-ta-a [[	
745	KBo 37.155	Rs.? 11′	2	[i-ta-a [[	
745	KBo 37.155	Rs.? 12′	2	[si-it [g[i-	
745	KBo 37.155	Rs.? 13′	2	[i-ta-a [ḫa-wa-x[	
745	KBo 37.155	Rs.? 14′	3	[si-it [[ gi-[	
745	KBo 37.155	Rs.? 15′	1	[ú-a-n[e-	
745	KBo 37.155	Rs.? 16′	1	[x-du-ú-[	
745	KBo 37.159	1′	2	] li-i-pé-e-x[	
745	KBo 37.159	2′	4	[ le-e-pa 8-in x[	le-e-pa
745	KBo 37.159	3′	3	[ x wa-a-ap-ga-aḫ-t[u-	
745	KBo 37.159	4′	3	[ x-un le-e-i[a-	
745	KBo 37.159	5′	3	[ x wa-ap-w[a-	
745	KBo 37.159	6′	2	[ le-e-i[a-	
745	KBo 37.159	7′	3	[ x wa-a[p-	
745	KBo 37.159	8′	2	[ l[e-	
745	KBo 37.159	9′	2	[ x[	
745	KBo 37.160	Rs. (III) 1′	1	x[	
745	KBo 37.160	Rs. (III) 2′	1	[k[i-	
745	KBo 37.160	Rs. (III) 3′	1	[le-e-[	
745	KBo 37.160	Rs. (III) 4′	1	[ak-x[	
745	KBo 37.160	Rs. (III) 5′	1	[u-uš-ḫa-[	
745	KBo 37.160	Rs. (III) 6′	1	[x-x-i-ta(-)[	
745	KBo 37.160	Rs. (III) 7′	1	[ta-wa-a[r	
745	KBo 37.160	Rs. (III) 8′	1	[le-e-x-x[	
745	KBo 37.160	Rs. (III) 9′	1	[AN-x-ú-tu-x[	
745	KBo 37.160	Rs. (III) 10′	4	[[ [ x-a iš-tu	iš-tu
745	KBo 37.160	Rs. (III) 11′	2	ia-x-x te-wa-[	
745	KBo 37.160	Rs. (III) 12′	1	[š[a-p]a-ra-al-te-w[a(-)	
745	KBo 37.160	Rs. (III) 13′	1	[ku-u-ul-la-a-am-t[e	
745	KBo 37.160	Rs. (III) 14′	2	[ti-ta-u-ul [te-[	
745	KBo 37.160	Rs. (III) 15′	4	[[ x x x-zi-ḫu-x[	
745	KBo 37.165	1′	3	[ [ x-nu-[	
745	KBo 37.165	2′	4	[[ [ x x[	
745	KBo 37.165	3′	3	[ša-a-i-ú [li-ig-ga-ra [w[a-	
745	KBo 37.165	4′	2	[an-ni-[x]-ad-da an-ku-l[i-	
745	KBo 37.165	5′	3	[KI.MIN [NU.TUKU [[	
745	KBo 37.165	6′a	3	[KI.MIN [NU.TUKU [[	
745	KBo 37.165	6′b	2	[aḫ-ku-un-na [mu-u-ú-[	
745	KBo 37.165	7′	2	[ma-aš-ḫa-am-ma [x[	
745	KBo 37.165	8′	1	[pu-ru-ši-mu-ú(-)[	
745	KBo 43.222	1′	1	]x-at-t[a	
745	KBo 43.222	2′	3	[ pa-a-še [	pa-a-še
745	KBo 43.222	3′	2	[ x-a-ra(-)[	
745	KBo 43.222	4′	5	[ x-ḫi še-e-[ x x[	
745	KBo 43.222	5′	2	[ x-e-ka-a-wa-aš-x[	
745	KBo 43.222	6′	2	[ x-e-še-e-i[l	
745	KBo 43.222	7′	2	[ x-za-al-la-[	
745	KBo 43.225	1′	1	]x[	
745	KBo 43.225	2′	4	[ (-)i-wa-aš-ma ḫa-aš-x x[	
745	KBo 43.225	3′	4	[ [-n]i-i an-za-an-nu [	an-za-an-nu
745	KBo 43.225	4′	3	[ [ši-i]p-zi-i-il te-i-zi(-)[	
745	KBo 43.225	5′	3	[ ḫa-ši-i-mi-il a-an-ne-[eš	ḫa-ši-i-mi-il
745	KBo 43.225	6′	3	[ x-i-wa-aš-ma ta-an-zi-i[a	
745	KBo 43.225	7′	3	[ (-)a-ne-e ma-a-ru-u-wa(-)a-aš-x[	
745	KBo 43.225	8′	3	[ x-a-ú-i-ma-a tap-we-eš-ḫu-[	
745	KBo 43.225	9′	3	[ x-ne-i ta-an-za-an-[	
745	KBo 43.225	10′	2	[i-t]a-a te-e-x[	
745	KBo 43.225	11′	2	[-w]a-aḫ x[	
745	KBo 43.225	12′	2	[ x[	
745	KBo 43.309	1′	1	(-)z]i-pí-i[n-	
745	KBo 43.309	2′	3	[ x-up zi-pu-[	
745	KBo 43.309	3′	3	[ x zi-pí-in-x[	
745	KBo 43.309	4′	2	[ x(-)e-ku-zi(-)x[	
745	KBo 43.309	5′	3	[ x-tu-uḫ-ḫa-pa pa-l[a(-)	
745	KBo 43.309	6′	1	[	
745	KBo 43.309	7′	3	]x x x[	
745	KBo 47.125	Vs. 1	1	]-ḫu-uz-zi-i[š	
745	KBo 47.125	Vs. 2	1	-ḫu-ur-ḫu-ur-x[	
745	KBo 47.125	Vs. 3	2	-a-ak-x x[	
745	KBo 47.125	Vs. 4′	3	[ x x[	
745	KBo 49.208	Vs. 1′	1	]x-zi(-)[	
745	KBo 49.208	Vs. 2′	2	[ -ma[	
745	KBo 49.208	Vs. 3′	2	[ [-r]a-a[k(-)	
745	KBo 49.208	Vs. 4′	2	[ [-r]a-aš-ši(-)[	
745	KBo 49.208	Vs. 5′	2	[ -tu-ú-u[ḫ	
745	KBo 49.208	Vs. 6′	2	[(-)k]a-at-ta [	
745	KBo 49.208	Vs. 7′	1	[(-)ša]-ak-ki-i-l[i	
745	KBo 49.208	Vs. 8′	1	x-uš-wu(-)[	
745	KBo 49.208	Vs. 9′	3	[ x x[	
745	KBo 52.211	1′	2	ka-zi-t]a-i-e-it [	ka-zi-ta-i-e-it
745	KBo 52.211	2′	3	[ [pa]-a-la te-ḫa-a-š[a-	
745	KBo 52.211	3′	3	[ (-)la-pa-ne-e(-) [	
745	KBo 52.211	4′	2	[ x	
745	KBo 52.211	5′	2	ka-zi-t]a-i-e-it [	ka-zi-ta-i-e-it
745	KBo 52.211	6′	2	[ li-wa-ša-a[ḫ	
745	KBo 52.211	7′	2	[ [(-)l]e-e-eš-tu-u[š(-)tu(-)	
745	KBo 52.212	1′	1	k]a-x[	
745	KBo 52.212	2′	2	[ x(-)ka-x[	
745	KBo 52.212	3′	3	[ [w]e-ri u-ni-m[a-aḫ(-)	
745	KBo 52.212	4′	2	[ta-ba-a]r-na ka-a[t-te	
745	KBo 52.212	5′	3	[ [wu-r]u-na-〈an〉 te-pí-x[	
745	KBo 52.212	6′	3	[ x-na iš-[	
745	KBo 52.212	7′	2	[ (-)ḫa-wa-[	
745	KBo 52.213	Vs.? 3′	1	[[du]-up-p[u	
745	KBo 52.213	Vs.? 4′	1	[du-up-p[u	
745	KBo 52.213	Vs.? 5′	1	[du-u-up-[pu	
745	KBo 52.213	Vs.? 9′	1	[ku-un-k[u-	
745	KBo 53.211	1′	2	]x x[	
745	KBo 53.211	2′	2	[ -a-wa-ši-i-l[i	
745	KBo 53.211	3′	3	[ x-la Dx[	
745	KBo 53.211	4′	3	[ x-ši-in l[i-	
745	KBo 53.211	5′	1	(-)li-pí-x[	
745	KBo 53.211	6′	1	x[	
745	KBo 53.218	1′	1	]x[	
745	KBo 53.218	2′	2	[ x-a-x[	
745	KBo 53.218	3′	2	[ [-i]a-a[t	
745	KBo 53.218	4′	3	[ [-w]a-ḫu x[	
745	KBo 53.218	5′	3	[ x mi-x[	
745	KBo 53.218	6′	2	[ [-ḫ]u-u-uz-z[i	
745	KBo 53.218	7′	2	[ x-al-l[i	
745	KBo 53.218	8′	2	[ [-z]i-mi-ni[	
745	KBo 53.218	9′	2	[ [-z]i-mi-n[i	
745	KBo 53.218	10′	3	[ [n]u-up m[a-	
745	KBo 53.218	11′	2	[ a-wa-[	
745	KBo 53.218	12′	2	[ (-)mi(-)[	
745	KBo 55.152	1′	1	]x[	
745	KBo 55.152	2′	3	[ x-ia [	
745	KBo 55.152	3′	2	[-z]i-it [	
745	KBo 55.152	4′	2	[ x-a-ak-ka-[	
745	KBo 55.152	5′	3	[ x i-wa-x[	
745	KBo 55.152	6′	3	[ [-n]i [	
745	KBo 55.152	7′	2	[ [te]-ku-un-ku-u[ḫ-ḫu	
745	KBo 55.152	8′	3	[ [-n]i x[	
745	KBo 55.152	9′	2	[ x[	
745	KBo 55.153	1′	2	]-ul-lu-ú [	
745	KBo 55.153	2′	3	[ ma-a-e [	ma-a-e
745	KBo 55.153	3′	3	[ x x[	
745	KBo 55.154	1′	2	]x x[	
745	KBo 55.154	2′	2	[ x-a-aḫ-tu(-)x[	
745	KBo 55.154	3′	2	[(-)w]a-pa-ap-tu [	
745	KBo 55.154	4′	2	[ x-a-aš-ki-i-i[n	
745	KBo 55.154	5′	3	[ [(-)l]e-e-ep [	
745	KBo 55.154	6′	2	[ -a-aḫ-tu(-)x[	
745	KBo 55.155	1′	1	]x-la-du-up	
745	KBo 55.155	2′	1	-t]a-pa-aš	
745	KBo 55.155	3′	1	]-u	
745	KBo 55.155	4′	1	-i]a-du-ur-ti-du-ú	
745	KBo 55.155	5′	1	]-u	
745	KBo 55.156	lk. Kol. 1′	2	]-a-wa-ar-x [	
745	KBo 55.156	lk. Kol. 2′	2	[ x-ša	
745	KBo 55.156	r. Kol. 1′	1	e-e[š-	
745	KBo 55.156	r. Kol. 2′	1	[a-a[r-	
745	KBo 55.156	r. Kol. 3′	1	[ki-i-x[	
745	KBo 55.156	r. Kol. 4′	1	[ši-i-x[	
745	KBo 55.156	r. Kol. 5′	1	[iš-x[	
745	KBo 55.156	r. Kol. 6′	3	[[ [ x[	
745	KBo 56.182	1′	2	]-nu [	
745	KBo 56.182	2′	4	[ -x wa-ak-ši [	wa-ak-ši
745	KBo 56.182	3′	3	[ [-a]l-lu [	
745	KBo 56.182	4′	3	[ -ip [	
745	KBo 56.182	5′	3	[ x [	
745	KBo 56.183	1′	2	]-z[i [¬¬¬	
745	KBo 56.183	2′	3	[ [-i]t [	
745	KBo 56.183	3′	3	[ -e-en [	
745	KBo 56.183	4′	2	[ [-u]ḫ-la-aš[	
745	KBo 56.183	5′	3	[ [-š]i-i-in [	
745	KBo 56.183	6′	2	[ [-n]e-e-en(-)[	
745	KBo 56.183	7′	3	[ [ḫ]u-ut [	
745	KBo 56.183	8′	3	[ ka-a-an [	ka-a-an
745	KBo 56.183	9′	3	[ x [	
745	KBo 56.183	10′	2	[ x-x[	
745	KBo 56.185	Vs. 1′	4	] Dda-la-pí-nu-i-nu [ [	da-la-pí-nu-i-nu
745	KBo 56.185	Vs. 2′	4	]-mi-en-nu ma-al-la [ [	ma-al-la
745	KBo 56.185	Vs. 3′	4	] šu-ún-tu-um-mi-en-nu [ [	šu-ún-tu-um-mi-en-nu
745	KBo 56.185	Vs. 4′	3	]x-x-x-li [ [	
745	KBo 56.185	Vs. 5′	1	]x-im-mi-iz-zi(-)[	
745	KBo 56.185	Vs. 6′	2	]x x x	
745	KBo 56.185	Vs. 7′	1	-i]a-ḫu-u	
745	KBo 56.185	Vs. 8′	2	]x ša-i-il-la-a-ú	ša-i-il-la-a-ú
745	KBo 56.185	Vs. 9′	2	]-i-na ša-az-za-al-li	ša-az-za-al-li
745	KBo 56.185	Vs. 10′	1	]-az-za-al-li	
745	KBo 56.185	Vs. 11′	1	]x-la-x[	
745	KBo 56.188	1′	1	](-)pé-e-[	
745	KBo 56.188	2′	2	[ [z]i-iḫ-pa-l[i	
745	KBo 56.188	3′	3	[ [-i]a l[i-	
745	KBo 56.188	4′	2	[ pa-m[a-	
745	KBo 56.189	1′	3	] x x [	
745	KBo 56.189	2′	2	[ x-za-aš-zi-i[l	
745	KBo 56.189	3′	3	[ -il a-an-n[a	
745	KBo 56.189	4′	3	[ -wa-šu-u-up [	
745	KBo 56.189	5′	3	[ x wa-at-x[	
745	KBo 56.189	6′	3	[ x x[	
745	KBo 56.190	1	3	] eš-ta-ḫa-aḫ-ḫi-il [	eš-ta-ḫa-aḫ-ḫi-il
745	KBo 56.190	2	2	[ x[	
745	KBo 56.191	1′	2	]x x[	
745	KBo 56.191	2′	2	[ (-)ḫu-u-re-e-x[	
745	KBo 56.191	3′	2	[ x(-)ḫu-ku-ru-up-p[a	
745	KBo 56.191	4′	3	[ (-)še-ep-ḫu wa-a-[	
745	KBo 56.191	5′	3	[ -e-wa-li-ú-it [	
745	KBo 56.191	6′	4	[ x x x x-ip-x[	
745	KBo 56.192	1′	2	]x [	
745	KBo 56.192	2′	2	[ [U]RUa-ri-i[n-na	
745	KBo 56.192	3′	4	[ x x x[	
745	KBo 56.207	Vs. 1′	3	[ [ -ip-ta(-)[	
745	KBo 56.207	Vs. 2′	4	[[ [ x-u-ḫi pu-[	
745	KBo 56.207	Vs. 3′	1	[[ḫ]u-ru-up-pa-a-m[a	
745	KBo 56.207	Vs. 4′	1	[[ḫ]u-ru-up-pa-a-m[a	
745	KBo 56.207	Vs. 5′	3	[[ [n]i-e [	
745	KBo 56.207	Vs. 6′	3	[[ [ -eš-x[	
745	KBo 56.207	Rs. 1′	2	[UD [a-x[	
745	KBo 56.207	Rs. 2′	1	[ma-ú-x[	
745	KBo 56.207	Rs. 3′	1	[za-ḫu-i[t	
745	KBo 56.207	Rs. 4′	1	[x-ḫa-a[k-	
745	KBo 56.207	Rs. 5′	1	[iš-wa-a-x[	
745	KBo 58.218	lk. Kol. 1′	3	[ [ [-i]p	
745	KBo 58.218	lk. Kol. 2′	2	[ [	
745	KBo 58.218	lk. Kol. 3″	3	[ [ [-r]i-il	
745	KBo 58.218	lk. Kol. 4″	3	[ [ -i-il	
745	KBo 58.218	lk. Kol. 5″	3	[ [ x-il	
745	KBo 58.218	lk. Kol. 6″	3	[ [ x-zi-il	
745	KBo 58.218	lk. Kol. 7″	3	[ [ -ni	
745	KBo 58.218	lk. Kol. 8″	2	[ [	
745	KBo 58.218	lk. Kol. 9″	3	[ [ [(-)k]a-an-ka-na	
745	KBo 58.218	lk. Kol. 10″	3	[ [ -il	
745	KBo 58.218	lk. Kol. 11″	3	[ [ -wa	
745	KBo 58.218	lk. Kol. 12″	3	[ [ x	
745	KBo 58.218	lk. Kol. 13″	3	[ [ x	
745	KBo 58.218	r. Kol. 1′	1	x[	
745	KBo 58.218	r. Kol. 2′	1	[[	
745	KBo 58.218	r. Kol. 3′	1	[[	
745	KBo 58.218	r. Kol. 4′	1	[[	
745	KBo 58.218	r. Kol. 5″	1	[x[	
745	KBo 59.170	1′	1	]x(-)ka₄(-)[	
745	KBo 59.170	2′	3	[ [-u]k-ka₄-pa-aš-ma x[	
745	KBo 59.170	3′	2	[ x-aš-ta-wa-ti-l[i	
745	KBo 59.170	4′	2	(-)pa-la-li-le-e x[	
745	KBo 59.170	5′	2	[w]a-a-ši-za-aš-li x[	
745	KBo 59.170	6′	3	[ [pa]-la-li-le-e x[	
745	KBo 59.170	7′	2	[ [l]e-e-ma-am-ma[	
745	KBo 59.170	8′	2	[ x-i[	
745	KBo 64.198	lk. Kol. 1′	5	[ [ x x[ [	
745	KBo 64.198	lk. Kol. 2′	3	[ [ x-ša-zu-x[	
745	KBo 64.198	lk. Kol. 3′	3	[ [ x	
745	KBo 64.198	lk. Kol. 4′	3	[ [ -we-el-an-ni	
745	KBo 64.198	lk. Kol. 5′	3	[ [ [-t]e	
745	KBo 64.198	lk. Kol. 6′	3	[ [ ka-at-te-en	ka-at-te-en
745	KBo 64.198	lk. Kol. 7′	3	[ [ (-)wa-ḫé-e-wu	
745	KBo 64.198	lk. Kol. 8′	3	[ [ -aḫ-ra	
745	KBo 64.198	lk. Kol. 9′	4	[ [ -x ma-a	ma-a
745	KBo 64.198	lk. Kol. 10′	3	[ [ -x	
745	KBo 64.198	r. Kol. 1′	1	x[	
745	KBo 64.198	r. Kol. 2′	1	[x[	
745	KBo 68.177	lk. Kol. 1′	2	]x x[	
745	KBo 68.177	lk. Kol. 2′	2	[ x-kar	
745	KBo 68.177	lk. Kol. 3′	1	]-ar	
745	KBo 68.177	lk. Kol. 4′	2	]x ku-in	ku-in
745	KBo 68.177	lk. Kol. 5′	1	-r]e-eš-ši	
745	KBo 68.177	lk. Kol. 6′	1	-r]u-li-wa	
745	KBo 68.177	lk. Kol. 7′	1	]x(-)[n]u-d[u(-)	
745	KBo 69.204	1′	1	]x[	
745	KBo 69.204	2′	2	[ x-i-ip-[	
745	KBo 69.204	3′	2	[ x-wu-u[k(-)	
745	KBo 69.204	4′	3	[ x k[i-x	
745	KBo 69.204	5′	2	[ ḫa-[	
745	KBo 69.204	6′	2	[ x[	
745	KBo 8.134	Vs.? 1	2	[ -ma-x[	
745	KBo 8.134	Vs.? 2	1	[zu-ú-x[	
745	KBo 8.134	Vs.? 3	1	[ta-aš-te-[	
745	KBo 8.134	Vs.? 4	1	[ta-aš-t[e-	
745	KBo 8.134	Vs.? 5	1	[ta-aš-t[e-	
745	KBo 8.134	Vs.? 6	2	[[ x[	
745	KUB 28.17	Vs. r. Kol. 1′	4	] le-e-ia-li [ [	le-e-ia-li
745	KUB 28.17	Vs. r. Kol. 2′	4	]x-ḫa ta-a-ru [ [	ta-a-ru
745	KUB 28.17	Vs. r. Kol. 3′	1	]-i-nu	
745	KUB 28.17	Vs. r. Kol. 4′	1	]x-zi-i-pí-in	
745	KUB 28.17	Vs. r. Kol. 5′	2	]-e ma-ak-ku-ú-wa	ma-ak-ku-ú-wa
745	KUB 28.17	Vs. r. Kol. 6′	1	]x(-)a-aḫ-zu-la-a-il	
745	KUB 28.17	Vs. r. Kol. 7′	1	]x-u	
745	KUB 28.17	Vs. r. Kol. 8′	1	]-am	
745	KUB 28.17	Vs. r. Kol. 9′	1	]-du	
745	KUB 28.17	Rs. 1′	1	]-ú-wa-at	
745	KUB 28.17	Rs. 2′	1	-a]ḫ	
745	KUB 28.2	Vs. r. Kol. 1′	1	]x[	
745	KUB 28.2	Vs. r. Kol. 2′	2	[ (-)mi-ša-a-wa-š[a-	
745	KUB 28.2	Vs. r. Kol. 3′	2	[-ri-i]l ti-iš-ti-i[t-g]a-a-nu-wa	
745	KUB 28.2	Vs. r. Kol. 4′	2	-r]i-il ti-iš-ti-it-ga-a-nu-[w]a	
745	KUB 28.2	Vs. r. Kol. 5′	2	] Dwa-a-ši-i-il	wa-a-ši-i-il
745	KUB 28.2	Vs. r. Kol. 6′	2	] ti-iš-ti-it-ga-a-nu-ú-wa	ti-iš-ti-it-ga-a-nu-ú-wa
745	KUB 28.2	Vs. r. Kol. 7′	5	]x(-)i[l]-x-[ [ x[ [ [-z]i	
745	KUB 28.2	Rs. r. Kol. 1′	1	]x-e-wa-a-i	
745	KUB 28.2	Rs. r. Kol. 2′	2	-i]r la-ma-at-ga-aš-ši-ia(-)[	
745	KUB 28.2	Rs. r. Kol. 3′	2	]x-ku ta-a-nu-uš-du-uš	ta-a-nu-uš-du-uš
745	KUB 28.2	Rs. r. Kol. 4′	1	](-)ga-an-nu-pí-i-ri-ia	ga-an-nu-pí-i-ri-ia
745	KUB 28.2	Rs. r. Kol. 5′	1	]-e-pí-na-a-mu-ul	
745	KUB 28.2	Rs. r. Kol. 6′	6	]x x[ [ x x[ [	
745	KUB 28.24	Vs. lk. Kol. 1′	4	[ [ x[ [	
745	KUB 28.24	Vs. lk. Kol. 2′	4	[ [ [ [	
745	KUB 28.24	Vs. lk. Kol. 3′	4	[ [l]i-pé-e-zi-x[ [ [te-a-u]š-te-ga-[ap-nu]	
745	KUB 28.24	Vs. lk. Kol. 4′	5	[w]a-aš-ḫa-wu-un wa-a-[ša-aḫ [ [a]-le-e[p [	
745	KUB 28.24	Vs. lk. Kol. 5′	4	te-a-uš-te-ga-ap-nu wa-z[a-r]i-ú-un wa-a-ša-a[ḫ [	te-a-uš-te-ga-ap-nu
745	KUB 28.24	Vs. lk. Kol. 6′	4	a-li-ip te-a-uš-te-ga-ap-nu [ [	a-li-ip te-a-uš-te-ga-ap-nu
745	KUB 28.24	Vs. lk. Kol. 7′	5	zi-ia-na-a-an wa-a-ša-aḫ a-le-ep [ [	zi-ia-na-a-an wa-a-ša-aḫ a-le-ep
745	KUB 28.24	Vs. lk. Kol. 8′	2	te-a-uš-〈te〉-ga-ap-nu ka-ták-ku-mu-ú-un	ka-ták-ku-mu-ú-un
745	KUB 28.24	Vs. lk. Kol. 9′	3	ḫa-ša-aḫ-ḫa-aš-ki-i-in wa-a-ša-aḫ a-le-ep	ḫa-ša-aḫ-ḫa-aš-ki-i-in wa-a-ša-aḫ a-le-ep
745	KUB 28.24	Vs. lk. Kol. 10′	1	te-a-uš-te-ga-ap-nu	te-a-uš-te-ga-ap-nu
745	KUB 28.24	Rs. lk. Kol. 1	1	x[	
745	KUB 28.25	Rs. (Kol.?) 1′	3	] t[i- [¬¬¬	
745	KUB 28.25	Rs. (Kol.?) 2′	2	[ [(-)t]i-me-et-ta-n[a-a	
745	KUB 28.25	Rs. (Kol.?) 3′	3	[ [(-)t]i-me-et-ta-na-a [	
745	KUB 28.25	Rs. (Kol.?) 4′	3	[ (-)ti-me-et-ta-na-a [	
745	KUB 28.25	Rs. (Kol.?) 5′	3	[ x-ga-aš-ša-i [	
745	KUB 28.25	Rs. (Kol.?) 6′	3	[ x-i-ša-ki [	
745	KUB 28.25	Rs. (Kol.?) 7′	5	[ x ma-a ta-a-ḫa-zi [	ma-a ta-a-ḫa-zi
745	KUB 28.25	Rs. (Kol.?) 8′	4	[ x(-)pa-la li-ga-zu [	li-ga-zu
745	KUB 28.25	Rs. (Kol.?) 9′	3	[ (-)pa-la pí-ia-l[i(-)	
745	KUB 28.25	Rs. (Kol.?) 10′	3	[ x-a-ma li-ik-x[	
745	KUB 28.25	Rs. (Kol.?) 11′	2	[ [	
745	KUB 28.25	Rs. (Kol.?) 12′	2	[ x-un-x[	
745	KUB 28.26	1′	1	]x-k[a	
745	KUB 28.26	2′	3	[ [(-)ka-at-ta]-ku-me-e te-[	
745	KUB 28.26	3′	2	[ [	
745	KUB 28.26	4′	2	[ le-e(-)ka-at-ta-ku-[me	
745	KUB 28.26	5′	4	[ x-ki-iš wa-at-ta-ḫi-il-la [	wa-at-ta-ḫi-il-la
745	KUB 28.26	6′	2	kat-tu-u-ur ta-ḫa-li-z[i]-i[š	kat-tu-u-ur
745	KUB 28.26	7′	5	[ x-tu[ [ x [	
745	KUB 28.28	Vs. r. Kol. 1	3	]-ḫu-ú [ [	
745	KUB 28.28	Vs. r. Kol. 2	2	]x-ma tap-pé-e-ri-i[š]	
745	KUB 28.28	Vs. r. Kol. 3	1	]-at	
745	KUB 28.28	Vs. r. Kol. 4	1	]-ri-iš	
745	KUB 28.28	Vs. r. Kol. 5	1	li-i]k-ku-ú-ug-ga-a[š]	
745	KUB 28.28	Vs. r. Kol. 6	2	ma]-a ú-zu-u-ši-[	ma-a
745	KUB 28.28	Vs. r. Kol. 7	3	[ [ma]-a ú-ut-ta-a-[nu	
745	KUB 28.28	Vs. r. Kol. 8	3	[ x a-re-e-eš(-)[	
745	KUB 28.28	Vs. r. Kol. 9	2	[ [l]i-ik-ku-ú-u[g-ga-aš	
745	KUB 28.28	Vs. r. Kol. 10	3	[ [ma]-a ú-zu-[	
745	KUB 28.28	Vs. r. Kol. 11	3	[ x-ma-a ú-u[t-ta-a-nu	
745	KUB 28.28	Vs. r. Kol. 12	3	[ x ta-ú-[	
745	KUB 28.28	Vs. r. Kol. 13	2	[ x[	
745	KUB 28.28	Vs. r. Kol. 14	2	[ x[	
745	KUB 28.30	Rs.? (Kol.?) 1′	2	] [	
745	KUB 28.30	Rs.? (Kol.?) 2′	3	[ x [	
745	KUB 28.30	Rs.? (Kol.?) 3′	2	[ x-ip-pí-i-[in	
745	KUB 28.30	Rs.? (Kol.?) 4′	4	[ x e-eš-ša-ki-il [	e-eš-ša-ki-il
745	KUB 28.30	Rs.? (Kol.?) 5′	2	[ki-i-ša-an-d]u-ú-mu-li [	
745	KUB 28.30	Rs.? (Kol.?) 6′	3	[ [-i]a-mi-ni [	
745	KUB 28.30	Rs.? (Kol.?) 7′	3	[ le-e-li-ni [	le-e-li-ni
745	KUB 28.30	Rs.? (Kol.?) 8′	3	[ x-mu-un-ni [	
745	KUB 28.30	Rs.? (Kol.?) 9′	3	[ le-e-li-ni [	le-e-li-ni
745	KUB 28.30	Rs.? (Kol.?) 10′	4	[ x[ x-la-mu-un [	
745	KUB 28.30	Rs.? (Kol.?) 11′	3	[ x-ip-pí-i-in [	
745	KUB 28.30	Rs.? (Kol.?) 12′	4	[ x ḫa-a-pa-aš-ḫu-u [	ḫa-a-pa-aš-ḫu-u
745	KUB 28.30	Rs.? (Kol.?) 13′	3	[ [t]a-a-ra-ú-i [	
745	KUB 28.30	Rs.? (Kol.?) 14′	2	[ x(-)un(-)ta-pé-e-eš-ḫu-u[n	
745	KUB 28.30	Rs.? (Kol.?) 15′	4	[ x me-e-na-ag-ga [	me-e-na-ag-ga
745	KUB 28.30	Rs.? (Kol.?) 16′	3	[ x ti-i-tu-ut-ḫu-r[u	
745	KUB 28.30	Rs.? (Kol.?) 17′	3	[ [z]a-al-le-e [	
745	KUB 28.33	1	3	]x x x te-x[	
745	KUB 28.33	2	3	[ x-ḫu al-sa-a(-)[	
745	KUB 28.33	3	2	[ (-)ša-a-an-zi-in(-)[	
745	KUB 28.33	4	3	[ ma-a zi-in-ti-zi-ia-ú(-)[	ma-a
745	KUB 28.33	5	3	[ x-ši-i-mi-si-i-wa [	
745	KUB 28.33	6	3	[ eš-wa-a-al-wa-la [	eš-wa-a-al-wa-la
745	KUB 28.33	7	2	[ še-eš-wi-it-ḫa-a-i-pí-n[i	
745	KUB 28.33	8	2	[ še-eš-wi-it-ḫa-a-i-pí-[	
745	KUB 28.33	9	4	[ x ne-ep-zi-ia-ú [	ne-ep-zi-ia-ú
745	KUB 28.33	10	3	[ x-ne-ep-ka-a-ra [	
745	KUB 28.33	11	3	[ [š]a-a-li-ú-un a-x[	
745	KUB 28.33	12	2	[ še-et-wa-a(-)[	
745	KUB 28.33	13	2	[ x-wa-a-i-x[	
745	KUB 28.35	Vs.(?) lk. Kol. 1′	3	[ [ x[	
745	KUB 28.35	Vs.(?) lk. Kol. 2′	3	[[ [ -l[a-ma-a	
745	KUB 28.35	Vs.(?) lk. Kol. 3′	4	[[ [ [-š]u-ú-uš l[a-ma-a	
745	KUB 28.35	Vs.(?) lk. Kol. 4′	3	[[k]a-mu-u la-ma-a [	la-ma-a
745	KUB 28.35	Vs.(?) lk. Kol. 5′	2	[x-ka-pí [pa-a-m[a	
745	KUB 28.35	Vs.(?) lk. Kol. 6′	2	[wu-ru-ú-un [l[a-ma-a	
745	KUB 28.35	Vs.(?) lk. Kol. 7′	2	[wu-ru-ú-un [l[a-ma-a	
745	KUB 28.35	Vs.(?) lk. Kol. 8′	2	[wu-ru-ú-un [l[a-ma-a	
745	KUB 28.35	Vs.(?) lk. Kol. 9′	2	[še-er-pa-a-[d]u l[a-ma-a	
745	KUB 28.37	Vs. r. Kol. 1′	3	[ [ x-wu	
745	KUB 28.37	Vs. r. Kol. 2′	3	[ [ [h]a-wa-ne-eš-ta	
745	KUB 28.37	Vs. r. Kol. 3′	3	[ [ -i-te-er-ge-ma-aḫ	
745	KUB 28.37	Vs. r. Kol. 4′	4	[ [ -za te-wa-áš-ḫa-wi	te-wa-áš-ḫa-wi
745	KUB 28.37	Vs. r. Kol. 5′	4	[ [ [z]a-aš-tu pé-e-ru-na	pé-e-ru-na
745	KUB 28.37	Vs. r. Kol. 6′	3	[ [ ka-at-te-e	ka-at-te-e
745	KUB 28.37	Vs. r. Kol. 7′	5	[ [ x-i-wa-nu [ [	
745	KUB 28.37	Vs. r. Kol. 8′	3	[ [ [l]e-e-wu-še(-)[	
745	KUB 28.37	Vs. r. Kol. 9′	5	[ [ le-e-pí-nu [ [	le-e-pí-nu
745	KUB 28.37	Vs. r. Kol. 10′	5	[ [ x-ia-a-du [ [	
745	KUB 28.37	Rs. r. Kol. 1	5	[ [ -x wa-a-aš-wu-x[ [	
745	KUB 28.37	Rs. r. Kol. 2	6	[ [ [-u]p ka-ne-e-un x[ [	ka-ne-e-un
745	KUB 28.37	Rs. r. Kol. 3	4	[ [ [t]e-eš-wa-al-wa-la-a[t [	
745	KUB 28.37	Rs. r. Kol. 4	5	[ [ [m]a-a áš-ḫa-a-wu-[ [	
745	KUB 28.37	Rs. r. Kol. 5	4	[ [ [e]š-ḫa-wu-uḫ-ki-tu-x[ [	
745	KUB 28.37	Rs. r. Kol. 6	5	[ [ [a]l-wu ḫa-an-wa-a-[ [	
745	KUB 28.37	Rs. r. Kol. 7	4	[ [ x-li-ia-d[u [	
745	KUB 28.37	Rs. r. Kol. 8	3	[ [ x-ri-ia-ad-du	
745	KUB 28.37	Rs. r. Kol. 9	5	[ [ [e]š-du [ [	
745	KUB 28.37	Rs. r. Kol. 10	4	[ [ x-at-pí-nu[ [	
745	KUB 28.37	Rs. r. Kol. 11	5	[ [ -e [ [	
745	KUB 28.37	Rs. r. Kol. 12	4	[ [ [-z]i(-)[ [	
745	KUB 28.38	lk. Kol. 1′	1	te-x[	
745	KUB 28.38	lk. Kol. 2′	2	[i-ta-a [x[	
745	KUB 28.38	lk. Kol. 3′	2	[te-ka-a-at [[	
745	KUB 28.38	lk. Kol. 4′	2	[iš-ta-ḫa-i-mu-ú [x[	
745	KUB 28.38	lk. Kol. 5′	2	[wa-i-šu [te-em-mu-kán-š[i	
745	KUB 28.38	lk. Kol. 6′	3	[le-e-wa-aš [me-eš-wa-a-aš [[	
745	KUB 28.38	lk. Kol. 7′	2	[wa-aš-ḫa-pé-e-el [zi-i[n-	
745	KUB 28.38	lk. Kol. 8′	3	[ú-ri-il [ša-i-il [x[	
745	KUB 28.38	lk. Kol. 9′	2	[te-eš-ta-ú-ul [ša-i-i[l	
745	KUB 28.38	lk. Kol. 10′	2	[zu-ú-um [[	
745	KUB 28.38	lk. Kol. 11′	1	[wa-se-e-e[t	
745	KUB 28.38	lk. Kol. 12′	1	[ta-ḫ[a]-x[	
745	KUB 28.38	lk. Kol. 13′	2	[x [x[	
745	KUB 28.39	Vs. r. Kol. 1′	1	]x	
745	KUB 28.39	Vs. r. Kol. 2′	1	]x	
745	KUB 28.39	Vs. r. Kol. 3′	1	]x	
745	KUB 28.39	Vs. r. Kol. 4′	1	-r]u-up	
745	KUB 28.39	Vs. r. Kol. 5′	1	]x	
745	KUB 28.39	Vs. r. Kol. 6′	1	]x	
745	KUB 28.39	Vs. r. Kol. 7′	1	]x	
745	KUB 28.39	Rs. r. Kol. 1′	1	]x	
745	KUB 28.39	Rs. r. Kol. 2′	1	-d]u-ú-ḫa-an-za-a-la-pu	
745	KUB 28.39	Rs. r. Kol. 3′	1	]-ḫu	
745	KUB 28.39	Rs. r. Kol. 4′	1	]x-aš-pu-i-il	
745	KUB 28.39	Rs. r. Kol. 5′	1	]-ḫu	
745	KUB 28.39	Rs. r. Kol. 6′	1	]-ni-wa-aš	
745	KUB 28.39	Rs. r. Kol. 7′	1	]-e-wa-al	
745	KUB 28.39	Rs. r. Kol. 8′	2	-a]l-wu-u ḫa-an-wa-aš	ḫa-an-wa-aš
745	KUB 28.39	Rs. r. Kol. 9′	1	]x-e	
745	KUB 28.39	Rs. r. Kol. 10′	2	] li-ša-ki-il	li-ša-ki-il
745	KUB 28.39	Rs. r. Kol. 11′	1	]-aš	
745	KUB 28.61	Vs. r. Kol. 1′	1	]x[	
745	KUB 28.61	Vs. r. Kol. 2′	2	[ ša-ru-u-š[i	
745	KUB 28.61	Vs. r. Kol. 3′	4	[ x-we še-el-la šu-u[p	še-el-la
745	KUB 28.61	Vs. r. Kol. 4′	3	[ ma-a-ḫi-ip-wa te-e-tu-u-ḫa-i[p-we	ma-a-ḫi-ip-wa
745	KUB 28.61	Vs. r. Kol. 5′	3	[ te-e-tu-u-ḫa-ip-we tu-u-m[a-il	te-e-tu-u-ḫa-ip-we
745	KUB 28.61	Vs. r. Kol. 6′	4	[ x tu-u-ma-il [	tu-u-ma-il
745	KUB 28.61	Vs. r. Kol. 7′	4	[ x-ti-u-šu še-el-li šu-we-[	še-el-li
745	KUB 28.61	Vs. r. Kol. 8′	4	[ [-t]i-u-šu te-e-pu-u-uz le-e-wa-[	te-e-pu-u-uz
745	KUB 28.61	Vs. r. Kol. 9′	6	[ -a-ra-nu x[ [ -uz le-e-[	
745	KUB 28.61	Vs. r. Kol. 10′	4	[ x(-)li-[ [ x[	
745	KUB 28.61	Rs. r. Kol. 1′	3	[[ [ x-A[Ḫ-	
745	KUB 28.61	Rs. r. Kol. 2′	3	[[ [ x-AḪ-t[a	
745	KUB 28.61	Rs. r. Kol. 3′	3	[[ [ x-a(-)[	
745	KUB 28.61	Rs. r. Kol. 4′	3	[[ [ [-i]n(-)[	
745	KUB 28.61	Rs. r. Kol. 5′	3	[[ [ [(-)e]š-ḫa-a[p	
745	KUB 28.61	Rs. r. Kol. 6′	4	[[ [ x-ti [	
745	KUB 28.61	Rs. r. Kol. 7′	3	[[ [ [	
745	KUB 28.61	Rs. r. Kol. 8′	3	[[ [ x-ḫa-ga-a-ša-ni-w[a(-)	
745	KUB 28.61	Rs. r. Kol. 9′	3	[i-im-[ma-am(-) x-wa-ia i-im-ma-a[m	
745	KUB 28.61	Rs. r. Kol. 10′	4	[te-e-du-[ [ x mu-u-zu-i-še-li	mu-u-zu-i-še-li
745	KUB 28.61	Rs. r. Kol. 11′	2	te-e-te-du-uḫ mu-u-zu-i-še-li	te-e-te-du-uḫ mu-u-zu-i-še-li
745	KUB 28.64	Vs. 1	3	]x-taḫ Dka-a-am-ma-ma te-w[u-u-uš-ni	ka-a-am-ma-ma
745	KUB 28.64	Vs. 2	3	[ (-)le-e-pí-in ka-a-at-t[e	
745	KUB 28.64	Vs. 3	2	[ x-li-ik	
745	KUB 28.64	Vs. 4	3	]x ta-ḫa-a-ak-ka-nu ta-ni-i-wa-aš	ta-ḫa-a-ak-ka-nu ta-ni-i-wa-aš
745	KUB 28.64	Vs. 5	3	]x ma-ne-e(-)le-e-mu-u-uš 〈〈x〉〉	ma-ne-ele-e-mu-u-uš
745	KUB 28.64	Vs. 6	1	]-ul	
745	KUB 28.64	Vs. 7	1	]x-el-tu(-)up-zi-in-ti	
745	KUB 28.64	Vs. 8	1	]-tu	
745	KUB 28.64	Vs. 9	2	-i]l te-wu-u-uš-ni	te-wu-u-uš-ni
745	KUB 28.64	Vs. 10	1	](-)wu-ru-uš-ši-mu-ú	wu-ru-uš-ši-mu-ú
745	KUB 28.64	Vs. 11	1	]x-ma	
745	KUB 28.65	Vs. lk. Kol. 1′	2	ma-za-ri-il-li [	ma-za-ri-il-li
745	KUB 28.65	Vs. lk. Kol. 2′	2	[ma-a [ta-ḫu-ru-m[i-it	
745	KUB 28.65	Vs. lk. Kol. 3′	2	[ta-ḫu-ru-mi-it [[	
745	KUB 28.65	Vs. lk. Kol. 4′	2	[ma-a [ga-x[	
745	KUB 28.65	Vs. lk. Kol. 5″	1	[ḫa-nu-un(-)[	
745	KUB 28.65	Vs. lk. Kol. 6″	1	[ḫa-nu-u[n(-)	
745	KUB 28.65	Vs. lk. Kol. 7″	2	[ma [k[a-	
745	KUB 28.65	Vs. lk. Kol. 8″	1	[[k]a-ḫa-x[	
745	KUB 28.65	Vs. lk. Kol. 9″	1	[ták-k[a-	
745	KUB 28.65	Vs. lk. Kol. 10″	1	[x[	
745	KUB 28.66	lk. Kol. 1′	1	-n]u	
745	KUB 28.66	mit. Kol. 1′	6	[t]e-tu-u-u[p] x ḫa x x[ [	ḫa
745	KUB 28.66	mit. Kol. 2′	3	le-e-aš-ta-aš-ta wa-wa-a[r- [	le-e-aš-ta-aš-ta
745	KUB 28.66	mit. Kol. 3′	2	te-tu-mi-iš le-e-wu-u-ur	te-tu-mi-iš le-e-wu-u-ur
745	KUB 28.66	mit. Kol. 4′	1	le-e-aš-ta-aš-ta-ar	le-e-aš-ta-aš-ta-ar
745	KUB 28.66	mit. Kol. 5′	2	ta-a-ša-šu-u-it wu-u-ur-ti-wu-uš	ta-a-ša-šu-u-it wu-u-ur-ti-wu-uš
745	KUB 28.66	mit. Kol. 6′	2	[x]-a-li-iš-tu-u-uš an-ta-ḫe-el-x[	
745	KUB 28.66	mit. Kol. 7′	7	[ [ x-ta-wu-u(-)x[ x x x[ [	
745	KUB 28.66	mit. Kol. 8′	4	[ [ x-zi-n[e [	
745	KUB 28.66	mit. Kol. 9′	4	[ [ -za(-)te-x[ [	
745	KUB 28.67	r. Kol. 1′	1	ta-ḫa-a-[	
745	KUB 28.67	r. Kol. 2′	1	[ma-a-ḫa-al-[	
745	KUB 28.67	r. Kol. 3′	1	[ma-a-ḫa-al-l[i	
745	KUB 28.67	r. Kol. 4′	3	[〈〈ma〉〉 [ta-al-l[e-e [	
745	KUB 28.67	r. Kol. 5′	1	[iš-pa-a-tar-zi-a[š	
745	KUB 28.67	r. Kol. 6′	1	[le-e-ḫa-lu-u(-)[	
745	KUB 28.67	r. Kol. 7′	1	[wa-aš-ḫu-ú-l[i-	
745	KUB 28.67	r. Kol. 8′	1	[le-e-ša-k[i-	
745	KUB 28.67	r. Kol. 9′	1	[ta-al-le-e-[	
745	KUB 28.67	r. Kol. 10′	1	[iš-we-et-x[	
745	KUB 28.67	r. Kol. 11′	1	[[š]a-pa-a-i-x[	
745	KUB 28.67	r. Kol. 12′	2	[[ -a-x[	
745	KUB 28.68	r. Kol. 1′	1	]-te	
745	KUB 28.68	r. Kol. 2′	1	-š]a-aḫ-zi-in-ti	
745	KUB 28.68	r. Kol. 3′	3	-w]i-wu-ú-un te-[ [	
745	KUB 28.68	r. Kol. 4′	3	-w]a-pu-le-e-ia [ [	
745	KUB 28.68	r. Kol. 5′	2	]x-wa-aš-nu-wa-aš-nu [	
745	KUB 28.68	r. Kol. 6′	2	]x ḫa-li-wa-aš-nu-w[a-	
745	KUB 28.68	r. Kol. 7′	3	]x(-)ak-ḫa-al-ši [ [	
745	KUB 28.68	r. Kol. 8′	3	-i]n li-ú-wa-x[ [	
745	KUB 28.68	r. Kol. 9′	4	-i]n li-ik-ma [ [	li-ik-ma
745	KUB 28.68	r. Kol. 10′	3	-i]n pa-la ni-p[u	pa-la
745	KUB 28.68	r. Kol. 11′	3	-i]n li-ú-[ [	
745	KUB 28.68	r. Kol. 12′	2	]x[ [	
745	KUB 28.69	Vs. lk. Kol. 1′	1	x-li-x[	
745	KUB 28.69	Vs. lk. Kol. 2′	1	[uš-šu-ú-x[	
745	KUB 28.69	Vs. lk. Kol. 3′	2	[[p]a-la ḫa-ni-x[	
745	KUB 28.69	Vs. lk. Kol. 4′	1	[u-ku-la-le-e-x[	
745	KUB 28.69	Vs. lk. Kol. 5′	2	[pa-la [aḫ-za-š[a	
745	KUB 28.69	Vs. lk. Kol. 6′	1	[i-wa-aš-ta-an-t[u	
745	KUB 28.69	Vs. lk. Kol. 7′	2	[x x [x(-)a-ku-ḫu-x[	
745	KUB 28.69	Vs. lk. Kol. 8′	4	[[ [ x te-[	
745	KUB 28.69	Vs. lk. Kol. 9′	3	[[ [ [-p]í-i-i[n	
745	KUB 28.69	Vs. lk. Kol. 10′	3	[[ [ x-še-pa-ku(-)x[	
745	KUB 28.69	Vs. lk. Kol. 11′	3	[[ [ -zi-nu[	
745	KUB 28.69	Vs. lk. Kol. 12′	3	[[ [ -ut-ḫi-za[	
745	KUB 28.69	Vs. lk. Kol. 13′	5	[[ [ x[ [ x[	
745	KUB 28.72	Vs. lk. Kol. 1′	5	[ [ -an-x[ [ -a-[	
745	KUB 28.72	Vs. lk. Kol. 2′	2	[Dwu-ru-un-kat-te [[	
745	KUB 28.72	Vs. lk. Kol. 3′	1	[Dḫa-an-wa-šu-ši(-)[	
745	KUB 28.72	Vs. lk. Kol. 4′	3	[Dka-a-at-taḫ [ši-i [za-aš-t[u-ú-li	
745	KUB 28.72	Vs. lk. Kol. 5′	2	[wi-il-wa-ḫi-ši [za-aš-t[u-ú-li	
745	KUB 28.72	Vs. lk. Kol. 6′	3	[DURAŠ-ma-ma [AN.BAR-an [[	
745	KUB 28.72	Vs. lk. Kol. 7′	3	[za-aš-tu-ú-li [Dḫa-a-mi [[	
745	KUB 28.72	Vs. lk. Kol. 8′	3	[za-aš-tu-ú-li [ḫa-aš-ma-ru-i [[	
745	KUB 28.72	Vs. lk. Kol. 9′	3	[za-aš-tu-ú-li [ši-i-wa-ru-ú [[	
745	KUB 28.72	Vs. lk. Kol. 10′	2	[ta-a-am-mu-nu-ut-tu-uz [[	
745	KUB 28.72	Vs. lk. Kol. 11′	2	[URUše-pí-it-tu-un [te-e-[	
745	KUB 28.72	Vs. lk. Kol. 12′	2	[ti-i-šu-um-ma-aš-ga-it [[	
745	KUB 28.72	Vs. lk. Kol. 13′	2	[za-aš-tu-ú-li [[	
745	KUB 28.72	Vs. lk. Kol. 14′	2	[ta-ḫa-a-kat-te-eḫ [[	
745	KUB 28.72	Vs. lk. Kol. 15′	2	[ú-ri-il [x[	
745	KUB 28.72	Vs. lk. Kol. 16′	2	[kam-zi-il [[	
745	KUB 28.72	Vs. lk. Kol. 17′	2	[tu-un-pa-a-al [x-[	
745	KUB 28.72	Vs. lk. Kol. 18′	3	[[ [ x[	
745	KUB 28.72	Rs. lk. Kol. 1′	3	[[ [ x(-)AḪ(-)[	
745	KUB 28.72	Rs. lk. Kol. 2′	3	[[ [ [-k]a(-)wa-aš-x[	
745	KUB 28.72	Rs. lk. Kol. 3′	3	[[ [ -e-ru-ša-a-x[	
745	KUB 28.72	Rs. lk. Kol. 4′	1	[[w]u-ri-ip(-)a-aš-z[a	
745	KUB 28.72	Rs. lk. Kol. 5′	1	[te-e-te-e[p	
745	KUB 28.72	Rs. lk. Kol. 6′	1	[e-eš-te-x[	
745	KUB 28.72	Rs. lk. Kol. 7′	1	[ka-a-ra(-)[	
745	KUB 28.72	Rs. lk. Kol. 8′	1	[ki-i-mi-[	
745	KUB 28.72	Rs. lk. Kol. 9′	1	[ta-a-wu(-)[	
745	KUB 28.72	Rs. lk. Kol. 10′	1	[su-u-u[r-	
745	KUB 28.72	Rs. lk. Kol. 11′	2	[x [x[	
745	KUB 28.73	1′	6	[ [ x x x ša-aḫ-[mu-lu-up	
745	KUB 28.73	2′	5	[[ [ x URUa-ri-in-na š[a-aḫ-mu-lu-up	a-ri-in-na
745	KUB 28.73	3′	5	[[ [ x URUḫa-at-tu-uš ša-aḫ-mu-[lu-up	ḫa-at-tu-uš
745	KUB 28.73	4′	2	[[URUz]i-ip-pa-la-an-ta ša-aḫ-mu-lu-[up	
745	KUB 28.73	5′	6	[[ [ x URUna-ra-ak ša-aḫ-mu-lu-up [	na-ra-ak ša-aḫ-mu-lu-up
745	KUB 28.73	6′	6	[[ [ x x-na pa-la ti-ku-un-ku-u[ḫ-ḫu-wa	pa-la
745	KUB 28.73	7′	5	[[ [ x-na pa-la ti-ku-un-ku-uḫ-[ḫu-wa	pa-la
745	KUB 28.73	8′	4	[[ [ x URUzi-ip-pa-la-an-[ta	
745	KUB 28.73	9′	7	[[ [ x x x x x x x[	
745	KUB 35.158	Vs. 1′	3	]x-lu-tar-we ḫa-x[ [	
745	KUB 35.158	Vs. 2′	4	]-a zi-i-up [ [	zi-i-up
745	KUB 35.158	Vs. 3′	2	](-)zi-i-ú-wa e-et-tu-u-uš	zi-i-ú-wa e-et-tu-u-uš
745	KUB 35.158	Vs. 4′	3	] ma-ak-ku-wa-at ta-a-aḫ-na-aš-du-uš	ma-ak-ku-wa-at ta-a-aḫ-na-aš-du-uš
745	KUB 35.158	Vs. 5′	2	-a]k-ki-mu wa-a-aš-ta-ḫa-ar	wa-a-aš-ta-ḫa-ar
745	KUB 35.158	Vs. 6′	2	]x-up wa-a-du-ru-ut-ta	wa-a-du-ru-ut-ta
745	KUB 35.158	Vs. 7′	5	]x ti-im-ma-ni te-e-u pu-uk-ku-[ [	ti-im-ma-ni te-e-u
745	KUB 35.158	Vs. 8′	4	]x zu-ú-wa-a me-ḫa-pa-x[ [	zu-ú-wa-a
745	KUB 35.158	Vs. 9′	5	]x-iš ka-a-le-eš m[i- [ [-r]a-aḫ-du	ka-a-le-eš
745	KUB 35.158	Vs. 10′	2	]x[ [	
745	KUB 35.158	Rs. 1	1	]-i-ia-lu-ul-la-ia	
745	KUB 35.158	Rs. 2′	1	]	
745	KUB 35.158	Rs. 3′	5	]x[ [ x[ [ x-pa-a-ak-ku	
745	KUB 35.158	Rs. 4′	3	]x-ḫa-at-ti-it-ti i-in-ta ḫa-u[n]	i-in-ta
745	KUB 35.158	Rs. 5′	4	]x-ḫa-pa-aš-du an-zi-i-li 〈〈x x〉〉	an-zi-i-li
745	KUB 35.158	Rs. 6′	1	]x	
745	KUB 35.158	Rs. 7′	2	](-)ti-pí-šu-ú it-ta-la-ta-ti	ti-pí-šu-ú it-ta-la-ta-ti
745	KUB 35.158	Rs. 8′	2	-t]i kal-ma-az-zu-ú	kal-ma-az-zu-ú
745	KUB 35.158	Rs. 9′	3	]x-in-ta ni-ia-a-ar zi-in-ti-il-ta-ap-pu-la	ni-ia-a-ar zi-in-ti-il-ta-ap-pu-la
745	KUB 35.158	Rs. 10′	4	] i-ia-at-ḫu-ut-ḫu-ut-ta in-ta-ak-ra-a-i[l [	i-ia-at-ḫu-ut-ḫu-ut-ta
745	KUB 35.158	Rs. 11′	5	] zi-un-pa-ḫi-in-na pa-ka-a-x-x[ x[ [	zi-un-pa-ḫi-in-na
745	KUB 35.158	Rs. 12′	5	]x x[ [ x-ta-aḫ-pa-x[ [	
745	KUB 35.158	Rs. 13′	2	]x-a-x[ [	
745	KUB 45.86	1′	4	[ [ x te-ep-pu-ú-l[i-i-a	
745	KUB 45.86	2′	4	[[ [ [t]e-ep-pu-ú-li-i-a [	
745	KUB 45.86	3′	5	[[ [ [t]e-e-ep MUNUStaḫ-ru-e-ša-an te-e-[ep	taḫ-ru-e-ša-an
745	KUB 45.86	4′	4	[[ [ [-e]p te-e-wa-ru-u-ki-it	te-e-wa-ru-u-ki-it
745	KUB 45.86	5′	3	[ [ [te-e-w]a-ap-pu-le-e-a	
745	KUB 45.86	6′	4	[ [ x te-mi-i-ša	te-mi-i-ša
745	KUB 45.87	1′	1	]x[	
745	KUB 45.87	2′	2	[ -ši-m[u-	
745	KUB 45.87	3′	2	[ [i-ma-a]l-ḫi-i[p	
745	KUB 45.87	4′	2	[ ue-wa-al-[	
745	KUB 45.87	5′	3	[ x i-ma-al-[ḫi-ip	
745	KUB 45.87	6′	3	[ [i-ma-al]-ḫi-ip zi-[	
745	KUB 45.87	7′	3	[ [-š]i-mu [	
745	KUB 45.87	8′	3	[ [-l]i-i-pí x[	
745	KUB 48.26	Vs. lk. Kol. 1	6	[ [ [ta](-)ni-i-ta ta-ni-i-ta [ [	ta-ni-i-ta
745	KUB 48.26	Vs. lk. Kol. 2	5	[ [ ta-ni-i-ta [ [	ta-ni-i-ta
745	KUB 48.26	Vs. lk. Kol. 3	5	[ [ [wa-at-š]u-u ta-ḫa-zé-la-šu(-)x[ [	
745	KUB 48.26	Vs. lk. Kol. 4	5	[ [ x-e GIŠal-ḫi-ia-wu(-)[ [	
745	KUB 48.26	Vs. lk. Kol. 5	5	[ [ [-a]l-la-a-i [ [	
745	KUB 48.26	Vs. lk. Kol. 6	5	[ [ wa-at-šu-u ta-ḫa-zé-la-š[u [	wa-at-šu-u
745	KUB 48.26	Vs. lk. Kol. 7	5	[ [ x-ḫa-ia-wi-li-u ši-mu-ú-x[ [	
745	KUB 48.26	Vs. lk. Kol. 8	5	[ [ [w]a-a-aš-ši-il du-ut-ḫa-a-x[ [	
745	KUB 48.26	Vs. lk. Kol. 9	3	x-na-a-ap-pé-el-lu-u la-ši-im(-)x[ [	
745	KUB 48.26	Vs. lk. Kol. 10	4	ma-la(-)ši-mu-ú-el Dta-li-we-nu x[ [	ma-laši-mu-ú-el ta-li-we-nu
745	KUB 48.26	Vs. lk. Kol. 11	4	uk-nu-un-nu mu-un-mu-nu-pu-ḫu-ti [ [	uk-nu-un-nu mu-un-mu-nu-pu-ḫu-ti
745	KUB 48.26	Vs. lk. Kol. 12	5	uk-nu-un-nu mu-un-mu-nu-pu-ḫu-ti we-ru-uš-nu [ [	uk-nu-un-nu mu-un-mu-nu-pu-ḫu-ti we-ru-uš-nu
745	KUB 48.26	Vs. lk. Kol. 13	4	mu-un-mu-nu-pu-ḫu-ti we-ru-uš-nu mu-un-mu-nu-pu-ḫu-t[i [	mu-un-mu-nu-pu-ḫu-ti we-ru-uš-nu
745	KUB 48.26	Vs. lk. Kol. 14	2	aš-ti-da-nu ḫa-ta-za-al-za-aš-ti	aš-ti-da-nu ḫa-ta-za-al-za-aš-ti
745	KUB 48.26	Vs. lk. Kol. 15	3	aš-ti-da-nu ḫa-ta-za-al-za-aš-ti mi-li-ip-nu	aš-ti-da-nu ḫa-ta-za-al-za-aš-ti mi-li-ip-nu
745	KUB 48.26	Vs. lk. Kol. 16	4	ḫa-ú-wa-ḫi-la-še mi-li-ip-nu ḫa-ú-wa-ḫi-la-še aš-ta-ḫa-i-mu-un-nu	ḫa-ú-wa-ḫi-la-še mi-li-ip-nu ḫa-ú-wa-ḫi-la-še aš-ta-ḫa-i-mu-un-nu
745	KUB 48.26	Vs. lk. Kol. 17	3	ḫa-ap-ka-aš-šu-uḫ-za-ti ḫa-i-mu-un-nu ḫa-ap-ka-aš-šu-uḫ-za-ti	ḫa-ap-ka-aš-šu-uḫ-za-ti ḫa-i-mu-un-nu ḫa-ap-ka-aš-šu-uḫ-za-ti
745	KUB 48.26	Vs. lk. Kol. 18	4	še-wa-aḫ-nu [ [ we-ez-za-aš-ti	še-wa-aḫ-nu we-ez-za-aš-ti
745	KUB 48.26	Vs. lk. Kol. 19	5	du-uk-ka-wa [ [ -ti-pu-uš ma-ta-aš-du-nu(-)we-ri-ia-mu(-)[	du-uk-ka-wa
745	KUB 48.26	Vs. lk. Kol. 20	6	ti-li-ta-ru x[ [ [ma-t]a-aš-du-up(-)we-ri-ia-mu-u [ [	ti-li-ta-ru
745	KUB 48.26	Vs. lk. Kol. 21	5	wa-li-za-aš-li-ma-an [ [ [l]e-e-ta-aš-du-x[ [	wa-li-za-aš-li-ma-an
745	KUB 48.26	Vs. lk. Kol. 22	8	le-e-ma-ma ku-an-x[ [ x x[ [ x[ [	le-e-ma-ma
745	KUB 48.26	Vs. lk. Kol. 23	8	[ [ x x x[ [ x[ [	
745	KUB 48.31	Vs. 1′	1	]x-wa-ku-ni	
745	KUB 48.31	Vs. 2′	2	]x-in-ni-ma šar-ra-i-x[	
745	KUB 48.31	Vs. 3′	2	[ x-pí	
745	KUB 48.31	Vs. 4′	1	]-ki	
745	KUB 48.31	Rs. 1	1	]x-pa-am-pa-li-ki	
745	KUB 48.31	Rs. 2	1	-a]m-pa-li-ki	
745	KUB 48.31	Rs. 3	1	-l]i-ki	
745	KUB 48.33	1′	3	]x x[ [	
745	KUB 48.33	2′	3	] ša-a-[ [	
745	KUB 48.33	3′	3	] [ [	
745	KUB 48.33	4′	3	](-)tu-uz-zu-ú [ [	tu-uz-zu-ú
745	KUB 48.33	5′	1	]-la-u	
745	KUB 48.33	6′	1	](-)we-iš-ḫa-pí-li-u	we-iš-ḫa-pí-li-u
745	KUB 48.33	7′	1	]-ar	
745	KUB 48.33	8′	1	]-ar	
745	KUB 48.33	9′	1	]-ar	
745	KUB 48.33	10′	1	]-za	
745	KUB 48.33	11′	2	]-ta[ [	
745	KUB 48.36	Vs. 1′	2	ki-i-ip l[a	ki-i-ip
745	KUB 48.36	Vs. 2′	1	[a-an-ba-la-x[	
745	KUB 48.36	Vs. 3′	2	[i-ta-a-ba [ḫa-a-[	
745	KUB 48.36	Vs. 4′	2	[i-ta-a-ba [ḫa-[	
745	KUB 48.36	Vs. 5′	2	[še-e-et [gi-zé-[	
745	KUB 48.36	Vs. 6′	2	[še-e-et [gi-z[é-	
745	KUB 48.36	Vs. 7′	2	[[t-ta]-a x[	
745	KUB 48.36	Vs. 8′	4	[[ [ x [	
745	KUB 48.36	Rs. 1′	1	[ḫ[a-	
745	KUB 48.36	Rs. 2′	1	[l[i-	
745	KUB 48.36	Rs. 3′	2	[a-x[ [	
745	KUB 48.36	Rs. 4′	1	[x[	
745	KUB 48.36	Rs. 5′	1	[w[a-	
745	KUB 48.36	Rs. 6′	1	[l[i-	
745	KUB 48.36	lk. Rd. 1	4	[ x x-ia-ma le-e-ne-ša(-)[	
745	KUB 48.36	lk. Rd. 2	3	[ x-a-an-tu-u-ma te-e-up(-)nu(-)[	
745	KUB 48.36	lk. Rd. 3	3	[ [t]e-e du-ú-up-x-nu-ú-ne-x[	
745	KUB 48.36	lk. Rd. 4	3	[ ḫa-wa-aš tu-ú-i(-)l[i-	ḫa-wa-aš
745	KUB 48.36	lk. Rd. 5	3	[ x-an-tu-u-ma te-e-pí-n[u(-)	
745	KUB 48.36	lk. Rd. 6	3	[ -tu wu-ru-un-te(-)[	
745	KUB 48.36	lk. Rd. 7	3	[ -ḫu-na-a-an še-e[l(-)	
745	KUB 48.38	Rs. 1	5	]-a ḫa-a-ḫa-ia zi-ia-aš-te x x x[	ḫa-a-ḫa-ia zi-ia-aš-te
745	KUB 48.38	Rs. 2	4	[ x-ne-wa-aš x-li-ma [	
745	KUB 48.38	Rs. 3	2	[ -at-táḫ(-)[	
745	KUB 48.38	Rs. 4	2	[ (-)ka[m	
745	KUB 48.38	Rs. 5	2	[ [-r]u-uḫ(-)[	
745	KUB 48.38	Rs. 6	2	[ (-)tu(-)[	
745	KUB 48.38	Rs. 7	2	[ x-ša-x[	
745	KUB 48.39	1′	2	]-e-ḫu i-d[a-	
745	KUB 48.39	2′	3	[ x eš-t[u-	
745	KUB 48.39	3′	3	[ [i-t]a-a-ba aḫ-ku-mi(-)[	
745	KUB 48.39	4′	4	[ x-ru-u-ḫu pa-a-ma [	pa-a-ma
745	KUB 48.39	5′	2	[ -wa-áz-su-ú-un-ḫ[u	
745	KUB 48.39	6′	3	[ [i-t]a-a-ḫu pa-a-m[a	
745	KUB 48.39	7′	3	[ [i-ta]-a-ḫu i-ta-a-[	
745	KUB 48.39	8′	3	[ [t]a-a-ḫu pa-l[a	
745	KUB 48.39	9′	2	[ x-eš-su-ú-[	
745	KUB 48.41	1′	1	]x-en(-)pí-x[	
745	KUB 48.41	2′	2	[ [	
745	KUB 48.41	3′	3	[ [k]a-at-ti za-a-a[r(-)	
745	KUB 48.41	4′	2	[ [(-)w]a-tu-uš-ta-x[	
745	KUB 48.41	5′	2	[ [(-)w]a-tu-uš-ta-x[	
745	KUB 48.41	6′	3	[ [Dka-at-te-eš-ḫ]a-wi ka-a-x[	
745	KUB 48.41	7′	3	[ [k]a-a-at-ti [	
745	KUB 48.41	8′	3	[ x x[	
745	KUB 48.42	1′	1	]x[	
745	KUB 48.42	2′	3	[ x x[	
745	KUB 48.42	3′	2	[ (-)en-za-a-ar(-)x[	
745	KUB 48.42	4′	2	[ [	
745	KUB 48.42	5′	4	[ x za-aš-x-ú-un ta-a-t[a-e-et	
745	KUB 48.42	6′	3	[ta-a-ta]-e-et wa-a-i-šu-ḫe-el-lu t[a-	wa-a-i-šu-ḫe-el-lu
745	KUB 48.42	7′	4	[ x-ḫu-un-na ta-a-ta-e-et x[	ta-a-ta-e-et
745	KUB 48.42	8′	2	[ [	
745	KUB 48.42	9′	3	[ x-zi-pí-i-na te-e-t[a-	
745	KUB 48.42	10′	6	[ x-tu-u [ [ (-)eš-x-na-aš [	
745	KUB 48.43	1′	1	(-)l]i-iš-ta(-)[	
745	KUB 48.43	2′	3	[za-al-ḫ]a-ip-pí-ia x-ki [	
745	KUB 48.43	3′	4	[ x za-al-ḫa-ip-pí-ia [	za-al-ḫa-ip-pí-ia
745	KUB 48.43	4′	2	[ x-zu-mu(-)[	
745	KUB 48.43	5′	2	[ [	
745	KUB 48.43	6′	4	[ x x el-la-aš-ḫu-wa(-)[	
745	KUB 48.43	7′	3	[ -an-na ma-a-w[a	
745	KUB 48.43	8′	3	[ x x[	
745	KUB 48.44	1′	2	]x x[	
745	KUB 48.44	2′	2	[ x(-)la(-)[	
745	KUB 48.44	3′	2	[ x-at-ša(-)[	
745	KUB 48.44	4′	3	[ -at-ta ḫa-[	
745	KUB 48.44	5′	4	[ x-a-la pí-i-nu [	pí-i-nu
745	KUB 48.44	6′	2	[ (unbeschrieben)	
745	KUB 48.44	7′	2	]-e-wa-aš ta-a-[	
745	KUB 48.44	8′	2	x-ia-wa [	
745	KUB 48.44	9′	2	[ x-wa-ša-i[a	
745	KUB 48.44	10′	2	[ x[	
745	KUB 48.45	Vs. 1′	1	]x-s[i	
745	KUB 48.45	Vs. 2′	3	[ x x[	
745	KUB 48.45	Vs. 3′	3	[ x x[	
745	KUB 48.45	Rs. 1	3	[ 𒉽 [	
745	KUB 48.45	Rs. 2	2	[ [wu]-ru-un-kat-t[e-i-nu	
745	KUB 48.45	Rs. 3	2	[wu-ru-u]n-kat-te-i-nu [	
745	KUB 48.45	Rs. 4	2	[ [	
745	KUB 48.45	Rs. 5	2	[ x-li-ip-p[a(-)	
745	KUB 48.45	Rs. 6	3	[ [-a]z li-ip-[pa(-)	
745	KUB 48.45	Rs. 7	2	[ li-i[š-	
745	KUB 48.45	Rs. 8	2	[ wu-ru-u[n-kat-te-i-nu	
745	KUB 48.45	Rs. 9	2	[ (-)ka-wu-[	
745	KUB 48.45	Rs. 10	2	[ x-ú-wa(-)[	
745	KUB 48.45	Rs. 11	3	[ x ap-[	
745	KUB 48.45	Rs. 12	2	[ x[	
745	KUB 48.46	Vs. (lk. Kol.) 1′a	1	x[	
745	KUB 48.46	Vs. (lk. Kol.) 2′a	2	[9 [[	
745	KUB 48.46	Vs. (lk. Kol.) 3′a	2	[[ -a-ḫa-[	
745	KUB 48.46	Vs. (lk. Kol.) 4′a	3	[[ [ x	
745	KUB 48.46	Vs. (r. Kol.) 1′b	1	i-ia-[	
745	KUB 48.46	Vs. (lk. Kol.) 5′a	3	[[ [ x	
745	KUB 48.46	Vs. (r. Kol.) 2′b	2	𒑱 i-i[a-	
745	KUB 48.46	Vs. (r. Kol.) 3′b	2	[𒀹 [i-i[a-	
745	KUB 48.46	Vs. (r. Kol.) 4′b	2	[𒀹 [i-i[a-	
745	KUB 48.46	Vs. (lk. Kol.) 7′a	4	[[ [ x[ [	
745	KUB 48.46	Rs. (r. Kol.) 1′b	2	𒑱 a-aḫ-[	
745	KUB 48.46	Rs. (r. Kol.) 2′b	2	[𒑱 [an-nu-x[	
745	KUB 48.46	Rs. (r. Kol.) 3′b	2	[i-ia-lu-ul-la [i-ia-l[u-	
745	KUB 48.46	Rs. (r. Kol.) 4′b	5	[𒑱 [lu-wa-i-ú [ma-a-i [lu-wa-a-i [[	
745	KUB 48.46	Rs. (r. Kol.) 5′b	5	[𒑱 [il-la [lu-wa-a-i-ú [la-a(-)[ [===	
745	KUB 48.46	Rs. (r. Kol.) 6′b	3	[al-lu-wa-i-ú [i-ia-a [ú-wa-lu-[	
745	KUB 48.46	Rs. (r. Kol.) 7′b	4	[𒑱 [al-lu-wa-i-ú [i-ia-a [ú-wa-l[u-	
745	KUB 48.46	Rs. (r. Kol.) 8′b	4	[𒑱 [ma-a-ia [lu-wa-a-i-ú [ka-x[	
745	KUB 48.46	Rs. (r. Kol.) 9′b	3	[a-li-lu [i-ia-li-lu [a-la-[	
745	KUB 48.46	Rs. (lk. Kol.) 1′a	3	[[ [ x-i-ni-ia	
745	KUB 48.46	Rs. (r. Kol.) 10′b	3	𒑱 Dda-la-bi-nu da-la-[	da-la-bi-nu
745	KUB 48.46	Rs. (lk. Kol.) 2′a	3	[[ [ x	
745	KUB 48.46	Rs. (r. Kol.) 11′b	4	𒑱 ta-la-ia i-ia-aḫ-š[u(-) [===	ta-la-ia
745	KUB 48.46	Rs. (lk. Kol.) 3′a	3	[[ [ x-maḫ	
745	KUB 48.46	Rs. (r. Kol.) 12′b	2	ša-ba-ap-ta-ad-du taḫ-x[	ša-ba-ap-ta-ad-du
745	KUB 48.46	Rs. (r. Kol.) 13′b	3	[𒑱 [ša-ba-ap-ta-ad-du [ša-[	
745	KUB 48.46	Rs. (lk. Kol.) 4′a	3	[[ [ x	
745	KUB 48.46	Rs. (r. Kol.) 14′b	3	𒑱 ša-ba-ap-ta-ad-du ma-d[a-	ša-ba-ap-ta-ad-du
745	KUB 48.46	Rs. (r. Kol.) 15′b	4	[𒑱 [ša-ba-ap-ta-ad-du [[ x-a[p(-)	
745	KUB 48.46	Rs. (r. Kol.) 16′b	3	[𒑱 [šu-u-da-ba-a-aš [aš-ta-ḫa-x[	
745	KUB 48.46	Rs. (r. Kol.) 17′b	4	[𒑱 [il-la-wa [il-la-wa [[	
745	KUB 48.46	Rs. (lk. Kol.) 5′a	3	[[ [ [-ma]ḫ	
745	KUB 48.46	Rs. (r. Kol.) 18′b	2	túḫ-kiš-ma zi-in-da-ra-x[	túḫ-kiš-ma
745	KUB 48.46	Rs. (r. Kol.) 19′b	3	[𒑱 [lu-wa-i-ú [i-il-x[	
745	KUB 48.46	Rs. (r. Kol.) 20′b	4	[𒑱 [i-ia-a [ú-wa-lu [[	
745	KUB 48.46	Rs. (r. Kol.) 21′b	4	[𒑱 [i-ia [ú-wa-lu [x[	
745	KUB 48.46	Rs. (r. Kol.) 22′b	2	[li-na-ia [[	
745	KUB 48.46	Rs. (r. Kol.) 23′b	2	[𒑱 [x[	
745	KUB 48.50	1′	2	]x x[	
745	KUB 48.50	2′	2	[ [k]ur-ku-we-e[n-	
745	KUB 48.50	3′	2	[ x-al-x[	
745	KUB 48.51	1′	3	] ma-a [	ma-a
745	KUB 48.51	2′	3	[ ša-i-il [	ša-i-il
745	KUB 48.51	3′	4	[ [-r]u kat-te [	kat-te
745	KUB 48.51	4′	3	[ -li-i-ú [	
745	KUB 48.51	5′	3	[ x-ku-ut tu-ḫa-an-x[	
745	KUB 48.51	6′	4	[ x x [	
745	KUB 48.51	7′	4	[ x x [	
745	KUB 48.52	Vs.? 1′	2	]-pí-in-nu ta-we-x[	
745	KUB 48.52	Vs.? 2′	2	[ [t]a-le-eš-tu-uš-tu-[	
745	KUB 48.52	Vs.? 3′	2	[ [t]a-le-eš-tu-uš-tu-[	
745	KUB 48.52	Vs.? 4′	2	[ te-šu-ú-ut-ḫ[i]-i[l(-)	
745	KUB 48.52	Rs.? 1	3	[ x-te-ku-u-ru ta-a[k-	
745	KUB 48.52	Rs.? 2	4	[ x-kán-ti-u ti-i-za-a-an [	ti-i-za-a-an
745	KUB 48.52	Rs.? 3	3	[ [l]a-a-la-an-te-wu-u-ur x[	
745	KUB 48.52	Rs.? 4	4	[ x-ú-pí-in ḫa-x x[	
745	KUB 48.52	Rs.? 5	3	[ -a-aḫ [	
745	KUB 48.54	1′	6	ta-b]a-ar-na [ [ x[ [ x[	ta-ba-ar-na
745	KUB 48.54	2′	3	[ x-i-šu-mi-in-ba-ma wa-k[a-	
745	KUB 48.54	3′	3	[ x-i-šu-mi-in-ba-ma wa-k[a-	
745	KUB 48.54	4′	3	[ x-ta-ka-wa-i-ú-uš-ta-an [	
745	KUB 48.54	5′	2	[ [l]e-e-ta-a-i-pí-nu-u[n	
745	KUB 48.54	6′	3	[ x le-e-ta-a-i-zi-we-ku-u-l[a	
745	KUB 48.54	7′	4	[ x-un(-)le-e-x x x[	
745	KUB 48.54	8′	8	[ x x x[ [ x x x[	
745	KUB 48.55	r. Kol. 1′	1	m[a-	
745	KUB 48.55	r. Kol. 2′	1	[eš-ta-a-[an	
745	KUB 48.55	r. Kol. 3′	2	[pí-tu-u [[	
745	KUB 48.55	r. Kol. 4′	1	[eš-pa-a-ḫa-x[	
745	KUB 48.55	r. Kol. 5′	2	[še-ep-zi-il [x[	
745	KUB 48.55	r. Kol. 6′	3	[x x [x [ḫa-pal-k[i	
745	KUB 48.55	r. Kol. 7′	4	[[ [ [kat-t]e-e [	
745	KUB 48.55	r. Kol. 8′	4	[[ [ x x[	
745	KUB 48.55	r. Kol. 9′	3	[[ [ x[	
745	KUB 48.57	1′	2	]x le-e-ka-aš-wa-x[	
745	KUB 48.57	2′	1	]-i-iḫ(-)pa-la-a-an	
745	KUB 48.57	3′	2	]x-ú-un kur-ku-we-en-na	kur-ku-we-en-na
745	KUB 48.57	4′	1	](-)ka-la-a-pu-ša-a-u	ka-la-a-pu-ša-a-u
745	KUB 48.57	5′	1	]x-ki-i-el	
745	KUB 48.57	6′	1	]-zi-i-le-eš-šu-ú	
745	KUB 48.57	7′	1	](-)wa-a-ap-pu	wa-a-ap-pu
745	KUB 48.57	8′	2	]x x[	
745	KUB 48.58	1′	2	]x [	
745	KUB 48.58	2′	3	[ x-ḫa-a ša-a-i-i[l	
745	KUB 48.58	3′	3	[ x at-ga-az(-)[	
745	KUB 48.58	4′	3	[ [-i]š ḫa-an-na-aš-ši-wa-aḫ-x[	
745	KUB 48.58	5′	3	[ (-)pí-i-u pu-ú-lu-up-ta(-)šu-[	
745	KUB 48.58	6′	3	[ -ú-un ti-ip-du-ga-lu-u-l[a(-)	
745	KUB 48.58	7′	4	[ x-ḫi-il 〈〈x〉〉 [	
745	KUB 48.58	8′	3	[ [-i]l za-aš-nu-ú(-)[	
745	KUB 48.58	9′	2	[ up-ḫa-a-[	
745	KUB 48.58	10′	3	[ x x[	
745	KUB 48.60	Vs.? 1′	3	]x[ [ [	
745	KUB 48.60	Vs.? 2′	1	]	
745	KUB 48.60	Vs.? 3′	1	]x[	
745	KUB 48.60	Vs.? 4′	4	]x x x[ [	
745	KUB 48.60	Vs.? 5′	3	te]-ḫi-il(-)[ [ x-wi	
745	KUB 48.60	Vs.? 6′	2	-š]a-aḫ le-e-ḫa-na-a-ú	le-e-ḫa-na-a-ú
745	KUB 48.60	Vs.? 7′	1	](-)te(-)ku-úr-ku-we-in-na	teku-úr-ku-we-in-na
745	KUB 48.60	Rs.? 2	1	]-a-a[ḫ(-)	
745	KUB 48.62	1′	2	] x[	
745	KUB 48.62	2′	2	[ [-t]a-ḫu-u-x[	
745	KUB 48.62	3′	3	[ -wa-u-un te-ep-[	
745	KUB 48.62	4′	2	-a-ar ta-a-aš-ta-x[	
745	KUB 48.62	5′	3	[ x-it d[u-	
745	KUB 48.63	1′	1	]x	
745	KUB 48.63	2′	1	]-el	
745	KUB 48.63	3′	1	]	
745	KUB 48.63	4′	1	]	
745	KUB 48.63	5′	3	]x an-ni-wa-du-x[ [	
745	KUB 48.64	1′	1	-ḫ]a-x[	
745	KUB 48.64	2′	2	[-w]a [	
745	KUB 48.64	3′	2	[ te-e-ia-li(-)x[	
745	KUB 48.64	4′	3	[ -u [	
745	KUB 48.64	5′	2	[ (-)a-an-du-l[i(-)	
745	KUB 48.64	6′	2	[ x-u-re-e-x[	
745	KUB 48.64	7′	3	[ -mu [	
745	KUB 48.64	8′	2	[ -iz-[	
745	KUB 48.64	9′	2	[ x[	
745	KUB 48.65	1′	2	]x x[	
745	KUB 48.65	2′	4	[ -ú-un-ne(-)x x x x[	
745	KUB 48.65	3′	3	x-pí-im-mu-u ka-at-te [	ka-at-te
745	KUB 48.65	4′	3	[ x-at-ta-le-el-ma kat-t[a-	
745	KUB 48.65	5′	4	[ x[ x-aḫ-ḫe-el ti-t[u-	
745	KUB 48.65	6′	3	[ -a-za-aš [	
745	KUB 48.65	7′	3	[ [t]a-a-ru tu-uk-z[i-	
745	KUB 48.65	8′	3	[ x zu-wa-a-x[	
745	KUB 48.65	9′	2	[ x[	
745	KUB 48.66	1′	1	]-in	
745	KUB 48.66	2′	1	]x-ḫi-i-ip	
745	KUB 48.66	3′	1	]x-še	
745	KUB 48.66	4′	1	-i]z-zi-i-ip	
745	KUB 48.66	5′	1	]x-mi	
745	KUB 48.66	6′	1	-z]i-i-ip	
745	KUB 48.66	7′	3	]x x [	
745	KUB 48.67	1′	2	]x[ [	
745	KUB 48.67	2′	4	[ x x [	
745	KUB 48.67	3′	2	[ x	
745	KUB 48.67	4′	2	]-aš-šu pa-ar-ra(-)[	
745	KUB 48.67	5′	1	x-ḫu-te-ep	
745	KUB 48.67	6′	1	]x	
745	KUB 48.67	7′	1	]x	
745	KUB 48.68	lk. Kol. 1′	1	]x	
745	KUB 48.68	r. Kol. 1′	1	a-[	
745	KUB 48.68	r. Kol. 2′	1	[te-e-x[	
745	KUB 48.68	r. Kol. 3′	1	[li-li-x[	
745	KUB 48.68	r. Kol. 4′	1	[te-e-ḫa-a[r(-)	
745	KUB 48.68	r. Kol. 5′	1	[te-ep-pu-t[a(-)	
745	KUB 48.68	r. Kol. 6′	1	[te-ek-za-šu-l[a	
745	KUB 48.68	r. Kol. 7′	1	[te-ek-za-š[u-la	
745	KUB 48.68	r. Kol. 8′	3	[x[ [ x[	
745	KUB 57.57	1′	2	]x[ [	
745	KUB 57.57	2′	4	]x-t[e- [ x[ [	
745	KUB 57.57	3′	3	]x ta-ze-el-wa(-)[ [	
745	KUB 57.57	4′	4	]-ia-ri-iš wa-a-ap-za-el [ [	wa-a-ap-za-el
745	KUB 57.57	5′	4	]x(-)tu-úr-tu-u wi-e-et-tu [ [	wi-e-et-tu
745	KUB 57.57	6′	4	]-e-u iš-wi-iš-di-la a-ta-a-ḫ[u [	iš-wi-iš-di-la
745	KUB 57.57	7′	4	]-šu-u Dka-taḫ-zi-pu-r[i]-šu [ [	
745	KUB 57.57	8′	3	ta-ba]-ar-na-ḫu la-pí-i-nu(-)wa-az-zi [	ta-ba-ar-na-ḫu la-pí-i-nuwa-az-zi
745	KUB 57.57	9′	2	]x-wu-ur wa-ḫe-el-lu-u	wa-ḫe-el-lu-u
745	KUB 57.57	10′	2	] ta-ḫa-a-la-x-na-aš-ši	
745	KUB 57.57	11′	2	t]a-ba-ar-na-an an-zi-in-na-x[	ta-ba-ar-na-an
745	KUB 57.57	12′	2	]x(-)tu-uḫ-ma wa-aḫ-šu-š[a	
745	KUB 57.57	13′	1	](-)x-ta-a-az-zi-le-e-u	
745	KUB 57.57	14′	1	]-pí	
745	KUB 57.57	15′	1	-t]a-ia	
745	KUB 57.57	16′	1	]x-aš-mi-i-šu-u	
745	KUB 57.57	17′	2	ta-ba-a]r-na-an le-e-a-ša-aḫ	ta-ba-ar-na-an le-e-a-ša-aḫ
745	KUB 57.57	18′	2	]x pár-ni-in-ga-aš	pár-ni-in-ga-aš
745	KUB 57.57	19′	1	]-ú-un	
745	KUB 57.57	20′	1	]x-a-el	
745	KUB 57.57	21′	1	]x-aš-ki-li-in-ša-x-el	
745	KUB 57.57	22′	1	]x-ni-maḫ	
745	KUB 57.57	23′	1	MUNUSta-wa-a]n-na-an-na-an	ta-wa-an-na-an-na-an
745	KUB 57.57	24′	1	le-e-a-š]a-aḫ	le-e-a-ša-aḫ
745	KUB 57.57	25′	1	]x-aḫ	
745	KUB 57.57	26′	1	-n]a-an	
745	KUB 57.57	27′	1	ḫa-te-e]k-ka-aš	ḫa-te-ek-ka-aš
745	KUB 60.133	1′	5	[ [ [-i]t x [	
745	KUB 60.133	2′	4	[[ [ [-i]l t[e-	
745	KUB 60.133	3′	4	[[ [ -x-ḫu-kań-ta ḫu-u[r-	
745	KUB 60.133	4′	3	[[ [ -i-it	
745	KUB 60.133	5′	4	[lu-ú-wa]-i-ia lu-ú-wa-a lu-ú-wa-i-ia [	lu-ú-wa-a lu-ú-wa-i-ia
745	KUB 60.133	6′	4	[[ [ [lu]-ú-wa-ma [	
745	KUB 60.133	7′	5	[[ [ -x-wa-e wa-at-ta-aš [	wa-at-ta-aš
745	KUB 60.133	8′	4	[[ [ ka-a-ḫu-la-a-la [	ka-a-ḫu-la-a-la
745	KUB 60.133	9′	3	[[ [ [-i]k-ta-a(-)x[	
745	KUB 60.133	10′	3	[[ [ x[	
745	Kelly B	1′	1	]-x(-)[	
745	Kelly B	2′	3	[ -iš x-aḫ(-)[	
745	Kelly B	3′	4	[ (-)x-e-waₓ-iš-pí x x x[	
745	Kelly B	4′	3	[ -ma zi-ḫa-ar-ta-a-il	zi-ḫa-ar-ta-a-il
745	Kelly B	5′	1	]-x-zu(-)šu-un-tu	
745	Kelly B	6′	1	](-)x-un-ta-a	
745	Kelly B	7′	3	](-)x(-)[ [ [-š]a	
745	Kelly B	8′	1	]x	
745	Privat 159	1′	2	] [	
745	Privat 159	2′	5	[ x x x[ x[	
745	Privat 159	3′	3	[ [k]a-a-aš-tu-wa-a [	
745	Privat 159	4′	3	[ x-a-aš ti-me-e[m-ma	
745	Privat 159	5′	3	[ x [	
745	Privat 159	6′	3	[ 2 [	
745	Privat 159	7′	2	[ -eš-ka-aḫ-z[i-iš	
745	Privat 159	8′	3	[ -un [	
745	Privat 159	9′	1	x-aš-tu-ú-[	
745	UBT 147	1′	3	]x x x[	
745	UBT 147	2′	1	[URUtu-ḫu-lu-k[a	
745	UBT 147	3′	2	[wa-zi-pa [lu-u-[	
745	UBT 147	4′	1	[a-wa-ak-k[a₄	
745	UBT 147	5′	1	[ma-an-x[	
745	UBT 147	6′	1	[túḫ-ḫa-a[š	
745	UBT 99	1′	1	](-)z[i(-)	
745	UBT 99	2′	2	[ [ḫ]a-wu-ú-u[n(-)	
745	UBT 99	3′	2	[Dta-a]-ru-u-un l[i-	
745	UBT 99	4′	3	[ x-nu-ú-un l[i-	
745	UBT 99	5′	3	[ -mi-eš-te-ni [	
745	UBT 99	6′	2	[ x-ma-eš-ša(-)[	
745	UBT 99	7′	3	[ x eš-šu-ra(-)[	
745	UBT 99	8′	5	[ x[ [ x x[	
746	ABoT 2.234	Vs. I 2	1	]x	
746	ABoT 2.234	Vs. I 3!	1	]x	
746	ABoT 2.234	Vs. I 4!	1	]x	
746	ABoT 2.234	Vs. II 1	6	[ [ x[ [ x i[š-t]a-ḫé-[e-eš	
746	ABoT 2.234	Vs. II 2	2	[ma-a-ti-wa [i-za-aš-li	
746	ABoT 2.234	Vs. II 3	3	[li-ip-pa [ta-at-ta [an-du-x[	
746	ABoT 2.234	Vs. II 4	3	[li-ip-pa [ta-at-ta [ḫa-x[	
746	ABoT 2.234	Vs. II 5	2	[[p]í-i-ú-uš-ti-li x[	
746	ABoT 2.234	Vs. II 6	4	[[ [ [l]i-ip-pa ta-[at-ta	
746	ABoT 2.234	Vs. II 7	4	[[ [ x [	
746	ABoT 2.234	Rs. III 1′	5	[[ [ x x ti-l[i	
746	ABoT 2.234	Rs. III 2′	2	[a-ni-e [wa-ra-a-[	
746	ABoT 2.234	Rs. III 3′	1	[ḫu-ur-ta-a-aš-li-i[p	
746	ABoT 2.234	Rs. III 4′	2	[taḫ-ḫa-an-ti [ti-wa-a-ri-x[	
746	ABoT 2.234	Rs. III 5′	2	[iš-ta-ḫe-e-eš [ma-a-ti-i-w[a	
746	ABoT 2.234	Rs. III 6′	2	[ú-uk-ma-a [ti-iš-ti-pu-l[i	
746	ABoT 2.234	Rs. III 7′	1	[ti-iš-ti-ia-ru	
746	ABoT 2.234	Rs. IV 4′!a	1	[-it	
746	IBoT 4.243	Rs.(?) 1′	1	-z]i-i[p-te-pé-el	
746	IBoT 4.243	Rs.(?) 2′	2	[ [l]i-zi-ip-t[e-pé-el	
746	IBoT 4.243	Rs.(?) 3′	2	[ [l]i-zi-ip-t[e-pé-el	
746	IBoT 4.243	Rs.(?) 4′	2	[ [l]i-zi-i[p-te-pé-el	
746	IBoT 4.243	Rs.(?) 5′	2	[ [l]i-zi-[ip-te-pé-el	
746	IBoT 4.243	Rs.(?) 6′	2	[ [l]i-z[i-ip-te-pé-el	
746	IBoT 4.243	Rs.(?) 7′	2	[ x[	
746	KBo 1.56	Vs. lk. Kol. 1′a	1	]-i[t]	
746	KBo 1.56	Vs. lk. Kol. 2′a	1	]-un	
746	KBo 1.56	Vs. lk. Kol. 3′a	1	]-li	
746	KBo 1.56	Vs. lk. Kol. 4′a	1	]-te	
746	KBo 1.56	Vs. lk. Kol. 5′a	1	]-il	
746	KBo 1.56	Vs. lk. Kol. 6′a	1	]-u	
746	KBo 1.56	Vs. lk. Kol. 7′a	1	]-u	
746	KBo 1.56	Vs. lk. Kol. 8′a	1	]-li	
746	KBo 1.56	Vs. lk. Kol. 9′a	1	]-li	
746	KBo 1.56	Vs. lk. Kol. 10′a	1	]-ta	
746	KBo 1.56	Vs. lk. Kol. 11′a	1	]-er	
746	KBo 1.56	Vs. lk. Kol. 12′a	1	]x-aḫ-tu	
746	KBo 1.56	Vs. lk. Kol. 13′a	2	]-eš 〈〈x〉〉	
746	KBo 1.56	Vs. lk. Kol. 14′a	2	]-li [	
746	KBo 1.56	Vs. r. Kol. 6′b	1	ti-[	
746	KBo 1.56	Vs. r. Kol. 7′b	2	[TÚG [[	
746	KBo 1.56	Vs. r. Kol. 8′b	1	[iš-[	
746	KBo 1.56	Vs. r. Kol. 9′b	1	[iš-x[	
746	KBo 1.56	Vs. r. Kol. 10′b	1	[du-x[	
746	KBo 1.56	Vs. r. Kol. 11′b	1	[a-l[i-	
746	KBo 1.56	Vs. r. Kol. 12′b	1	[še-e-[	
746	KBo 1.56	Rs. lk. Kol. 1′	2	[ [ḫ]u-z[i	
746	KBo 1.56	Rs. lk. Kol. 2′	3	[ x p[a	
746	KBo 1.56	Rs. lk. Kol. 3′	2	[ x	
746	KBo 1.56	Rs. lk. Kol. 4′	2	]x-ḫu-wa [	
746	KBo 1.56	Rs. lk. Kol. 5′	2	[ x-uz-za-aš-x[	
746	KBo 1.56	Rs. lk. Kol. 6′	3	[ x-il-la-ma ta-aš-pé-e-et	ta-aš-pé-e-et
746	KBo 1.56	Rs. lk. Kol. 7′	2	-p]a-ma pé-e-ru-uš	pé-e-ru-uš
746	KBo 1.56	Rs. lk. Kol. 8′	1	]x-az-zi-il	
746	KBo 1.56	Rs. lk. Kol. 9′	3	]x[ [ [-i]l	
746	KBo 2.24	Vs. lk. Kol. 8′a	1	-i]n	
746	KBo 2.24	Vs. lk. Kol. 9′a	1	]-ti	
746	KBo 2.24	Vs. lk. Kol. 10′a	1	]-in	
746	KBo 2.24	Vs. lk. Kol. 11′a	1	]-ia	
746	KBo 2.24	Vs. lk. Kol. 12′a	1	]-ul	
746	KBo 2.24	Vs. lk. Kol. 13′a	1	]-wu	
746	KBo 2.24	Vs. lk. Kol. 14′a	1	]-u	
746	KBo 2.24	Vs. lk. Kol. 15′a	1	]-ú-un	
746	KBo 2.24	Vs. lk. Kol. 16′a	1	]-i-iš	
746	KBo 2.24	Vs. r. Kol. 1′b	5	[ [ [-m]a m[e- [	
746	KBo 2.24	Vs. r. Kol. 2′b	5	[ [ ú-uk(-)te-e-et-ta [ [	ú-ukte-e-et-ta
746	KBo 2.24	Vs. r. Kol. 3′b	5	[ [ x-ap(-)ḫa-a-aš-ta-e-el x[ [	
746	KBo 2.24	Vs. r. Kol. 4′b	5	[ [ [w]u-ru-un-ka-at-te-e [ [	
746	KBo 2.24	Vs. r. Kol. 5′b	3	[ma]-a du-ú-uš-ta-a-nu-u ip-te-e-et	du-ú-uš-ta-a-nu-u ip-te-e-et
746	KBo 2.24	Vs. r. Kol. 6′b	2	[m]a-a le-e-gi-še-e-ia	le-e-gi-še-e-ia
746	KBo 2.24	Vs. r. Kol. 7′b	2	ma-a ka-a-al-li(-)ša-a-ki-li	ma-a ka-a-al-liša-a-ki-li
746	KBo 2.24	Vs. r. Kol. 8′b	5	ma-a zi-i-[ [ x(-)ni-iš-ḫa-l[i [	ma-a
746	KBo 2.24	Vs. r. Kol. 9′b	3	ma-a du-ú-[ [	ma-a
746	KBo 2.24	Vs. r. Kol. 10′b	3	iš-te-wa [ [	iš-te-wa
746	KBo 2.24	Vs. r. Kol. 11′b	3	ma-a i[š- [	ma-a
746	KBo 2.24	Vs. r. Kol. 12′b	3	i-ta-a x[ [	i-ta-a
746	KBo 2.24	Vs. r. Kol. 13′b	3	ma-se-e [ [	ma-se-e
746	KBo 2.24	Vs. r. Kol. 14′b	2	ma-te-e(-)[ [	
746	KBo 2.24	Vs. r. Kol. 15′b	2	iš-te-e(-)[ [	
746	KBo 2.24	Vs. r. Kol. 16′b	2	iš-te-e-[ [	
746	KBo 2.24	Vs. r. Kol. 17′b	6	[ [ x-la-[ [ x[ [	
746	KBo 2.27	lk. Kol. 1′a	3	[ [ -il	
746	KBo 2.27	lk. Kol. 2′a	4	[ [ -il [	
746	KBo 2.27	lk. Kol. 3′a	3	[[ [ -il	
746	KBo 2.27	lk. Kol. 4′a	3	[ [ -il	
746	KBo 2.27	lk. Kol. 5′a	3	[ [ il	
746	KBo 2.27	lk. Kol. 6′a	3	[ [ x-il	
746	KBo 2.27	lk. Kol. 7′a	3	[ [ -ra	
746	KBo 2.27	lk. Kol. 8′a	3	[ [ x	
746	KBo 2.27	r. Kol. 3′b	1	w[a-	
746	KBo 2.27	r. Kol. 4′b	1	[i[m-	
746	KBo 2.27	r. Kol. 5′b	1	[ma-[	
746	KBo 2.27	r. Kol. 6′b	1	[wa-a-ḫ[a-	
746	KBo 2.27	r. Kol. 7′b	1	[iš-ta-[	
746	KBo 2.27	r. Kol. 8′b	1	[tu-ḫa-a[p	
746	KBo 2.27	r. Kol. 9′b	2	[[ -a-[	
746	KBo 25.133	lk. Kol. 1′	1	]x	
746	KBo 25.133	lk. Kol. 2′	1	]x-ni-ia	
746	KBo 25.133	lk. Kol. 3′	1	]-ta-wa-ar	
746	KBo 25.133	lk. Kol. 4′	2	]-ne ka-at-te-e	ka-at-te-e
746	KBo 25.133	lk. Kol. 5′	3	]-en iš-te-e-na [	iš-te-e-na
746	KBo 25.133	lk. Kol. 6′	2	[ tu-ú-pu-z[i	
746	KBo 25.133	lk. Kol. 7′	3	[ x-ne-e-en iš-te-e-na[	
746	KBo 25.133	lk. Kol. 8′	2	[ [tu]-ú-pu-zi-i[n	
746	KBo 25.133	lk. Kol. 9′	2	[ x-ri-i-up-x[	
746	KBo 37.103	Vs.? 1′	1	-z]i-ip-t[e-pé-el]	
746	KBo 37.103	Vs.? 2′	3	(-)t]a ki-ša-at-t[u [	ta
746	KBo 37.103	Vs.? 3′	1	]-ḫa-a-wu-un	
746	KBo 37.103	Vs.? 4′	1	]-tu	
746	KBo 37.103	Vs.? 5′	1	]-wa-lu-u	
746	KBo 37.103	Vs.? 6′	2	pa-a]-ma eš-zi-la-a-si	pa-a-ma eš-zi-la-a-si
746	KBo 37.103	Vs.? 7′	2	pa-a]-ma eš-zi-ia-ú-e	pa-a-ma eš-zi-ia-ú-e
746	KBo 37.103	Vs.? 8′	2	pa]-a-ma eš-ka-a-ra-mu	pa-a-ma eš-ka-a-ra-mu
746	KBo 37.103	Vs.? 9′	2	] le-zi-ip-te-pé-el	le-zi-ip-te-pé-el
746	KBo 37.103	Vs.? 10′	2	] le-zi-ip-te-pé-el	le-zi-ip-te-pé-el
746	KBo 37.103	Vs.? 11′	1	t]e-zi-ip-te-pé-el	te-zi-ip-te-pé-el
746	KBo 37.103	Vs.? 12′	2	] te-zi-ip-te-pé-e[l]	
746	KBo 37.103	Rs.? 1′	1	te-z]i-i[p-te-pé-el]	
746	KBo 37.103	Rs.? 2′	2	] te-zi-ip-te-pé-e[l]	
746	KBo 37.103	Rs.? 3′	2	] te-zi-ip-te-pé-e[l]	
746	KBo 37.103	Rs.? 4′	1	-z]i-ip-te-pé-el	
746	KBo 37.103	Rs.? 5′	1	-z]i-ip-te-pé-el	
746	KBo 37.103	Rs.? 6′	1	-zi]-ip-te-pé-el	
746	KBo 37.103	Rs.? 7′	1	-zi-i]p-te-pé-el	
746	KBo 37.103	Rs.? 8′	1	-zi-ip]-te-pé-el	
746	KBo 37.103	Rs.? 9′	1	]x-ša-[	
746	KBo 37.136	lk. Kol. 2′!a	1	]x-at-te	
746	KBo 37.136	lk. Kol. 3′!a	1	]-ur	
746	KBo 37.136	lk. Kol. 4′!a	1	-š]u-u-la	
746	KBo 37.136	lk. Kol. 5′!a	1	]x-ti	
746	KBo 37.136	lk. Kol. 6′!a	1	]x	
746	KBo 37.136	r. Kol. 1′	3	[ [ [-n]a-a[n	
746	KBo 37.136	r. Kol. 2′b	1	[aš-ta-ḫu-x[	
746	KBo 37.136	r. Kol. 3′b	3	[ti-x [x [x[	
746	KBo 37.136	r. Kol. 4′b	2	[pa-la [im-ma(-)[	
746	KBo 37.136	r. Kol. 5′b	2	[pa-la [k[a-	
746	KBo 37.136	r. Kol. 6′b	1	[pa-še-ez-z[i-it	
746	KBo 37.156+	 {€1} Vs. 1a	2	i-ta-a [	i-ta-a
746	KBo 37.156+	 {€1} Vs. 2a	2	[i-šu-u [pa-a(-)[	
746	KBo 37.156+	 {€1} Vs. 3a	1	[ma-a-an-ni-e[	
746	KBo 37.156+	 {€1+3} Vs. 4a/Vs. r. Kol. 4a	3	[pal-li-[ [ [-a]ḫ	
746	KBo 37.156+	 {€1} Vs. 5a	2	i-ta-a [	i-ta-a
746	KBo 37.156+	 {€1} Vs. 6a	3	[i-šu-u [[ [	
746	KBo 37.156+	 {€1} Vs. 7a	2	x x x[	
746	KBo 37.156+	 {€2} Vs. lk. Kol. 2′a	3	[[ [ ir	
746	KBo 37.156+	 {€2} Vs. lk. Kol. 3′a	4	[ [ [-uk-ši-en [i]š-pu-du-ú	
746	KBo 37.156+	 {€2} Vs. lk. Kol. 4′a	3	[ [ [te-d]u-ú-up	
746	KBo 37.156+	 {€2} Vs. lk. Kol. 5′a	4	[ [ [-ma [iš-ti-i]š-ḫa-ku-un-nu	
746	KBo 37.156+	 {€2} Vs. lk. Kol. 6′a	4	[ [ [u]k-ši-en iš-pu-du-uḫ	iš-pu-du-uḫ
746	KBo 37.156+	 {€2} Vs. lk. Kol. 7′a	1	[te-d]u-ú-up	
746	KBo 37.156+	 {€2} Vs. lk. Kol. 8′a	4	[ [ [-m]a iš-ti-iš-ḫa-ku-un-nu	iš-ti-iš-ḫa-ku-un-nu
746	KBo 37.156+	 {€2} Vs. lk. Kol. 9′a	4	[ [ x-uk-ši-en iš-pu-du-uḫ	iš-pu-du-uḫ
746	KBo 37.156+	 {€2} Vs. lk. Kol. 10′a	3	[ [ -ú-up	
746	KBo 37.156+	 {€2} Vs. lk. Kol. 11′a	4	[ [ [-ma [iš-t]i-iš-ḫa-ku-un-nu	
746	KBo 37.156+	 {€2} Vs. lk. Kol. 12′a	4	[ [ [uk-ši-e]n iš-pu-du-uḫ	iš-pu-du-uḫ
746	KBo 37.156+	 {€2} Vs. lk. Kol. 13′a	3	[ [ [-ú]-up	
746	KBo 37.156+	 {€2} Vs. lk. Kol. 14′a	4	[ [ [-ma [iš-ti-iš-ḫa-ku-u]n-nu	
746	KBo 37.156+	 {€3} Vs. r. Kol. 1b	2	ḫa-ap-pé-en ḫa-an-ni-[	ḫa-ap-pé-en
746	KBo 37.156+	 {€3} Vs. r. Kol. 2b	2	[iš-ti-ku-u-ma-ah(-)ma-a [ti-i(-)[	
746	KBo 37.156+	 {€3} Vs. r. Kol. 3b	2	[ta-a-ša-aḫ-ḫu [[	
746	KBo 37.156+	 {€3} Vs. r. Kol. 4b	3	[pé-e-pa-ri-it [ma-a [t[a-	
746	KBo 37.156+	 {€3} Vs. r. Kol. 5b	2	[ḫa-ap-pé-en [ḫa-an-ni-i[š(-)	
746	KBo 37.156+	 {€3} Vs. r. Kol. 6b	2	[si-it [taḫ-ku-un-pa-li(-)[	
746	KBo 37.156+	 {€3} Vs. r. Kol. 7b	2	[du-ú-ḫi-du-ú-ta-nu [ta-[	
746	KBo 37.156+	 {€3} Vs. r. Kol. 8b	2	[ga-ma-am-ma [iš-ta-x[	
746	KBo 37.156+	 {€3} Vs. r. Kol. 9b	1	[[p]é-e-pa-r[i-it	
746	KBo 37.156+	 {€3} Vs. r. Kol. 10b	3	[[ [ x[	
746	KBo 37.156+	 {€2} Vs. r. Kol. 2′b	1	[ma-a[	
746	KBo 37.156+	 {€2} Vs. r. Kol. 1′b	1	[a-w[a-am-mi-iš	
746	KBo 37.156+	 {€2} Vs. r. Kol. 3′b	1	[pé-e-[pa-ri-it	
746	KBo 37.156+	 {€2} Vs. r. Kol. 4′b	1	[ḫa-ap-[pé-en	
746	KBo 37.156+	 {€2} Vs. r. Kol. 5′b	1	[iš-du-w[a-ri-il	
746	KBo 37.156+	 {€2} Vs. r. Kol. 6′b	1	[pé-e-pa-r[i-it	
746	KBo 37.156+	 {€2} Vs. r. Kol. 7′b	1	[ḫa-ap-pé-e[n	
746	KBo 37.156+	 {€2} Vs. r. Kol. 8′b	1	[ḫa-a-pár-ši-x[	
746	KBo 37.156+	 {€2} Vs. r. Kol. 9′b	1	[pé-e-pa-ri-[it	
746	KBo 37.156+	 {€2} Vs. r. Kol. 10′b	1	[ḫa-ap-pé-e[n	
746	KBo 37.156+	 {€2} Vs. r. Kol. 11′b	1	[du-un-pa-a[t	
746	KBo 37.156+	 {€2} Vs. r. Kol. 12′b	1	[pé-e-pa-ri-i[t	
746	KBo 37.156+	 {€2} Vs. r. Kol. 13′b	2	[ḫa-ap-pé-en [[	
746	KBo 37.156+	 {€2} Vs. r. Kol. 14′b	2	[ták-ki-ḫal [ga-m[a-am-ma	
746	KBo 37.156+	 {€2} Vs. r. Kol. 15′b	1	[[pé]-e-pa-r[i-it	
746	KBo 37.156+	 {€2} Rs. lk. Kol. 1′a	3	[ x x[	
746	KBo 37.156+	 {€2} Rs. lk. Kol. 2′a	1	z]a-ri-id-du	za-ri-id-du
746	KBo 37.156+	 {€2} Rs. lk. Kol. 3′a	1	]x-[r]i-ia-mu-ú-ul	
746	KBo 37.156+	 {€2} Rs. lk. Kol. 4′a	1	](-)ka-az-za-aš-li-i-ia	ka-az-za-aš-li-i-ia
746	KBo 37.156+	 {€2} Rs. lk. Kol. 5′a	2	[-n]u ḫa-a-pí-i-za-ri-i-ú-un	ḫa-a-pí-i-za-ri-i-ú-un
746	KBo 37.156+	 {€2} Rs. lk. Kol. 6′a	4	[pí-šu]-ul si-it-pu-ú ḫa-a-pal-li-ḫi-iz-za-aš-ti 𒀹	si-it-pu-ú ḫa-a-pal-li-ḫi-iz-za-aš-ti
746	KBo 37.156+	 {€2} Rs. lk. Kol. 7′a	4	[ [ [-t]a-ḫa-an-ti iš-ga-a-wa-ta-ḫa-i-pí-in	iš-ga-a-wa-ta-ḫa-i-pí-in
746	KBo 37.156+	 {€2} Rs. lk. Kol. 8′a	5	[ [ [m]a-a ti-iš-ti-wa-wa-aḫ la-ki-i-pu-ú-uk	ti-iš-ti-wa-wa-aḫ la-ki-i-pu-ú-uk
746	KBo 37.156+	 {€2} Rs. lk. Kol. 9′a	4	[ [ [i]g-ga-a-pa-ri-il ti-ig-ga-i-e-li	ti-ig-ga-i-e-li
746	KBo 37.156+	 {€2} Rs. lk. Kol. 10′a	4	[ [ x-pa-ti le-e-ma-am-ma-i-nu	le-e-ma-am-ma-i-nu
746	KBo 37.156+	 {€2} Rs. lk. Kol. 11′a	5	[ [ -a-aḫ pa-a-ma zi-iz-zu-ú-ši-iz-za-[aš]-du	pa-a-ma
746	KBo 37.156+	 {€2} Rs. lk. Kol. 12′a	4	[ [ [-ta-ḫa-a]n-ti-i iš-ga-a-wa-ta-ḫa-pí-i-in	iš-ga-a-wa-ta-ḫa-pí-i-in
746	KBo 37.156+	 {€2} Rs. lk. Kol. 13′a	3	[ [t]i-iš-ti-wa-wa la-ki-i-pu-ú-uk	la-ki-i-pu-ú-uk
746	KBo 37.156+	 {€2} Rs. lk. Kol. 14′a	3	[ [-ig-ga-a-pa-r]i-il ti-i-ga-i-e-li	ti-i-ga-i-e-li
746	KBo 37.156+	 {€2} Rs. lk. Kol. 15′a	6	[ [ [pí-i-šu-ul [si-i]t-pu-ú ḫa-pal-li-ia-ḫ[i-i]z-za-aš-ti 𒀹	
746	KBo 37.156+	 {€2} Rs. lk. Kol. 16′a	4	[ [ x ti-i-ma-ta-i-pí-i	ti-i-ma-ta-i-pí-i
746	KBo 37.156+	 {€2} Rs. lk. Kol. 17′a	4	[ [ -a-an-du-uḫ ki-ša-an-du-mu-li	ki-ša-an-du-mu-li
746	KBo 37.156+	 {€2} Rs. lk. Kol. 18′a	3	[ [ x-al-li-ga-ra-a-am	
746	KBo 37.156+	 {€2} Rs. lk. Kol. 19′a	3	[ [ -li	
746	KBo 37.156+	 {€2} Rs. lk. Kol. 20′a	6	[ [ x x[ [ x[	
746	KBo 37.156+	 {€1} Rs. 3′!a	3	[ [ x[	
746	KBo 37.156+	 {€1} Rs. 4′!a	1	[ti-i-ga-x[	
746	KBo 37.156+	 {€1+3} Rs. 5′!a/Rs. r. Kol. 5′a	4	[pí-i-šu-ul [s[i-it-pu-ú [ḫa-pal-li-ia-az]-za-aš-ti 𒀹	
746	KBo 37.156+	 {€1} Rs. 6′!a	1	a-wa-am-pu-ú-l[i	
746	KBo 37.156+	 {€1+3} Rs. 7′!a/Rs. r. Kol. 7′a	2	[iš-ta-al-lu-m[u-ul [ki-ša-an-du-mu]-li	
746	KBo 37.156+	 {€1} Rs. 8′!a	2	ga-ma-am-ma-a x[	ga-ma-am-ma-a
746	KBo 37.156+	 {€1} Rs. 9′!a	2	[ḫa-a-pár-ši-iš [x[	
746	KBo 37.156+	 {€2} Rs. r. Kol. 1′b	2	[x [	
746	KBo 37.156+	 {€2} Rs. r. Kol. 2′b	1	[za-ri-id-d[u	
746	KBo 37.156+	 {€2} Rs. r. Kol. 3′b	1	[a-wa-am-mi-i[š	
746	KBo 37.156+	 {€2} Rs. r. Kol. 4′b	1	[a-wa-am-mi-i[š	
746	KBo 37.156+	 {€2} Rs. r. Kol. 5′b	1	[up-du-ú-un-x[	
746	KBo 37.156+	 {€2} Rs. r. Kol. 6′b	1	[iš-t[a	
746	KBo 37.156+	 {€2} Rs. r. Kol. 7′b	1	[ta-a-ru-u-l[i	
746	KBo 37.156+	 {€2} Rs. r. Kol. 8′b	1	[ga-ma-am-m[a	
746	KBo 37.156+	 {€2} Rs. r. Kol. 9′b	2	[wa-at-ta [[	
746	KBo 37.156+	 {€2} Rs. r. Kol. 10′b	1	[a-wa-am-m[i-iš	
746	KBo 37.156+	 {€2} Rs. r. Kol. 11′b	1	[iš-ta-a(-)[	
746	KBo 37.156+	 {€2} Rs. r. Kol. 12′b	1	[wa-a-ḫi-x[	
746	KBo 37.156+	 {€2} Rs. r. Kol. 13′b	1	[ga-ma-a[m-ma	
746	KBo 37.156+	 {€2} Rs. r. Kol. 14′b	1	[ip-ta-x[	
746	KBo 37.156+	 {€2} Rs. r. Kol. 15′b	2	[ta[ḫ-ku-un-pa-ti [li-	
746	KBo 37.156+	 {€2} Rs. r. Kol. 16′b	1	[ta-i-x[	
746	KBo 37.156+	 {€2} Rs. r. Kol. 17′b	1	[šu-t[a-ḫa-an-ti-i	
746	KBo 37.156+	 {€2} Rs. r. Kol. 18′b	1	[i-ta-a[	
746	KBo 37.156+	 {€2} Rs. r. Kol. 19′b	1	[x[	
746	KBo 37.156+	 {€3} Rs. r. Kol. 1′b	2	[[ [(-)i]l-ta-x[	
746	KBo 37.156+	 {€3} Rs. r. Kol. 2′b	1	[wa-pu-ši-x[	
746	KBo 37.156+	 {€3} Rs. r. Kol. 3′b	2	[ga-ma-am-ma-a [ti-ig-g[a-i-e-li	
746	KBo 37.156+	 {€3} Rs. r. Kol. 4′b	2	[pé-e-pa-ri-it [pí-i-š[u-ul	
746	KBo 37.156+	 {€3} Rs. r. Kol. 5′b	2	[taḫ-ku-un-pa-ti [li-[	
746	KBo 37.156+	 {€3} Rs. r. Kol. 6′b	2	[pé-e-pé-pa-ri-it [pa-a-m[a	
746	KBo 37.156+	 {€3} Rs. r. Kol. 7′b	1	[šu-ú-ta-ḫa-an-ti-i[	
746	KBo 37.156+	 {€3} Rs. r. Kol. 8′b	2	[[t]ák-ki-i-ḫa-aš wa-a-ki-i-[	
746	KBo 37.156+	 {€3} Rs. r. Kol. 9′b	2	[iš-du-wa-ri-il [wa-[	
746	KBo 37.156+	 {€3} Rs. 10′	4	[[DUB [n+]1KAM ne-e-ru-u pa-a-aḫ-šu-x[	ne-e-ru-u
746	KBo 37.31	Rs. lk. Kol. 4′!a	1	]x	
746	KBo 37.31	Rs. lk. Kol. 5′!a	1	]x-ú-i-nu	
746	KBo 37.31	Rs. lk. Kol. 6′!a	1	-u]n-na-a-at	
746	KBo 37.31	Rs. lk. Kol. 7′!a	1	]-a	
746	KBo 37.31	Rs. r. Kol. 1′b	4	[ [ x-úr x[	
746	KBo 37.31	Rs. r. Kol. 2′b	3	[[ [ [t]aḫ-ku-un-p[a-li	
746	KBo 37.31	Rs. r. Kol. 3′b	3	[a-pí [ta-a-ḫa-nu-ú [[	
746	KBo 37.31	Rs. r. Kol. 4′b	2	[tu-ú-ḫa-aš [x[	
746	KBo 37.31	Rs. r. Kol. 5′b	1	[du-ú-ḫu-u-ḫi-il-lu-x[	
746	KBo 37.31	Rs. r. Kol. 6′b	2	[ta-a-li-iz-mu [ta-a-[	
746	KBo 37.31	Rs. r. Kol. 7′b	3	[ma-a [nu-un-nu [pí-x[	
746	KBo 37.31	Rs. r. Kol. 8′b	2	[taḫ-ku-un-pa-li [ta-a-ḫa-t[a	
746	KBo 37.31	Rs. r. Kol. 9′b	2	[i-mi-in-ma-pa [eš-ta-wa-a[r	
746	KBo 37.31	Rs. r. Kol. 10′b	4	[[ [ x-mu-ú-da-aš-ni p[a-	
746	KBo 37.31	Rs. r. Kol. 11′b	4	[[ [ x-ru-u-uḫ [	
746	KBo 37.35+	 {€2} Vs. lk. Kol. 5′a	3	[ [ [-r]a-am	
746	KBo 37.35+	 {€2} Vs. lk. Kol. 6′a	3	[ [ [ḫa-a]n-ga-ra-at	
746	KBo 37.35+	 {€2} Vs. lk. Kol. 7′a	4	[ [ [ma-a [ták-ki]-i-ḫa-aš	
746	KBo 37.35+	 {€2} Vs. lk. Kol. 8′a	3	[ [ [-i]t-ḫa-a-la	
746	KBo 37.35+	 {€2} Vs. lk. Kol. 9′a	3	[a-wa-an-ni [a-ša-at-pí-iš [ša-il-du-uš-t]a-li	
746	KBo 37.35+	 {€2} Vs. lk. Kol. 10′a	3	[še-e-it [ta-aḫ-ku-um-pa-li [pí-e]-e[n-pí-r]a-at	
746	KBo 37.35+	 {€2} Vs. lk. Kol. 11′a	4	[ [ [la-ma-a [ták-ki]-i-ḫa-a-aš	
746	KBo 37.35+	 {€2} Vs. lk. Kol. 12′a	3	[ [ [-zi-wa-aš-š]u-na	
746	KBo 37.35+	 {€2} Vs. lk. Kol. 13′a	3	[ [ -ši-li	
746	KBo 37.35+	 {€2} Vs. lk. Kol. 14′a	3	zi-i[a [ -li	
746	KBo 37.35+	 {€2} Vs. lk. Kol. 15′a	3	nu-le-e-[ [ x-du	
746	KBo 37.35+	 {€2} Vs. lk. Kol. 16′a	4	[nu]-ú-le-e [ [ [e]l-ma-aḫ	
746	KBo 37.35+	 {€2} Vs. lk. Kol. 17′a	7	[ [ x x[ [ x-ki [	
746	KBo 37.35+	 {€1} 1′	3	[ [ x[	
746	KBo 37.35+	 {€1} 2′	3	[[ [ pa-a-m[a	
746	KBo 37.35+	 {€1} 3′	4	[[ [ [-t]u t[e-du-u-wa-ti-e-eš-ke-et	
746	KBo 37.35+	 {€1} 4′	2	[[a-am-pí-d]u te-du-ú-t[a-a-wa-aḫ	
746	KBo 37.35+	 {€1} 5′	3	[[pí-e-ḫa-a-p]í-iš la-ma-a za-a-r[u-zi-il	la-ma-a
746	KBo 37.35+	 {€1} 6′	2	[[up-ta-a-ḫa-r]u-ú-ri-i ú-ša-am-m[a	
746	KBo 37.35+	 {€1} 7′	1	[[a-aš-du-ú]-ag-ga-a-aš-du-[ur	
746	KBo 37.35+	 {€1} 8′	2	[[a-aš-du]-ú-za-ak pa-l[a-ma	
746	KBo 37.35+	 {€1} 9′	3	[[ [ x-x-pa-aš-š[i-	
746	KBo 37.35+	 {€1} 10′	4	[[ [ x x[	
746	KBo 37.35+	 {€2} Vs. r. Kol. 1′b	6	[[ [ -a ḫi-na-a-x[ [ [-i]l	
746	KBo 37.35+	 {€2} Vs. r. Kol. 2′b	4	[ [ [-z]i-iḫ-pa-li pé-e-pí-ra-at	pé-e-pí-ra-at
746	KBo 37.35+	 {€2} Vs. r. Kol. 3′b	5	[ [ -x-nu li-wu-u-ur ḫa-an-ga-[r]a-a-at	li-wu-u-ur
746	KBo 37.35+	 {€2} Vs. r. Kol. 4′b	5	[ [ -u-pí-iš li-ik-ki-i-ta-an li-ku-ú-wa-a-ši	li-ik-ki-i-ta-an li-ku-ú-wa-a-ši
746	KBo 37.35+	 {€2} Vs. r. Kol. 5′b	2	du-ú-up-tap-pa-a ma-a-zi-i-li-ku-ú-ru-u-un	du-ú-up-tap-pa-a ma-a-zi-i-li-ku-ú-ru-u-un
746	KBo 37.35+	 {€2} Vs. r. Kol. 6′b	3	du-up-za-aš du-up-taḫ-ḫe-el li-iz-zi-za-aš-šu-ú-na	du-up-za-aš du-up-taḫ-ḫe-el li-iz-zi-za-aš-šu-ú-na
746	KBo 37.35+	 {€2} Vs. r. Kol. 7′b	4	du-ú-ia ša-at-te-e-wa-a-i ma-a ták-ki-i-ḫa-aš	du-ú-ia ša-at-te-e-wa-a-i ma-a ták-ki-i-ḫa-aš
746	KBo 37.35+	 {€2} Vs. r. Kol. 8′b	4	a-wa-an-ni a-ša-at-pí-iš ma-a ták-ki-i-ḫa-aš	a-wa-an-ni a-ša-at-pí-iš ma-a ták-ki-i-ḫa-aš
746	KBo 37.35+	 {€2} Vs. r. Kol. 9′b	3	iš-ta-a-lu-mu-ul a-wa-am-pí ki-i-š[a-an-d]u-mu-li	iš-ta-a-lu-mu-ul a-wa-am-pí
746	KBo 37.35+	 {€2} Vs. r. Kol. 10′b	2	šu-up-za-aš-ka-a-tar zi-il-li-ku-ú-r[u-un]	šu-up-za-aš-ka-a-tar
746	KBo 37.35+	 {€2} Vs. r. Kol. 11′b	3	du-ú-ut-wa pa-a-ma zi-il-li-[ku-ú-ru-un]	du-ú-ut-wa pa-a-ma
746	KBo 37.35+	 {€2} Vs. r. Kol. 12′b	2	du-ú-up-za du-up-taḫ-ḫe-e[l	du-ú-up-za
746	KBo 37.35+	 {€2} Vs. r. Kol. 13′b	2	[du-ú-ḫi [ša-at-ma-a[l	
746	KBo 37.35+	 {€2} Vs. r. Kol. 14′b	1	[aḫ-pa-a-du-un-n[a	
746	KBo 37.35+	 {€2} Vs. r. Kol. 15′b	1	[ti-i-pa-x[	
746	KBo 37.35+	 {€2} Vs. r. Kol. 16′b	1	[ta-a-[	
746	KBo 37.35+	 {€2} Rs. lk. Kol. 1′a	3	[[ [ li-[ki-wu-u-ud-du	
746	KBo 37.35+	 {€2} Rs. lk. Kol. 2′a	3	[[ [ li-k[i-wu-u-ud-du	
746	KBo 37.35+	 {€2} Rs. lk. Kol. 3′a	4	[[ [ [pa]-a-ma li-ki-w[u-u-ud]-du	
746	KBo 37.35+	 {€2} Rs. lk. Kol. 4′a	2	[a-am-pí]-i-du te-du-ú-wa-ti-e-[e]š-ke-et	
746	KBo 37.35+	 {€2} Rs. lk. Kol. 5′a	2	a-am-pí-i-du te-du-ú-ta-a-ka-wa-aḫ	a-am-pí-i-du te-du-ú-ta-a-ka-wa-aḫ
746	KBo 37.35+	 {€2} Rs. lk. Kol. 6′a	3	pé-e-ḫa-a-pí-iš la-ma-a za-a-ru-zi-il	pé-e-ḫa-a-pí-iš la-ma-a za-a-ru-zi-il
746	KBo 37.35+	 {€2} Rs. lk. Kol. 7′a	2	up-ta-a-ḫa-ru-ri-i ú-ša-a-am-ma	up-ta-a-ḫa-ru-ri-i ú-ša-a-am-ma
746	KBo 37.35+	 {€2} Rs. lk. Kol. 8′a	1	a-aš-du-ú-ug-ga-a-aš-du-úr	a-aš-du-ú-ug-ga-a-aš-du-úr
746	KBo 37.35+	 {€2} Rs. lk. Kol. 9′a	3	a-aš-du-ú-za-ak pa-la-ma a-aš-t[a-p]í-lu	a-aš-du-ú-za-ak pa-la-ma
746	KBo 37.35+	 {€2} Rs. lk. Kol. 10′a	8	[ [ x x x[ [ [p]a-la-ma le-e-ku-ú-ug-ga-aš	le-e-ku-ú-ug-ga-aš
746	KBo 37.35+	 {€2} Rs. lk. Kol. 11′a	3	[ [ -úr	
746	KBo 37.35+	 {€2} Rs. lk. Kol. 12′a	4	[ [ x x-[l]e-le-e-ia	
746	KBo 37.35+	 {€2} Rs. lk. Kol. 13′a	4	[ [ [zi-ú-ul [li-iz-z]u-lu-ga-ru-na	
746	KBo 37.35+	 {€2} Rs. lk. Kol. 14′a	3	[ [ [un-du-ú-i]a-ma-ak-ku	
746	KBo 37.35+	 {€2} Rs. lk. Kol. 15′a	6	[i-ta-a-u [pa-a-ma [ka-aḫ-tap-pu-u]n-zi ti-i-ma-a-ni pí-iš-šu-ú zi-pí-i-nu-ú-uk	ti-i-ma-a-ni pí-iš-šu-ú zi-pí-i-nu-ú-uk
746	KBo 37.35+	 {€2} Rs. lk. Kol. 16′a	3	[ [ [a-an-ga-aš-ša]-an	
746	KBo 37.35+	 {€3} Rs. lk. Kol. 1′a	6	[ [ x x[ [ [g]i-iz-ḫa-a(-)[	
746	KBo 37.35+	 {€3} Rs. lk. Kol. 2′a	2	[[ x-ta-a-li-i-i[p	
746	KBo 37.35+	 {€3} Rs. lk. Kol. 3′a	2	[nu-ták-ki-i-ḫal [nu-za-a-x[	
746	KBo 37.35+	 {€3} Rs. lk. Kol. 4′a	2	[du-ú-up [nu-ka-x[	
746	KBo 37.35+	 {€3} Rs. lk. Kol. 5′a	3	[du-ú-up [[ x-a-x[	
746	KBo 37.35+	 {€3} Rs. lk. Kol. 6′a	3	[i-ta-a [ta-ga-x[ x[	
746	KBo 37.35+	 {€3} Rs. lk. Kol. 7′a	2	[ḫa-az-zi-šu-u-ut-ta [[	
746	KBo 37.35+	 {€3} Rs. lk. Kol. 8′a	2	[a-wa-an-du-uḫ [ta-[	
746	KBo 37.35+	 {€3} Rs. lk. Kol. 9′a	2	[a-wa-an-du-uḫ [du-up-pa-[	
746	KBo 37.35+	 {€3} Rs. lk. Kol. 10′a	1	[du-ú-[up	
746	KBo 37.35+	 {€2} Rs. r. Kol. 3′b	1	[a-wa-a[m-	
746	KBo 37.35+	 {€2} Rs. r. Kol. 4′b	1	[ti-i-m[a-ni	
746	KBo 37.35+	 {€2} Rs. r. Kol. 5′b	2	[ti-i-ma-a-ni [d[u-	
746	KBo 37.35+	 {€2} Rs. r. Kol. 6′b	2	[a-aš-du-ú-za-ak [p[a-la-a	
746	KBo 37.35+	 {€2} Rs. r. Kol. 7′b	3	[a-aš-du-ú-za-ak-ma [ḫa-a-i-n[i-ti [wu-u-ur	
746	KBo 37.35+	 {€2} Rs. r. Kol. 8′b	2	[la-ma-a [ga-li-i-im-m[a	
746	KBo 37.35+	 {€2} Rs. r. Kol. 9′b	4	[mu-úr-mu-úr [a-aš-du-wa-ta-a [x [[	
746	KBo 37.35+	 {€2} Rs. r. Kol. 10′b	2	[ú-wa-a-aš-ḫe-er [le-e-šu-u-mi-x[	
746	KBo 37.35+	 {€2} Rs. r. Kol. 11′b	2	[la-ma-a [ḫa-a-le-e-u	
746	KBo 37.35+	 {€2} Rs. r. Kol. 12′b	3	[a-aš-du-ú-uk-ka-aš-du-úr [la-ma-a [ga-a-li-ik-pí-it	
746	KBo 37.35+	 {€2} Rs. r. Kol. 13′b	3	[a-li-ik-ku-u-un [pa-la [ḫa-le-e-pí-ir-pí-ir	
746	KBo 37.35+	 {€2} Rs. r. Kol. 14′b	3	[i-ta-a-u [pa-a-ma [zi-iz-za-al-mi-i-ti	
746	KBo 37.35+	 {€2} Rs. r. Kol. 15′b	3	[ti-i-ma-a-ni [pí-iš-šu-ú [zi-pí-i-nu-ú-uk	
746	KBo 37.35+	 {€2} Rs. r. Kol. 16′b	1	[li-i-ši-i-ti-it	
746	KBo 37.35+	 {€2} Rs. r. Kol. 17′b	4	[[ [ [ma-aḫ-z]i-en-ku-ru-wa-aš ḫa-a-aš-šu-mar	ḫa-a-aš-šu-mar
746	KBo 37.35+	 {€2} Rs. r. Kol. 18′b	5	[ [ x x x x[	
746	KBo 37.40	1′	1	UR]Uḫa-a-at-t[u	
746	KBo 37.40	2′	2	[ (-)a-am-ma-al-ḫi-x[	
746	KBo 37.40	3′	3	[ ḫa-pal-ki-ia-an x[	ḫa-pal-ki-ia-an
746	KBo 37.40	4′	4	[ mu-ú wa-ta-a-ri-iš [	mu-ú wa-ta-a-ri-iš
746	KBo 37.40	5′	4	[ (-)x-wa-mu-ú wa-ta-a+na i-m[a	
746	KBo 37.40	6′	3	[ x(-)zu-ri-i-il iš-tu-ú-u[ḫ	
746	KBo 37.40	7′	3	[ x-u-pu-la-aš-ne-en i[š-	
746	KBo 37.40	8′	4	[ x-im tu-ú-pu-zi-in x[	tu-ú-pu-zi-in
746	KBo 37.40	9′	3	[ x-ne-e-en iš-te-e-n[a(-)	
746	KBo 37.40	10′	3	[ [-i]m tu-ú-pu-zi-in	tu-ú-pu-zi-in
746	KBo 37.41	Vs. r. Kol. 1′	5	[ [ x x[ [	
746	KBo 37.41	Vs. r. Kol. 2′	5	[ [ x-a ti-i-x[ [	
746	KBo 37.41	Vs. r. Kol. 3′	5	[ [ -aḫ pa-a-ma iš-ki-pí-it-x[	pa-a-ma
746	KBo 37.41	Vs. r. Kol. 4′	5	[ [ x(-)pa-a-ma iš-pí-iš-ḫu [	iš-pí-iš-ḫu
746	KBo 37.41	Vs. r. Kol. 5′	2	zu-le-e-eš-pa-la ma-ša-an-ti	zu-le-e-eš-pa-la ma-ša-an-ti
746	KBo 37.41	Vs. r. Kol. 6′	2	šu-ú-ta-ap ki-i-ru-u-li-ḫa-aš	šu-ú-ta-ap ki-i-ru-u-li-ḫa-aš
746	KBo 37.41	Vs. r. Kol. 7′	3	ma-a zi-i-ga-re-e-iš kat-te	ma-a zi-i-ga-re-e-iš kat-te
746	KBo 37.41	Vs. r. Kol. 8′	2	wu-ru-un kat-te-e-i	wu-ru-un kat-te-e-i
746	KBo 37.41	Vs. r. Kol. 9′	4	ma-a ga-aš-ti-i-u ši-it-x[ [	ma-a ga-aš-ti-i-u
746	KBo 37.41	Vs. r. Kol. 10′	5	ma-a x[ x x[ [	ma-a
746	KBo 37.41	Rs. r. Kol. 1′	4	[ [ [ḫ]a-an-w[a(-) [	
746	KBo 37.41	Rs. r. Kol. 2′	3	[ [-p]é-el(-)pa(-)[ [	
746	KBo 37.41	Rs. r. Kol. 3′	4	[ [(-)ḫ]a-aš-ma-x[ [ [l]i-iz-z[i-ip-te-pé-el(-)	
746	KBo 37.41	Rs. r. Kol. 4′	5	[ [ x-ru-na(-)[ [ [l]i-iz-zi-ip-[te-pé-el(-)	
746	KBo 37.41	Rs. r. Kol. 5′	7	[ [ [-l]i [ [ [l]i-iz-zi-ip-te-pé-e[l(-) [	
746	KBo 37.41	Rs. r. Kol. 6′	4	[ [ x [l]i-iz-zi-ip-te-pé-e[l(-)	
746	KBo 37.41	Rs. r. Kol. 7′	5	[ [ x ú-x-ti-ši-pu-zi [	
746	KBo 37.41	Rs. r. Kol. 8′	4	[ [ [-r]u-ú [	
746	KBo 37.41	Rs. r. Kol. 9′	4	[ [ x-ú-i-ša-aḫ [	
746	KBo 37.41	Rs. r. Kol. 10′	5	[ [ x iš-ḫa-ku-ú [	iš-ḫa-ku-ú
746	KBo 37.41	Rs. r. Kol. 11′	3	[ [ (-)ḫa-az-zu-ú	
746	KBo 37.41	Rs. r. Kol. 12′	3	[ [ [ḫ]a-az-x-ú	
746	KBo 37.41	Rs. r. Kol. 13′	4	[ [ x x x[	
746	KBo 37.43	lk. Kol. 1′a	1	]x	
746	KBo 37.43	lk. Kol. 4′a	1	]x	
746	KBo 37.43	r. Kol. 1′b	1	x[	
746	KBo 37.43	r. Kol. 2′b	1	[ti-[	
746	KBo 37.43	r. Kol. 3′b	1	[ti-i-l[i(-)	
746	KBo 37.43	r. Kol. 4′b	1	[wa-a-aš-t[i-	
746	KBo 37.43	r. Kol. 5′b	1	[ip-ta-[	
746	KBo 37.43	r. Kol. 6′b	1	[ti-it-[	
746	KBo 37.46	lk. Kol. 1′a	1	]x-ši	
746	KBo 37.46	lk. Kol. 2′a	1	]-ka	
746	KBo 37.46	lk. Kol. 3′a	1	]-ur	
746	KBo 37.46	lk. Kol. 4′a	1	]-i	
746	KBo 37.46	lk. Kol. 5′a	1	]-ú	
746	KBo 37.46	lk. Kol. 6′a	1	]-un	
746	KBo 37.46	lk. Kol. 7′a	1	]-zu	
746	KBo 37.46	r. Kol. 1′b	2	x x[	
746	KBo 37.46	r. Kol. 2′b	1	[šu-up-ḫ[a-	
746	KBo 37.46	r. Kol. 3′b	1	[a-re-eš-m[a	
746	KBo 37.46	r. Kol. 4′b	1	[wa-a-pí-i[a	
746	KBo 37.46	r. Kol. 5′b	1	[ma-a-ša-a-[	
746	KBo 37.46	r. Kol. 6′b	2	[ma-a [t[a-	
746	KBo 37.46	r. Kol. 7′b	1	[iš-ta-a-[	
746	KBo 49.148	1′	2	] x[	
746	KBo 49.148	2′	3	[ -u-ul x[	
746	KBo 49.148	3′	3	[ [w]a-ta-a-ri-iš [	
746	KBo 49.148	4′	2	[ [iš-tu]-ú-uḫ-ḫi-i[l-lu	
746	KBo 8.136	lk. Kol. 1′a	1	]-iš	
746	KBo 8.136	lk. Kol. 2′a	1	]-nu	
746	KBo 8.136	lk. Kol. 3′a	1	]-li	
746	KBo 8.136	lk. Kol. 4′a	1	]	
746	KBo 8.136	lk. Kol. 5′a	1	]-x	
746	KBo 8.136	lk. Kol. 6′a	1	]	
746	KBo 8.136	r. Kol. 1′b	1	wa-[	
746	KBo 8.136	r. Kol. 2′b	1	[le-e-[	
746	KBo 8.136	r. Kol. 3′b	1	[eš-t[e-	
746	KBo 8.136	r. Kol. 4′b	1	[l[i-	
746	KBo 8.136	r. Kol. 5′b	1	[ka-[	
746	KBo 8.136	r. Kol. 6′b	1	[zi-x[	
746	KBo 8.136	r. Kol. 7′b	1	[li-x[	
746	KBo 8.136	r. Kol. 8′b	1	[x-x[	
746	KUB 28.15	Vs. lk. Kol. 1a	2	šu-ú-wa ḫu-uš-t[a	šu-ú-wa
746	KUB 28.15	Vs. lk. Kol. 2a	2	[ta-a-ru-u [ḫu-uš-t[a	
746	KUB 28.15	Vs. lk. Kol. 3a	2	[wa-a-ši-iz-zi-il [a-[	
746	KUB 28.15	Vs. lk. Kol. 4a	2	[eš-ta-a-an [x[	
746	KUB 28.15	Vs. lk. Kol. 5a	2	[eš-du-uš-ta-ia [[	
746	KUB 28.15	Vs. lk. Kol. 6a	1	[pí-in-ka-am-ma-m[a	
746	KUB 28.15	Vs. lk. Kol. 7a	1	[ta-a-li-pí-i[n	
746	KUB 28.15	Vs. lk. Kol. 8a	1	[[w]u-ru-un-kat-t[e	
746	KUB 28.15	Vs. lk. Kol. 9a	1	[[ḫa-a]n-wa-a-aš-š[u-it	
746	KUB 28.15	Vs. lk. Kol. 14′a	2	[[ -un	
746	KUB 28.15	Vs. lk. Kol. 15′a	2	[ [-u]n	
746	KUB 28.15	Vs. lk. Kol. 16′a	2	[ [-u]n	
746	KUB 28.15	Vs. lk. Kol. 17′a	2	[ [-i]p-pí	
746	KUB 28.15	Vs. lk. Kol. 18′a	2	[ -im	
746	KUB 28.15	Vs. lk. Kol. 19′a	4	[ [ [ x	
746	KUB 28.15	Vs. r. Kol. 14′b	1	ša-a[t-mi-iš	
746	KUB 28.15	Vs. r. Kol. 15′b	1	[ša-at-mi-i[š	
746	KUB 28.15	Vs. r. Kol. 16′b	2	[ša-at-mi-iš [l[i-	
746	KUB 28.15	Vs. r. Kol. 17′b	3	[ḫa-a-i-ip-pí-in [x-x-i-x[ [	
746	KUB 28.15	Vs. r. Kol. 18′b	4	ma-a(-)iš-ti-i-ip ḫé-e-er-za-aš [ [	ma-aiš-ti-i-ip ḫé-e-er-za-aš
746	KUB 28.15	Vs. r. Kol. 19′b	5	ma-a iš-ti-i-ip ta-a-ti-iḫ-za-aš [ [	ma-a iš-ti-i-ip ta-a-ti-iḫ-za-aš
746	KUB 28.15	Vs. r. Kol. 20′b	5	[ma]-a iš-ti-i-ip ḫa-aḫ-ti-iḫ-za-aš [ [	iš-ti-i-ip ḫa-aḫ-ti-iḫ-za-aš
746	KUB 28.15	Vs. r. Kol. 21′b	5	[ [ x ta-a-ḫa-i-š[i [	
746	KUB 28.15	Vs. r. Kol. 22′b	3	[ [ te-w[a	
746	KUB 28.15	Vs. r. Kol. 33″b	2	[[t]a-ia-an-ma-a [	
746	KUB 28.15	Vs. r. Kol. 34″b	2	[a-ri-il [pa-a-m[a	
746	KUB 28.15	Vs. r. Kol. 35″b	2	[wa-a-šu-u-li [[	
746	KUB 28.15	Vs. r. Kol. 36″b	1	[wa-a-wa-ap-pu-z[i-il	
746	KUB 28.15	Vs. r. Kol. 37″b	2	[wa-du-ú-ḫi-il [[	
746	KUB 28.15	Vs. r. Kol. 38″b	2	[ma-a(-)ḫa-a-an-ni-i-iš [[	
746	KUB 28.15	Vs. r. Kol. 39″b	2	[wa-du-ú-up [ka-x-[x	
746	KUB 28.15	Vs. r. Kol. 40″b	2	[[w]a-du-ú-up [	
746	KUB 28.15	Rs. lk. Kol. 17′a	3	[[ [ -ú-ut	
746	KUB 28.15	Rs. lk. Kol. 18′a	3	[ [ -ú-up	
746	KUB 28.15	Rs. lk. Kol. 19′a	3	[ [ [ḫ]a-a-aš-ti	
746	KUB 28.15	Rs. lk. Kol. 20′a	3	[ [ [ḫ]a-a-aš-ti	
746	KUB 28.15	Rs. lk. Kol. 21′a	3	[ [ x-ka-a-aš	
746	KUB 28.15	Rs. lk. Kol. 27′a	4	[ [ -a-[ [	
746	KUB 28.15	Rs. lk. Kol. 28′a	3	[i-t]a-a x[ [	
746	KUB 28.15	Rs. lk. Kol. 29′a	5	[ [ -ú-wa-aḫ [ [	
746	KUB 28.15	Rs. lk. Kol. 30′a	3	[d]u-ú-up [ [	
746	KUB 28.15	Rs. lk. Kol. 31′a	3	[d]ú-ú-ta-ap-nu [ [	
746	KUB 28.15	Rs. lk. Kol. 32′a	3	se-e-et t[a- [	se-e-et
746	KUB 28.15	Rs. lk. Kol. 33′a	3	i-ta-a-ba ú-a-[wa [	i-ta-a-ba
746	KUB 28.15	Rs. lk. Kol. 34′a	3	i-ta-a-ba ú-a-w[a [	i-ta-a-ba
746	KUB 28.15	Rs. lk. Kol. 35′a	3	i-ta-a-ba ú-a-w[a [	i-ta-a-ba
746	KUB 28.15	Rs. lk. Kol. 36′a	3	pa-la-a-ap mu-še-x[ [	pa-la-a-ap
746	KUB 28.15	Rs. lk. Kol. 37′a	3	se-e-[e]t gi-iz-[ [	
746	KUB 28.15	Rs. r. Kol. 1′b	4	[ [ x a-aš-[	
746	KUB 28.15	Rs. r. Kol. 2′b	4	[[ [ [t]e-ma-a [	
746	KUB 28.15	Rs. r. Kol. 3′b	2	[iš-ta-ḫi-il-lu [nu-x[	
746	KUB 28.15	Rs. r. Kol. 4′b	2	[du-ú-ni-i-ti [x[	
746	KUB 28.15	Rs. r. Kol. 5′b	2	[te-du-ú-wa-a-aš [k[a-	
746	KUB 28.15	Rs. r. Kol. 6′b	2	[[m]a-a te-eš-ta-nu(-)[	
746	KUB 28.15	Rs. r. Kol. 7′b	1	[[eš-t]a-wa-x[	
746	KUB 28.15	Rs. r. Kol. 17′b	6	[du-[ x x[ [ x[ [	
746	KUB 28.15	Rs. r. Kol. 18′b	5	ša-i-il [ [ l[i- [	ša-i-il
746	KUB 28.15	Rs. r. Kol. 19′b	4	ta-a-ru-u-un pa-ma-a at-k[u-u-ši-im [	ta-a-ru-u-un pa-ma-a
746	KUB 28.15	Rs. r. Kol. 20′b	4	ma-a-du-x[ [ ka-a[t- [	
746	KUB 28.15	Rs. r. Kol. 21′b	3	ma-a ḫa-a-mu-na-mu-[na [	ma-a
746	KUB 28.15	Rs. r. Kol. 22′b	4	ma-a ḫa-a-za-a-li-pu-u [ [	ma-a ḫa-a-za-a-li-pu-u
746	KUB 28.15	Rs. r. Kol. 23′b	5	[ [ (-)a-za-an-pu-u-ru-ú [ [	
746	KUB 28.15	Rs. r. Kol. 24′b	5	[ [ ki-du-ú-wa-a-aḫ u-[ [	
746	KUB 28.15	Rs. r. Kol. 25′b	7	[ [ [t]a-wa-an-ta ḫé-ḫ[i- [ -za-a[ [	
746	KUB 28.15	Rs. r. Kol. 26′b	5	[ [ x pa-a-ma li-i[k-]a-l[i-	pa-a-ma
746	KUB 28.15	Rs. r. Kol. 27′b	5	[[ [ -a wa-a-aš-ḫa-ap-pí(-)[ [	
746	KUB 28.15	Rs. r. Kol. 28′b	3	[a-aš-wu-u-u]r pa-a-ma a-aš-ša-la-aḫ-za-[an]	pa-a-ma
746	KUB 28.15	Rs. r. Kol. 29′b	4	[ [ x-zu-ma ta-a-ḫa-ia-a[t	
746	KUB 28.15	Rs. r. Kol. 30′b	4	[[ [ x-zu-ma ta-a-ḫa-ia-at	ta-a-ḫa-ia-at
746	KUB 28.15	Rs. r. Kol. 31′b	4	[ [ [zu-m]a ta-a-ḫa-ia-at	ta-a-ḫa-ia-at
746	KUB 28.15	Rs. r. Kol. 32′b	3	[ [ ta-a-li-pí-i-nu	ta-a-li-pí-i-nu
746	KUB 28.15	Rs. r. Kol. 33′b	4	[ [ x ma-a-ak-ku-ḫi-iš-tu	ma-a-ak-ku-ḫi-iš-tu
746	KUB 28.15	Rs. r. Kol. 34′b	4	[ [ -a ka-a-ḫa-al-pu-u-ut-ti	ka-a-ḫa-al-pu-u-ut-ti
746	KUB 28.15	Rs. r. Kol. 35′b	3	[ [ [k]a-a-wa-a-ḫu	
746	KUB 28.15	Rs. r. Kol. 36′b	3	[ [ -ú-te-wu-u-te-wu-uš	
746	KUB 28.15	Rs. r. Kol. 37′b	3	[ [ ma-ak-ku-ḫi-li	ma-ak-ku-ḫi-li
746	KUB 28.15	u. Rd. 1	2	TUP-PÍ 2K[AM	
746	KUB 28.16+	 {€3} Vs. lk. Kol. 1′a	8	[ [ x[ x[ x x x-a-x[ [	
746	KUB 28.16+	 {€3} Vs. lk. Kol. 2′a	8	[ [ x za-aš-x[ [ -i-li [ [	
746	KUB 28.16+	 {€3} Vs. lk. Kol. 3′a	5	[ [ a-aš-ta-a-ú-ri [ [	a-aš-ta-a-ú-ri
746	KUB 28.16+	 {€3} Vs. lk. Kol. 3′a	8	[ [ x-a-ma-aš [ [ w[u]-u-ru-na [ [	
746	KUB 28.16+	 {€3} Vs. lk. Kol. 5′a	7	[ [ x[ [z]i-ḫar-pa-li kat-[t]e-e [ [	
746	KUB 28.16+	 {€3+1} Vs. lk. Kol. 6′a/Vs. lk. Kol. 1′a	8	[ [ x-tu-ši-ḫa-tu-up ša-x[ [ -li [ [	
746	KUB 28.16+	 {€3+1} Vs. lk. Kol. 7′a/Vs. lk. Kol. 2′a	5	[ [ [-a]l-la-m[a] za-aš-ša-a-x[ [	
746	KUB 28.16+	 {€3+1} Vs. lk. Kol. 8′a/Vs. lk. Kol. 3′a	4	[ [pá]r-ri-li ḫa-za-a(-)[ [	
746	KUB 28.16+	 {€3+1} Vs. lk. Kol. 9′a/Vs. lk. Kol. 4′a	7	[ [ḫ]a-a ša-i-[il [ x[ [ x	
746	KUB 28.16+	 {€3+1} Vs. lk. Kol. 10′a/Vs. lk. Kol. 5′a	9	[ [š]a-a-ma-an [ [ x[ [ -x-[x [x [x]-ip	
746	KUB 28.16+	 {€1} Vs. lk. Kol. 6′a	6	[ [ [wa-aš-ḫ]a-wu-un pa-ma aš-ta-ú-ri ma-a-[x]	pa-ma aš-ta-ú-ri
746	KUB 28.16+	 {€1} Vs. lk. Kol. 7′a	4	[ [ x ḫa-za-a-ri-li	ḫa-za-a-ri-li
746	KUB 28.16+	 {€1} Vs. lk. Kol. 8′a	3	[ [ -ir	
746	KUB 28.16+	 {€1} Vs. lk. Kol. 9′a	6	[ [ x x[ [ x-a	
746	KUB 28.16+	 {€1} Vs. r. Kol. 4′b	1	t[u-	
746	KUB 28.16+	 {€1} Vs. r. Kol. 5′b	1	[ma-a-[an	
746	KUB 28.16+	 {€1} Vs. r. Kol. 6′b	1	[wa-aš-ḫa-w[u-un	
746	KUB 28.16+	 {€1} Vs. r. Kol. 7′b	1	[ḫa-wu-r[i-	
746	KUB 28.16+	 {€1} Vs. r. Kol. 8′b	1	[ša-i-i[l	
746	KUB 28.16+	 {€1} Vs. r. Kol. 9′b	1	[ša-i-i[l	
746	KUB 28.16+	 {€1} Vs. r. Kol. 10′b	1	[tu-u-ḫa-a-š[a-ma-a	
746	KUB 28.16+	 {€1} Vs. r. Kol. 11′b	2	[ma-a-la [[	
746	KUB 28.16+	 {€1} Vs. r. Kol. 12′b	1	[[w]a-ap-x[	
746	KUB 28.16+	 {€2} Vs. r. Kol. 1′b	3	[x x [x [x-ib(-)[	
746	KUB 28.16+	 {€2} Vs. r. Kol. 2′b	1	[[	
746	KUB 28.16+	 {€2} Vs. r. Kol. 3′b	3	[te-tu-uḫ-ḫa-tu-te [x [[	
746	KUB 28.16+	 {€2} Vs. r. Kol. 4′b	2	[wa-aš-tu-un [ḫa-an-pí-[	
746	KUB 28.16+	 {€1} Rs. lk. Kol. 1′a	1	[	
746	KUB 28.16+	 {€1} Rs. lk. Kol. 2′a	4	[[ [ x-li-iš-x[ [	
746	KUB 28.16+	 {€1} Rs. lk. Kol. 3′a	6	[ [ x-un-x[ [ x[ [	
746	KUB 28.16+	 {€1} Rs. lk. Kol. 4′a	7	[ [ x x x x x[ [	
746	KUB 28.16+	 {€1} Rs. lk. Kol. 5′a	7	[ [ -x-i-il-[l]a-x x x x [ [	
746	KUB 28.16+	 {€3+1} Rs. lk. Kol. 6′a	9	[ [ x x[ [ -ak-ku x x [ [	
746	KUB 28.16+	 {€3+1} Rs. lk. Kol. 7′a	9	[ [ ša-ma-a-an [ [ at-ta-a-li x x[ [	ša-ma-a-an at-ta-a-li
746	KUB 28.16+	 {€3+1} Rs. lk. Kol. 8′a	11	[ [ [l]a-a-ma [ [ [z]i-ip-n[a [ x[ [ x[ [	
746	KUB 28.16+	 {€3+1} Rs. lk. Kol. 9′a	6	[ga-a]z-zi-iḫ-b[a-li [ x te-tu-x[ x-i-li-e[š [	
746	KUB 28.16+	 {€3+1} Rs. lk. Kol. 10′a	7	[ [ x-eš-šu-x[ [ x ši-ip-zi-i-il-x[ [	
746	KUB 28.16+	 {€3+1} Rs. lk. Kol. 11′a	8	[ [ -x te-ku-ut-[ [ [a]z-ma še-eš-wa-al-w[a-la-at [	
746	KUB 28.16+	 {€3+1} Rs. lk. Kol. 12′a	6	[ [ [e]š-wa-x[ [ ši-ip-zi-i-i[l [	
746	KUB 28.16+	 {€3+1} Rs. lk. Kol. 13′a	9	[ [ x x[ [ x x [ [	
746	KUB 28.16+	 {€2} Rs. r. Kol. 1b	3	wa-aš-ḫa-wu-un pa-ma a-aš-t[a-ú-ri	wa-aš-ḫa-wu-un pa-ma
746	KUB 28.16+	 {€2} Rs. r. Kol. 2b	2	[wa-aš-ḫa-wu-un [a-aš-ka-i-e-[li	
746	KUB 28.16+	 {€2} Rs. r. Kol. 3b	3	[i-ta-a [wa-tu-up-taḫ-uš [wa-aš-t[u-un	
746	KUB 28.16+	 {€2} Rs. r. Kol. 4b	3	[[ x-ka-a-az-zi-iḫ-pa-li k[a-	
746	KUB 28.16+	 {€2} Rs. r. Kol. 5b	5	[[ [ x x li-a-li-[ip	
746	KUB 28.16+	 {€2} Rs. r. Kol. 6b	6	[[ [ x x x x x[	
746	KUB 28.16+	 {€2} Rs. r. Kol. 7b	3	[[ [ x[	
746	KUB 28.29	Vs.(?) r. Kol. 1′	1	]x[	
746	KUB 28.29	Vs.(?) r. Kol. 2′	2	[ [me]-ep-ni-e[	
746	KUB 28.29	Vs.(?) r. Kol. 3′	2	[ me-ep-ni-e[	
746	KUB 28.29	Vs.(?) r. Kol. 4′	4	[ [-i]k-ku-ú-up me-ep-ni-e [	me-ep-ni-e
746	KUB 28.29	Vs.(?) r. Kol. 5′	3	[ (-)ḫa-pa-a-ti-ip um-mi-e-[	
746	KUB 28.29	Vs.(?) r. Kol. 6′	3	[ x tág-ga-a-an-ni-iš-ti-i[t(-)	
746	KUB 28.29	Vs.(?) r. Kol. 7′	2	[ x-a-ḫe-el-ni-la(-)mu-u-wa-z[i(-)	
746	KUB 28.29	Vs.(?) r. Kol. 8′	4	[ x pa-ti-a-[a]ḫ ú-mi-ša-a-[	
746	KUB 28.29	Vs.(?) r. Kol. 9′	3	[ [-z]i-iḫ-pa-i-iš iš-ti-i-x[	
746	KUB 28.29	Vs.(?) r. Kol. 10′	3	[ [-š]a-i-li ḫa-aš-ša-ki-i-[	
746	KUB 28.29	Vs.(?) r. Kol. 11′	5	[ [-z]i-i-ra-a-aḫ [ [ -at-te-e-wu-[	
746	KUB 28.29	Vs.(?) r. Kol. 12′	4	[ [-d]a-at-x[ -ša-ru-na [	
746	KUB 28.29	Vs.(?) r. Kol. 13′	3	[ x-ul-lu pí-in(-)[	
746	KUB 28.29	Vs.(?) r. Kol. 14′	5	[ x li-iš(-)[ [ x[	
746	KUB 28.29	Rs.(?) r. Kol. 1′	5	[ [-e]p x[ [ (-)zu-e-x[	
746	KUB 28.29	Rs.(?) r. Kol. 2′	3	[ ti-iš-ša-li le-e-x[	ti-iš-ša-li
746	KUB 28.29	Rs.(?) r. Kol. 3′	3	[ zi-iz-za-aš-šu-un tap-ša-a-ú(-)x[	zi-iz-za-aš-šu-un
746	KUB 28.29	Rs.(?) r. Kol. 4′	4	[ -et x ga-a-mi-ša-a-ru-x[	
746	KUB 28.29	Rs.(?) r. Kol. 5′	3	[ x nu-za-a-ru-ú-zi(-)[	
746	KUB 28.29	Rs.(?) r. Kol. 6′	3	[ x ti-iš-šu-ú-[w]a-ti-x[	
746	KUB 28.29	Rs.(?) r. Kol. 7′	3	[ x ti-iš-šu-ú-ta-x[	
746	KUB 28.29	Rs.(?) r. Kol. 8′	3	[ x x-ia-ap-x-x[	
746	KUB 28.32	Vs. lk. Kol. 1′	5	[ [ x x[ [	
746	KUB 28.32	Vs. lk. Kol. 2′	6	[ [ [-ú-ul-ḫ]u i-ta-a zu-li-ia [	i-ta-a zu-li-ia
746	KUB 28.32	Vs. lk. Kol. 3′	5	[ [ x-aḫ-si-e-ir [ [	
746	KUB 28.32	Vs. lk. Kol. 4′	3	[ [ [z]u-ú-uk-wi-an-n[e	
746	KUB 28.32	Vs. lk. Kol. 5′	5	[ [ [-ú]-ul-ḫu i-ta-a zu-li-i[a	i-ta-a
746	KUB 28.32	Vs. lk. Kol. 6′	3	[ [ x-aḫ-e-si-ir	
746	KUB 28.32	Vs. lk. Kol. 7′	3	[ [ [z]u-ú-uk-wi-an-ne	
746	KUB 28.32	Vs. lk. Kol. 8′	5	[ [ x-ú-ul-ḫu i-ta-a zu-li-ia-a	i-ta-a zu-li-ia-a
746	KUB 28.32	Vs. lk. Kol. 9′	3	[ [ le-e-e-el	le-e-e-el
746	KUB 28.32	Vs. lk. Kol. 10′a	5	[ [ [-ú-ul-ḫu] i-ta-a zu-li-ia-a	i-ta-a zu-li-ia-a
746	KUB 28.32	Vs. lk. Kol. 11′a	5	[ [ [-ú-ul-ḫu] i-[t]a-a zu-li-ia-a	zu-li-ia-a
746	KUB 28.32	Vs. lk. Kol. 12′a	3	[ [ x-i-u	
746	KUB 28.32	Vs. lk. Kol. 13′a	3	[ [ -x-ba-li	
746	KUB 28.32	Vs. r. Kol. 10′b	1	x[	
746	KUB 28.32	Vs. r. Kol. 11′b	1	[x[	
746	KUB 28.32	Vs. r. Kol. 12′b	1	[x[	
746	KUB 28.32	Vs. r. Kol. 13′b	1	[x[	
746	KUB 28.32	Rs. lk. Kol. 1	3	[[ [ x-ta-ni-ma-šu-ul-lu	
746	KUB 28.34	Vs. r. Kol. 1	1	]-il	
746	KUB 28.34	Vs. r. Kol. 2	1	]-il	
746	KUB 28.34	Vs. r. Kol. 3	1	-t]e-pí-il	
746	KUB 28.34	Vs. r. Kol. 4	1	-zi-i]p-te-pí-il	
746	KUB 28.34	Vs. r. Kol. 5	1	-zi-i]p-te-pí-il	
746	KUB 28.34	Vs. r. Kol. 6	1	-zi]-ip-te-pí-il	
746	KUB 28.34	Vs. r. Kol. 7	1	]-i	
746	KUB 28.34	Vs. r. Kol. 8	1	]-i	
746	KUB 28.34	Vs. r. Kol. 9	1	]-x-un	
746	KUB 28.34	Vs. r. Kol. 10	1	]-x	
746	KUB 28.41	r. Kol. 1′	2	ka-x-x-x[ [¬¬¬	
746	KUB 28.41	r. Kol. 2′	2	[ma-a-at [x[	
746	KUB 28.41	r. Kol. 3′	1	[i-ip-zi-iḫ-x[	
746	KUB 28.41	r. Kol. 4′	1	[le-e-eš-ḫa-w[a-ap	
746	KUB 28.41	r. Kol. 5′	1	[li-te-wu-u[š-ne	
746	KUB 28.41	r. Kol. 6′	2	[li-ḫa-a-ti [k[i-	
746	KUB 28.41	r. Kol. 7′	3	[x x ši-m[i	
746	KUB 28.42	Vs. lk. Kol. 1′	4	[ [ x [	
746	KUB 28.42	Vs. lk. Kol. 2′	4	[[ [ x-ul-wi [	
746	KUB 28.42	Vs. lk. Kol. 3′	3	[[ [ [-a]l-wa-la-at-[	
746	KUB 28.42	Vs. lk. Kol. 4′	4	[[ [ [-n]u-ú-ḫu-pa-ma [	
746	KUB 28.42	Vs. lk. Kol. 5′	1	[pu-ut-ta-a-ḫu-wu-e(-)[	
746	KUB 28.42	Vs. lk. Kol. 6′	2	[kat+te-e [wa-ri-ia-x[	
746	KUB 28.42	Vs. lk. Kol. 7′	2	[a-wa-am-mi-iš [ši-[	
746	KUB 28.42	Vs. lk. Kol. 8′	2	[ip-ḫa-a-ak-ki-iš [[	
746	KUB 28.42	Vs. lk. Kol. 9′	2	[ip-za-a-pu [at-t[u	
746	KUB 28.42	Vs. lk. Kol. 10′	3	[[l]i-it-tu-ti 〈〈x x〉〉[	
746	KUB 28.42	Vs. lk. Kol. 11′	4	[[ x-a-x[ [ x[	
746	KUB 28.43	Vs. 1′	4	[ [ -ir-pí-ia l[i-	
746	KUB 28.43	Vs. 2′	4	[[ [ -un-pa-li taḫ-š[a-	
746	KUB 28.43	Vs. 3′	1	[a-wa-a-an-pí-le-e-et-tu-[	
746	KUB 28.43	Vs. 4′	3	[tu-u-uḫ-za [tu-ú-da-nu [t[a-	
746	KUB 28.43	Vs. 5′	4	[[ -i-in pát-ḫu-u-ul ti-tu-x[	pát-ḫu-u-ul
746	KUB 28.43	Vs. 6′	4	[[ [ x-i-e-eš iš-ta-al-ma-a[t	
746	KUB 28.43	Vs. 7′	6	[[ [ x[ [ [p]a-li ma-a-aš-ḫu-u-l[i	
746	KUB 28.43	Vs. 8′	4	[[ [ -ni eš-ta-[wa-ar	
746	KUB 28.43	Vs. 9′	3	[[ [ eš-ta-w[a-ar	
746	KUB 28.43	Vs. 10′	3	[[ [ [eš-t]a-w[a-ar	
746	KUB 28.44	Vs.(?) r. Kol. 1′	3	[ [ x[	
746	KUB 28.44	Vs.(?) r. Kol. 2′	4	[[ [ x ša-i-i[l	
746	KUB 28.44	Vs.(?) r. Kol. 3′	4	[[ [ -x-at ka-az-zu-e-m[a-aḫ	
746	KUB 28.44	Vs.(?) r. Kol. 4′	4	[[ [ wa-ḫa-ak-ka-aš-šu-ut-ti ḫa-x[	wa-ḫa-ak-ka-aš-šu-ut-ti
746	KUB 28.44	Vs.(?) r. Kol. 5′	4	[[ [ [w]a-te-ri-ip-nu-ut wa-te-ri-i[p-nu-ut	
746	KUB 28.44	Vs.(?) r. Kol. 6′	6	[[ [ (-)ka-az-zi-iḫ wa-k[a- [ x[	
746	KUB 28.44	Vs.(?) r. Kol. 7′	3	[[ [ [	
746	KUB 28.44	Vs.(?) r. Kol. 8′	3	[[ [ x[	
746	KUB 28.44	Rs.(?) r. Kol. 1′	4	[[ [ x x[	
746	KUB 28.44	Rs.(?) r. Kol. 2′	3	[nu-x[ [ -ú-pí-x[	
746	KUB 28.44	Rs.(?) r. Kol. 3′	2	[ma-a [zi-pu-ni-x[	
746	KUB 28.44	Rs.(?) r. Kol. 4′	4	[[ [ x-tu x[	
746	KUB 28.44	Rs.(?) r. Kol. 5′	3	[[ [ x[	
746	KUB 28.44	Rs.(?) r. Kol. 6′	3	[[ [ x[	
746	KUB 28.44	Rs.(?) r. Kol. 7′	3	[[ [ [t]i-nu-ú[	
746	KUB 28.46	Vs.? r. Kol. 1′	4	[ [ -aḫ-za n[i	
746	KUB 28.46	Vs.? r. Kol. 2′	4	[[ [ x-ia l[i-	
746	KUB 28.46	Vs.? r. Kol. 3′	4	[[ [ [-ḫ]u-li tu-ú-[	
746	KUB 28.46	Vs.? r. Kol. 4′	5	[[ [ [te-eš-t]e-ep-ta ta-aš-ku-ut-ti x[	ta-aš-ku-ut-ti
746	KUB 28.46	Vs.? r. Kol. 5′	4	[[ [ [te-e]š-te-ep-ḫa da-a-ḫa-an-t[i	
746	KUB 28.46	Vs.? r. Kol. 6′	4	[[ [ [t]e-eš-te-ep-ta da-a-ḫa-[an-ti	
746	KUB 28.46	Rs.? r. Kol. 1′	3	[[ [ (-)li-li-x[	
746	KUB 28.46	Rs.? r. Kol. 2′	3	[[ [ [l]e-e(-)pu-ru-uš-x[	
746	KUB 28.46	Rs.? r. Kol. 3′	4	[[ [ x a-a-an-pí-l[e-	
746	KUB 28.47	r. Kol. 1′	1	]-a-ru	
746	KUB 28.47	r. Kol. 2′	1	w]a-ar	wa-ar
746	KUB 28.47	r. Kol. 3′	1	]-wa	
746	KUB 28.47	r. Kol. 4′	2	]x li-a-li-wu	li-a-li-wu
746	KUB 28.47	r. Kol. 5′	2	]x-a-pí-še-el za-an-na-ar-pa-al	za-an-na-ar-pa-al
746	KUB 28.47	r. Kol. 6′	1	]-at	
746	KUB 28.47	r. Kol. 7′	2	]x-ru ša-ap-we	ša-ap-we
746	KUB 28.47	r. Kol. 8′	2	wa-aš-ḫa-w]u-un a-aš-ka-i-e-li	wa-aš-ḫa-wu-un a-aš-ka-i-e-li
746	KUB 28.47	r. Kol. 9′	1	]-aš	
746	KUB 28.47	r. Kol. 10′	3	]x[ [ x[	
746	KUB 28.47	r. Rd. 1′	2	[ x	
746	KUB 28.47	r. Rd. 2″	1	]x	
746	KUB 28.48	Vs. lk. Kol. 1	2	a-wa-am-pí-i-nu-u l[i-	a-wa-am-pí-i-nu-u
746	KUB 28.48	Vs. lk. Kol. 2	3	[ki-i-ip-wa-eš [pa-a-ma [x-[	
746	KUB 28.48	Vs. lk. Kol. 3	3	[ki-i-ip-wa-eš [pa-a-ma [tu-[	
746	KUB 28.48	Vs. lk. Kol. 4	3	[ki-i-ip-wa-eš [pa-a-ma [a[t-	
746	KUB 28.48	Vs. lk. Kol. 5	3	[ti-i-ma [ú-a-an [ga-[	
746	KUB 28.48	Vs. lk. Kol. 6	3	[se-e-et [ku-ḫu-ú-un [[	
746	KUB 28.48	Vs. lk. Kol. 7	3	[se-e-et [ku-ḫu-ú-un [[	
746	KUB 28.48	Vs. lk. Kol. 8	3	[i-da-a [te-tu-ú-uk [ḫ[a-	
746	KUB 28.48	Vs. lk. Kol. 9	2	[i-da-a-wa [le-e-el-lu-w[a-	
746	KUB 28.48	Vs. lk. Kol. 10	2	[gi-iz-ḫa-a(-)ša-a-i-il [x-[	
746	KUB 28.48	Vs. lk. Kol. 11	2	[ḫa-a-i-wa-pí [wa-aḫ-zé-x[	
746	KUB 28.48	Vs. lk. Kol. 12	3	[eš-ša-a-an-tu [un-nu-ú-ut-ḫu [[	
746	KUB 28.48	Vs. lk. Kol. 13	3	[za-a-ri-i-iš [pa-an [ú-nu-u[t	
746	KUB 28.48	Vs. lk. Kol. 14	3	[za-a-ri-i-iš [pa-a-ma [se-e-[et	
746	KUB 28.48	Vs. lk. Kol. 15	3	[[ x-zu-e-el-la-ma-a x-[	
746	KUB 28.48	Vs. lk. Kol. 16	4	[[ [ [se]-e-et gi-zé-e-eḫ-[	
746	KUB 28.48	Vs. lk. Kol. 17	4	[[ [ [se]-e-et gi-zé-e-[eḫ-	
746	KUB 28.48	Vs. lk. Kol. 18	3	[[i-da]-a te-tu-ú-uk [	te-tu-ú-uk
746	KUB 28.48	Vs. lk. Kol. 19	6	[[ [ x[ [ x x[	
746	KUB 28.49	Vs. r. Kol. 1′	3	[ [ -x-ú-e	
746	KUB 28.49	Vs. r. Kol. 2′	3	[ [ x-li-ka-ra-mu	
746	KUB 28.49	Vs. r. Kol. 3′	3	[ [ -nu	
746	KUB 28.49	Vs. r. Kol. 4′	3	[ [ -li	
746	KUB 28.49	Vs. r. Kol. 5′	4	[ [ x-li ma-a(-)eš-te-ep-ta-nu-ia-at-t[e	
746	KUB 28.49	Vs. r. Kol. 6′	3	[[ [ -u	
746	KUB 28.49	Vs. r. Kol. 7′	3	[ [ -a	
746	KUB 28.49	Vs. r. Kol. 8′	3	[ [ -li	
746	KUB 28.49	Rs. r. Kol. 1	3	[ [ -x-zi-nu-ni-iš-ḫa-wu	
746	KUB 28.49	Rs. r. Kol. 2	3	[ [ x-al-ma-ia-li-i-zi-nu	
746	KUB 28.49	Rs. r. Kol. 3	4	[ [ -ma le-e-a-li-wu	le-e-a-li-wu
746	KUB 28.49	Rs. r. Kol. 4	3	[ [ x-e	
746	KUB 28.49	Rs. r. Kol. 5	3	[ [ -nu	
746	KUB 28.49	Rs. r. Kol. 6	3	[ [ -x-at-ta-a-pu	
746	KUB 28.49	Rs. r. Kol. 10′	3	[ [ x-kán-ti	
746	KUB 28.49	Rs. r. Kol. 11′	3	[ [ x	
746	KUB 28.50	1′	1	]x-aḫ-z[i	
746	KUB 28.50	2′	2	[ x-zi-il(-)[	
746	KUB 28.50	3′	2	[ [-i]l	
746	KUB 28.50	4′	2	-r]a-ma [	
746	KUB 28.50	5′	3	[ -ú-ul ma-a[z-	
746	KUB 28.50	6′	3	[ -AḪ-ma-ša-aš x[	
746	KUB 28.50	7′	2	[ [-a]t-ma(-)š[a-	
746	KUB 28.50	8′	3	[ [-l]u-u wa-lu(-)[	
746	KUB 28.50	9′	3	[ x wa-a-x[	
746	KUB 28.50	10′	5	[ x[ [ x x[	
746	KUB 28.50	11′	2	[ x[	
746	KUB 28.51	r. Kol. 1′	5	[ [ -x z[i- [	
746	KUB 28.51	r. Kol. 2′	4	[ [ [k]a-an te-du-ú-ut-ḫu-[ru-up]	
746	KUB 28.51	r. Kol. 3′	4	[ [ (-)ḫa-du-up li-ia-li-i[p	
746	KUB 28.51	r. Kol. 4′	4	[ [ [g]a-ni-u la-ma-a(-)at-ta-na-a	la-ma-aat-ta-na-a
746	KUB 28.51	r. Kol. 5′	5	[ [ x la-ma-a ta-a-aš-ti-pu-zi-il-x	la-ma-a
746	KUB 28.51	r. Kol. 6′	4	[ [ [w]a a-aš-ḫa-an-tu-wa-at-ta-pí	a-aš-ḫa-an-tu-wa-at-ta-pí
746	KUB 28.51	r. Kol. 7′	8	[ [ [ḫ]a ka-an(-)x x x x [ [	
746	KUB 28.51	r. Kol. 8′	5	[ [ x [ [	
746	KUB 28.54	lk. Kol. 1′	4	[ [ -ú-wa-aḫ [	
746	KUB 28.54	lk. Kol. 2′	2	[li-i-ip-ma [[	
746	KUB 28.54	lk. Kol. 3′	1	[pé-el-la-ḫa-nu(-)e(-)[	
746	KUB 28.54	lk. Kol. 4′	2	[i-ta-a-pa [su-[	
746	KUB 28.54	lk. Kol. 5′	2	[i-ta-a [ti-du-up-ḫa-x[	
746	KUB 28.54	lk. Kol. 6′	2	[[p]í-il-lu-u(-)la-ma-a [	
746	KUB 28.54	lk. Kol. 7′	4	[[ [ x-a-a-aš-tu-uḫ [	
746	KUB 28.54	lk. Kol. 8′	5	[[ [ x-aḫ-zi la-ma [	la-ma
746	KUB 28.54	lk. Kol. 9′	5	[[ [ x[ x x[	
746	KUB 28.55	Vs. r. Kol. 1	2	ma-a ḫa-ú-wa-[	ma-a
746	KUB 28.55	Vs. r. Kol. 2	2	[le-e-ku-u-mu [x[	
746	KUB 28.55	Vs. r. Kol. 3	2	[ka-a-na-ḫu-u [[	
746	KUB 28.55	Vs. r. Kol. 4	2	[x-ti-e-mu-ul [[	
746	KUB 28.55	Vs. r. Kol. 5	1	[ta-ap-zé-eḫ-x[	
746	KUB 28.55	Vs. r. Kol. 6	2	[zé-ri-i-il [x[	
746	KUB 28.55	Vs. r. Kol. 7	2	[te-e-et [te-x[	
746	KUB 28.55	Vs. r. Kol. 8	1	[i-ia-aḫ-šu-u[l	
746	KUB 28.55	Vs. r. Kol. 9	1	[ma-a(-)le-e-[	
746	KUB 28.55	Vs. r. Kol. 10	1	[x-ku-un-ap-[	
746	KUB 28.56	1′	4	-ḫ]a-wa-[ [ x x[	
746	KUB 28.56	2′	4	[ x la-a-ma [	la-a-ma
746	KUB 28.56	3′	3	[ (-)ḫu-u-ri-i-iš x[	
746	KUB 28.56	4′	3	[ -a-ma Dwa-ši-x[	
746	KUB 28.56	5′	4	[ -ú ḫa-ga-a-an-na-aš [	ḫa-ga-a-an-na-aš
746	KUB 28.56	6′	4	[ [-z]i-il ma-a ḫa-an-x[	ma-a
746	KUB 28.56	7′	2	[ x(-)na-pé-e-x[	
746	KUB 28.56	8′	3	[ (-)ma-a x[	
746	KUB 28.57	Vs. lk. Kol. 1′	3	[ [ x[	
746	KUB 28.57	Vs. lk. Kol. 2′	1	[ka-x-[	
746	KUB 28.57	Vs. lk. Kol. 3′	1	[zi-i[k-	
746	KUB 28.57	Vs. lk. Kol. 4′	1	[te-t[u-	
746	KUB 28.57	Vs. lk. Kol. 5′	1	[tu-uḫ-ḫ[a-	
746	KUB 28.57	Vs. lk. Kol. 6′	1	[ḫa-an-w[a(-)	
746	KUB 28.57	Rs. lk. Kol. 1′	1	[x[	
746	KUB 28.57	Rs. lk. Kol. 2′	1	[ta-aḫ-[	
746	KUB 28.57	Rs. lk. Kol. 3′	2	[ma-a [ta-ba-a[r-na	
746	KUB 28.57	Rs. lk. Kol. 4′	2	[eš-ḫa-a-i-ip-pu-le-e [[	
746	KUB 28.57	Rs. lk. Kol. 5′	2	[eš-ta-nu-nu-ma-ma [pu-[	
746	KUB 28.57	Rs. lk. Kol. 6′	2	[[eš-k]a-a-al-la-ma-an-nu [	
746	KUB 28.57	Rs. lk. Kol. 7′	4	[[ [ [ta]-ba-ar-na-an le-e-x-[	
746	KUB 28.57	Rs. lk. Kol. 8′	3	[[ [ [eš-k]a-a-al-la-ma-an-n[u	
746	KUB 28.57	Rs. lk. Kol. 9′	4	[[ [ [ta-ba]-ar-na-an [	
746	KUB 28.57	Rs. lk. Kol. 10′	3	[[ [ x[	
746	KUB 35.154	lk. Kol. 1′a	1	-p]í	
746	KUB 35.154	lk. Kol. 2′a	2	]-wa 〈〈x〉〉	
746	KUB 35.154	lk. Kol. 3′a	1	]x-wa	
746	KUB 35.154	lk. Kol. 4′a	1	]-ḫu	
746	KUB 35.154	lk. Kol. 5′a	1	]x-in	
746	KUB 35.154	lk. Kol. 6′a	1	]x-ti	
746	KUB 35.154	lk. Kol. 7′a	1	]x-ti	
746	KUB 35.154	lk. Kol. 8′a	2	]x x	
746	KUB 35.154	r. Kol. 1′b	4	[ [ x x[	
746	KUB 35.154	r. Kol. 2′b	1	[ma-a-du-[	
746	KUB 35.154	r. Kol. 3′b	2	[ma-a [x[	
746	KUB 35.154	r. Kol. 4′b	1	[wa-aḫ-x[	
746	KUB 35.154	r. Kol. 5′b	1	[wa-aḫ-x[	
746	KUB 35.154	r. Kol. 6′b	1	[eš-x[	
746	KUB 35.154	r. Kol. 7′b	1	[x[	
772	KUB 17.33+	 {€3} Vs. 31	1	[a-ḫa]-a	
792	KBo 1.12	Rs.! lk. Kol. 7′	1	[a-ḫa-a	
820	KUB 28.74	Vs., r. Kol. 5′	4	] Dḫa-am-ma-an-ni-i Dma-am-ma DUTU-un	ḫa-am-ma-an-ni-i ma-am-ma
820	KUB 28.74	Vs., r. Kol. 6′	3	NINDA.GU]R₄.RA Dta-ḫa-ru-u-ul Dme-ez-zu-ul-la	ta-ḫa-ru-u-ul me-ez-zu-ul-la
820	KUB 28.74	Vs., r. Kol. 7′	3	] Dte-ni-ra-i-ú Dte-te-pí-ri-a-an	te-ni-ra-i-ú te-te-pí-ri-a-an
820	KUB 28.74	Vs., r. Kol. 8′	3	-l]i-šu-me-iš DUTU-an a-an-ta-ti-ul	a-an-ta-ti-ul
820	KUB 28.74	Vs., r. Kol. 9′	2	t]a-ba-ar-na a-an-ta-te-ul	ta-ba-ar-na a-an-ta-te-ul
820	KUB 28.74	Vs., r. Kol. 10′	4	]x x(-)pí-ri-iš D[ [	
820	KUB 28.74	Rs., r. Kol. 1′	3	] le-en-te-el ta-ba-ar-na	le-en-te-el ta-ba-ar-na
820	KUB 28.74	Rs., r. Kol. 2′	2	]-ta-e-et ḫa-a-i-pí-na-am-mu-ul	ḫa-a-i-pí-na-am-mu-ul
820	KUB 28.74	Rs., r. Kol. 3′	2	]x-i-te-iš ḫa-pal-ki-an	ḫa-pal-ki-an
820	KUB 28.74	Rs., r. Kol. 4′	3	]x-a li-ni-ma-aḫ wa-pa-aḫ-šu-ul	li-ni-ma-aḫ wa-pa-aḫ-šu-ul
820	KUB 28.74	Rs., r. Kol. 5′	3	]-a te-wu-ur ta-ga-e-et	te-wu-ur ta-ga-e-et
820	KUB 48.15	Vs. 7	2	]x up-pí-i[n(-)	
820	KUB 48.15	Vs. 8	1	]-in-ni	
820	KUB 48.15	Vs. 9	4	]x ka-az-m[e- [ x-x	
820	KUB 48.15	Vs. 10	1	]x-ti-ni	
820	KUB 48.15	Vs. 11	2	-a]ḫ wu-uḫ-ne-et-ti-in-ni	wu-uḫ-ne-et-ti-in-ni
820	KUB 48.15	Vs. 12	1	]-un	
820	KUB 48.15	Vs. 13	1	]DUTU-an	
820	KUB 48.15	Vs. 14	2	-i]l ta-ta-e-et	ta-ta-e-et
820	KUB 48.15	Vs. 15	1	(-)p]í-na-am-mu-ul	pí-na-am-mu-ul
820	KUB 48.15	Vs. 16	2	] ḫa-pal-ki-an	ḫa-pal-ki-an
820	VSNF 12.17	14′	6	[[ [ -i-in le-eš-te-eš DUTU-an a-an-ta-[ti-ul	le-eš-te-eš
820	VSNF 12.17	15′	2	[ [	
821	KUB 48.13	Vs. 13′	2	] te-tu-uḫ-wa-ta-il	te-tu-uḫ-wa-ta-il
821	KUB 48.13	Vs. 14′	3	]x-ḫi-il ta-ba-ar-na LÚDUB.SAR	ta-ba-ar-na
821	KUB 48.13	Vs. 17′	2	-m]a ḫa-a-ti-e-x[	
821	KUB 48.13	Vs. 18′	4	[ x x x[	
831	KBo 59.188	1′	2	]x-wi-ú x[	
831	KBo 59.188	2′	1	ka-ú-pé-e[n(-)	
831	KBo 59.188	3′	2	[ x-ḫa-aš-ta(-)[	
831	KBo 59.188	4′	3	[ x-ú-e [	
831	KBo 59.188	5′	2	[ x-x[	
832	FHL 128	r. Kol. 2′	1	[ta-ḫ[a-	
832	FHL 128	r. Kol. 3′	1	[SILA₄-x[	
832	FHL 128	r. Kol. 4′	1	[pí-[	
