{
  "substrate_pool": "eteocretan",
  "control_pool": "control_eteocretan_bigram",
  "lm": "etruscan",
  "lm_label": "Etruscan",
  "n_substrate_top": 20,
  "n_control_top": 20,
  "median_substrate_top": 0.9378205128205128,
  "median_control_top": 0.8991687192118227,
  "median_gap": 0.03865179360869009,
  "mean_substrate_top": 0.9424358974358974,
  "mean_control_top": 0.8927499659371406,
  "mean_gap": 0.049685931498756775,
  "mw_u_substrate": 291.5,
  "mw_p_one_tail": 0.00669792035716088,
  "gate": "PASS"
}